Company,City,Affected Workers,Notice Date,LO/CL Date,NAICS,Description of work,Notice Type
Sodexo,Westfield,66,5/27/20,7/1/20,561720,Janitorial Services,CL
"Daramic, LLC",Corydon,74,6/1/20,6/30/21,326113,Unlaminated Plastics Film and Sheet (except Packaging) Manufacturing,CL
"Strick Trailers, LLC",Monroe,174,5/6/20,7/6/20,336999,All Other Transportation Equipment Manufacturing,LO
Boyd Gaming Corporation dba Belterra Casino Resort,Florence,516,5/22/20,7/14/20,713210,Casinos (except Casino Hotels),LO
Boyd Gaming Casino dba Blue Chip Casino Hotel Spa,Michigan City,606,5/22/20,7/14/20,713210,Casinos (except Casino Hotels),LO
Exide Technologies,Muncie,179,5/19/20,7/21/20,33141000,Nonferrous Metal (except Aluminum) Smelting and Refining,CL
White Lodging Services Corporation,Merrillville,100,5/20/20,5/29/20,721110,Hotels (except Casino Hotels) and Motels,LO
"COX Automotive
(Carmel, Clarksville and Indianapolis)","Carmel, Clarksville and Indianapolis",263,5/8/20,5/17/20,423110,Automotive and Other Motor Vehicle Merchant Wholesale,LO
KM Plant Services,Highland,67,4/24/20,4/24/20,493,Warehousing and Storage,LO
American Woodmark Corporation,Gas City,5,5/1/20,5/1/20,33711000,Wood Kitchen Cabinet and Countertop Manufacturing,LO
"United States Steel Corporation
Gary and Portage",Gary and Portage,"3,765",5/1/20,5/3/20,23891000,Site Preparations Contractors,LO
"Caesars Riverboat Casino, LLC",Elizabeth,"1,161",4/29/20,3/30/20,713210,Casinos (except Casino Hotels),CL
ArcelorMittal USA LLC dba I/N Tek LP,New Carlisle,18,4/29/20,4/26/20,332813,"Electroplating, Plating, Polishing, Anodizing, and Coloring",LO
"Allison Transmission, Inc.
Revised (5/21/20)",Indianapolis,427,4/23/20,5/4/20,336350,Motor Vehicle Transmission and Power Train Parts Manufacturing,LO
"Hoosier Park, LLC dba Harrah’s Hoosier Park Racing and Casino",Anderson,998,4/29/20,3/16/20,71321000,Casinos (except Casino Hotels),CL
ArcelorMittal USA LLC dba North America Segment,East Chicago,3,4/28/20,5/8/20,331110,Iron and Steel Mills and Ferroalloy Manufacturing,CL
Parkhurst Dining Services,"Valparaiso, Franklin and Hanover",365,4/17/20,3/30/20,722310,Food Service Contractors,LO
"Horseshoe Hammond, LLC",Hammond,"1,693",4/28/20,3/16/20,45112000,"Hobby, Toy, and Game Stores",CL
Hendrickson USA,Lebanon,129,4/27/20,5/1/20,33639000,Other Motor Vehicle Parts Manufacturing,LO
"Dental Arts Laboratories, Inc.
Additional Documents
			(Locations and Positions)",Lafayette and Indianapolis,14,4/27/20,3/31/20,339116,Dental Laboratories,CL
"OS Restaurant Services, LLC","Merrillville, Mishawaka, Fort Wayne, Kokomo, Greenwood, Muncie, Terre Haute, Bloomington, Clarksville, Evansville and Indianapolis","1,448",4/27/20,4/27/20,72251100,Full Service Restaurants,LO
"Visionworks
Location List","Highland, Merrillville, Lafayette, Avon, Carmel, Fishers, Greenwood, Terre Haute, Bloomington, Clarksville, New Albany, Evansville and Indianapolis",125,4/24/20,4/4/20,4461300,Optical Goods Store,CL
"Centaur Acquisition, LLC dba Indiana Grand Racing & Casino",Shelbyville,"1,126",4/24/20,4/1/20,713210,Casinos (except Casino Hotels),LO
"Enterprise Holdings
Additional Documents
			(Doc 1, Doc 2, Doc 3, Doc 4, Doc 5, & Doc 6)",Mishawaka and Indianapolis,452,4/23/20,3/23/20,53211100,Passenger Car Rental,LO
Kosciusko Community YMCA,Warsaw,300,4/23/20,4/23/20,62411000,Child and Youth Services,LO
"PK USA, Inc.",Shelbyville,483,4/20/20,4/27/20,336370,Motor Vehicle Metal Stamping,LO
Adelta Logis Inc.,Indianapolis,114,4/22/20,4/22/20,541614,"Process, Physical Distribution, and Logistics Consulting Services",LO
SMC Acquisition Corp,Bristol,30,4/20/20,4/17/20,336214,Travel Trailer and Camper Manufacturing,LO
Lakota Corporation,Bristol,37,4/20/20,4/17/20,42311000,Automobile and Other Motor Vehicle Merchant Wholesalers,LO
Leggett & Platt dba No-Sag Products,Kendallville,95,4/14/20,4/17/20,33261300,Spring Manufacturing,LO
Leggett & Platt dba Merit Steel Company,Kouts,81,4/13/20,3/26/20,332618,Other Fabricated Wire Product Manufacturing,LO
ArcelorMittal dba Mittal Steel Railways,Burns Harbor,5,4/19/20,4/19/20,331110,Iron and Steel Mills and Ferroalloy Manufacturing,LO
Klipsch Group Inc.,Indianapolis,18,4/16/20,4/6/20,42369000,Other Electronic Parts and Equipment Merchant Wholesalers,LO
"ArcelorMittal USA dba ArcelorMittal Indiana Harbor
Revised (4/27/20)
			Revised (5/28/20)",East Chicago,647,4/18/20,4/12/20,331110,Iron and Steel Mills and Ferroalloy Manufacturing,CL
Westfield Steel Inc.,Westfield and Terre Haute,40,4/17/20,4/15/20,423510,Metal Service Centers and Other Metal Merchant - US Industry,LO
Pokagon Gaming Authority dba Four Winds Casinos,South Bend,414,4/13/20,4/13/20,7132100,Casinos (except Casino Hotels),LO
"Gibson County Coal, LLC",Owensville,117,4/15/20,4/26/20,212112,Bituminous Coal Underground Mining,LO
Flex-N-Gate Corporation,Covington,300,4/2/20,4/13/20,336111,Automobile Manufacturing,LO
"ArcelorMittal USA, Inc.",East Chicago,33,4/13/20,4/12/20,331110,Iron and Steel Mills and Ferroalloy Manufacturing,CL
"ArcelorMittal USA, LLC dba ArcelorMittal Burns Harbor
Revised (4/21/20)
			Revised (4/29/20)",Burns Harbor,472,4/13/20,4/12/20,331110,Iron and Steel Mills and Ferroalloy Manufacturing,CL
"Polaris Boats, LLC",Syracuse,100+,4/13/20,7/14/20,336611,Ship Building and Repairing,CL
Agrati,Valparaiso,51,4/8/20,4/13/20,332722,"Bolt, Nut, Screw, Rivet, and Washer Manufacturing",LO
Wildman Business Group,Warsaw,48,4/10/20,4/13/20,812331,Linen Supply,LO
Hendrickson,Kendallville,103,4/9/20,4/13/20,332,Fabricated Metal Product Manufacturing,CL
"Leggett & Platt, Inc dba L&P Springs Manufacturing, LLC",Rensselaer,139,4/2/20,4/3/20,337910,Mattress Manufacturing,LO
"Jim’s Formal Wear, LLC
Revised (5/27/20)",Anderson,0,3/31/20,3/20/20,424320,Men's and Boys' Clothing and Furnishings Merchant Wholesalers,CL
"Fire King Commercial Services, LLC & Fire King Security Products, LLC",New Albany,39,3/24/20,3/26/20,42361000,"Electrical Apparatus and Equipment, Wiring Supplies, and Related Equipment Merchant Wholesalers",LO
"Aztar Indiana Gaming Co., LLC dba Tropicana Evansville",Evansville,529,4/7/20,4/11/20,713210,Casinos (except Casino Hotels),LO
Manchester Tank & Equipment Company,Bedford,117,4/7/20,9/30/20,332420,Metal Tank (Heavy Guage) Manufacturing,CL
"Hooters of America, LLC","Merrillville, Schererville, Portage, Mishawaka, Lafayette, Clarksville, Jeffersonville, Evansville and Indianapolis",502,3/23/20,3/20/20,72251100,Full Service Restaurants,LO
Master Guard,Veedersburg,680,4/2/20,4/2/20,336211,Motor Vehicle Body Manufacturing,LO
"Asbury Automotive Group
Additional Documents
			(Doc 1, Doc 2, Doc 3, Doc 4, Doc 5, Doc 6, & Doc 7)

			Revised
			(Doc 1, Doc 2, Doc 3, Doc 4, Doc 5, & Doc 6)","Avon, Brownsburg, Indianapolis, Lebanon and Noblesville",254,4/3/20,4/3/20,423110,Automobile and Other Moter Vehicle Merchant Wholesalers,LO
"ZF Active Safety & Electronics US LLC
Revised (4/17/20)",Lafayette,326,4/3/20,4/13/20,33639000,Other Motor Vehicle Parts Manufacturing,CL
Sodexo,Westfield,68,3/31/20,6/1/20,561720,Janitorial Services,CL
Plycem USA LLA dba Allura,Terre Haute,83,4/3/20,6/2/20,342122,Asphalt Shingle and Coating Materials Manufacturing,LO
"Areas USA IND, LLC",Indianapolis,70,4/2/20,4/2/20,722511,Full- Service Restaurants,LO
PSI Molded Plastics,South Bend,55,4/2/20,4/2/20,333220,Plastics and Rubber Industry Machinery Manufacturing,LO
"Delphi Production, Inc,. dba Group Delphi",Roanoke,54,4/2/20,4/1/20,339950,Sign Manufacturing,"CL
			(Corrected)"
Benihana National Corp,Indianapolis,33,4/1/20,3/22/20,72251100,Full Service Restaurants,LO
"Carter Fuel Systems, LLC",Logansport,128,4/1/20,4/1/20,336390,Other Motor Vehicle Parts Manufacturing,LO
Alsco Inc.,Indianapolis,72,3/26/20,4/3/20,812331,Linen Supply,CL
"Cinemark USA, Inc.","Valparaiso, Mishawaka and Indianapolis",150,3/26/20,3/26/20,51213100,Motion Picture Theaters (except Drive-Ins),LO
"Busche Performance Group
Revised (4/28/20)","Albion, Avilla & Franklin",450,3/26/20,3/31/20,332710,Machine Shops,LO
"Autoform Tool & Mfg., LLC",Angola,240,3/31/20,4/3/20,33639000,Other Motor Vehicle Parts Manufacturing,LO
"Collegiate Hotel Group, LLC",Bloomington,53,3/23/20,3/16/20,7211,Hotel (Except Casino Hotel) and Motel,LO
"Three Floyds Brewpub, LLC",Munster,49,3/30/20,3/31/20,42449000,Other Grocery and Related Products Merchant Wholesaler,LO
"Three Floyds Distilling, LLC",Munster,8,3/30/20,3/31/20,312140,Distilleries,LO
"NHK Seating of America, LLC",Frankfort,883,3/28/20,4/7/20,33639000,Other Motor Vehicle Parts Manufacturing,LO
HMS Host,Indianapolis,89,3/27/20,4/1/20,722310,Food Service Contractors,LO
Paper Source,Indianapolis,12,3/27/20,3/29/20,42411000,Printing and Writing Paper Merchant Wholesalers,LO
"Coastal Credit, LLC",Indianapolis,127,3/23/20,5/26/20,52,Finance and Insurance,LO
Benteler,Goshen,162,3/23/20,4/13/20,336370,Motor Vehicle Metal Stamping,LO
"Gaming Entertainment, LLC dba Rising Star Casino Resort",Rising Sun,407,3/26/20,3/31/20,713210,Casinos (except Casino Hotels),CL
"Gaming Entertainment, LLC dba Rising Star Ferry",Rising Sun,10,3/26/20,3/31/20,483211,Inland Water Freight Transportation,CL
BWI Group,Greenfield,336,3/26/20,3/24/20,336111,Automobile Manufacturing,LO
"Image One, LLC
Revised (4/15/20)",McCordsville,101,3/23/20,3/18/20,339950,Sign Manufacturing,LO
"Prestige Maintenance USA, LP","Highland, Merrillville, Michigan City, Portage, Valparaiso, Elkhart, Goshen, Mishawaka, South Bend, Warsaw, Angola, Fort Wayne, Kokomo, Lafayette, Greenwood, Noblesville, Plainfield, Muncie, Richmond, Terre Haute, Jasper, Vincennes, Marion",69,3/25/20,3/19/20,561720,Janitorial Services,LO
Hilton Garden Inn South Bend,South Bend,88,3/25/20,3/27/20,722111000,Hotels (except Casino Hotels) and Motels,LO
"Haynes International, Inc.",Kokomo,392,3/19/20,3/22/20,333516,Machine Tool (Metal Cutting Types) Manufacturing,LO
"LM Corporation, Inc.",Goshen,10,3/24/20,3/23/20,4841,General Freight Trucking,LO
"GDC, Inc.","Goshen
			Elkhart",293,3/24/20,3/24/20,326,Plastics and Rubber Products Manufacturing,LO
Driven Brands dba Take 5 Oil Change,"Lawrenceburg,
			Merrillville,
			Valparaiso &
			Crown Point",34,3/23/20,3/22/20,811191,Automotive Oil Change and Lubrication Shops,LO
Facility Concepts Inc.,Whitestown,75,3/24/20,3/23/20,23611800,Residential Remodelers,LO
"Double Tree by Hilton South Bend
(Furlough Count by Position)

			Revised (3/26/20 Notice & Positions)
			(5/7/20 Notice & Positions)
			(5/21/20)",South Bend,63,3/23/20,3/20/20,722511,Full-Service Restaurants,LO
"Cameron Mitchell Restaurant, LLC",Indianapolis,90,3/23/20,3/31/20,722511,Full-Service Restaurants,LO
"Calimira, LLC dba Rusty Bucket Restaurant & Tavern

			(Locations)",Indianapolis,65,3/23/20,3/31/20,72251100,Full-Service Restaurants,LO
"Indianapolis Marriott East
Revised (5/27/20)",Indianapolis,112,3/22/20,3/23/20,711410,"Agents and Managers for Artists, Athletes, Entertainers, and Other Public Figures",LO
"Double Tree Evansville
Revised (5/27/20)",Evansville,83,3/22/20,3/25/20,72111000,Hotels (except Casino Hotels) and Motels,LO
Le Meridien Indianapolis,Indianapolis,33,3/22/20,3/23/20,721110,Hotels (except Casino Hotels) and Motels,LO
Mitchell Plastics,Charlestown,380,3/20/20,4/3/20,326199,All Other Plastics Product Manufacturing,LO
"Sheraton Indianapolis at Keystone Crossing
Revised (5/27/20)",Indianapolis,80,3/19/20,3/19/20,721110,Hotels (except Casino Hotels) and Motels,LO
Punch Bowl Indianapolis,Indianapolis,91,3/18/20,3/16/20,7225110,Full-Service Restaurants,LO
Ceres Enterprises,Noblesville & Westfield,65,3/18/20,3/16/20,72111000,Hotels (except Casino Hotels) and Motels,LO
"Direct Buy Home Products, Inc.",Merrillville,26,3/18/20,3/19/20,423210,Furniture Merchant Wholesalers,LO
Wayzata Home Products,Connersville,165,3/13/20,3/13/20,337110,Wood Kitchen Cabinet and Countertop Manufacturing,CL
Caito Foods,Indianapolis,333,2/27/20,4/27/20,42448000,Fresh Fruits and Vegetable Merchant Wholesalers,CL
19th Capital,Indianapolis,199,2/26/20,3/27/20,532490,Other Commercial and Industrial Machinery and Equipment,CL
Durham School Services,Indianapolis,514,2/7/20,6/30/20,485410,School and Employee Bus Transportation,CL
"Genova Products, Inc.",Fort Wayne,116,1/28/20,2/10/20,45231900,All Other General Merchandise Stores,CL
"Genova Products, Inc.",Rensselaer,88,1/28/20,2/10/20,45231900,All Other General Merchandise Stores,CL
Dometic Corporation,LaGrange,197,1/22/20,3/21/20,42374,Refrigeration Equipment and Supplies Merchant Wholesalers,CL
"Merchants Metals, LLC",New Paris,68,1/20/20,3/20/20,332618,Other Fabricated Wire Product Manufacturing,CL
"Tri-Starr Management Services, Inc.",Jeffersonville,257,1/6/20,3/8/20,541614,"Process, Physical Distribution, and Logistics Consulting Services",CL
"Stanley Black & Decker
Revised (2/10/20)",Greenfield,140,11/19/19,1/23/20,333517,Machine Tool Manufacturing,LO
"Motionwear, LLC",Indianapolis,146,11/14/19,1/14/20,44815000,Clothing Accessories Stores,CL
"Gibson County Coal, LLC",Owensville,184,11/15/19,11/15/19,212112,Bituminous Coal Underground Mining,LO
Winona PVD Coatings LLC,Warsaw,108,10/19/19,12/31/19,332812,"Metal Coating, Engraving (except Jewelry and Silverware), and Allied Services to Manufacturers",CL
Columbian Home Products,Terre Haute,82,9/30/19,12/1/19,332999,All Other Misc. Fabricated Metal Product Manufacturing,CL
"United States Steel Corporation
Revised (10/7/19)",East Chicago,314,9/6/19,11/9/19,332111,Iron and Steel Forging,LO
"Bayer U.S., LLC",Mishawaka,172,9/4/19,11/8/19,541990,"All Other Professional, Scientific, and Technical Services",CL
"Nestle USA, Inc.",Indianapolis,172,9/2/19,12/31/19,311520,Frozen Specialty Food Manufacturing,CL
"The Mitchel Group, Inc.",Indianapolis,137,8/27/19,10/25/19,31,Manufacturing (31-33),CL
Westech Building Products,Mount Vernon,81,8/23/19,11/21/19,326121,Unlaminated Plastics Profile Shape Manufacturing,CL
"POET Biorefining- Cloverdale, LLC",Cloverdale,50,8/20/19,10/18/19,325193,Ethyl Alcohol Manufacturing,LO
"Nestle USA, Inc.
Revised (8/23/19)",Fort Wayne,69,8/16/19,10/18/19,311412,Frozen Specialty Food Manufacturing,CL
"Caito Foods, LLC",Indianapolis,53,8/15/19,10/15/19,42448000,Fresh Fruits and Vegetable Merchant Wholesalers,LO
Justus Rental Properties,Indianapolis,104,8/13/19,10/14/19,55,Management of Companies and Enterprises,CL
"HOYA Optical Labs of America, Inc.",Plymouth,83,8/6/19,3/2/20,339115,Opthalmic Goods Manufacturing,CL
"Peabody Indiana Services, LLC
Attachment 2
Revised (9/30/19)
			Revised (12/27/19)
			Revised(12/27/19)
			Revised (3/31/20:
Doc 1 & Doc 2)",Oakland City,128,8/2/19,10/4/19,212111,Bituminous Coal and Lignite Surface Mining,CL
Kuehne & Nagel,Indianapolis,241,7/30/19,9/30/19,541614,"Process, Physical Distribution, and Logistics Consulting Services",CL
"Packer's Sanitation Services, Inc.",Cambridge City,55,7/26/19,8/24/19,561720,Janitorial Services,CL
Alorica,Lafayette,147,7/25/19,9/27/19,541613,Marketing Consulting Services,CL
State Farm Mutual Automobile Insurance Company,Indianapolis,97,6/26/19,8/31/19,5241,Insurance Carriers,CL
Walmart,Indianapolis,109,6/12/19,7/12/19,44511000,Supermarkets and Other Grocery (Except Convenience) Stores,CL
EDM Americas,Indianapolis,88,5/20/19,7/31/19,541990,"All Other Professional, Scientific, and Technical Services",LO
Penske Logistics,Fort Wayne,80,5/18/19,7/20/19,336999,All Other Transportation Equipment Manufacturing,CL
"NIBCO, Inc.
Revised (5/24/19)
			Revised (6/7/19)
			Revised (6/21/19
			Revised(6/28/19)
			Revised (7/26/19)
			Revised (8/9/19)
			Revised (8/15/19)
			Revised (8/29/19)
			Revised (9/13/19)
			Revised (10/10/19)
			Revised(11/1/19)",Charlestown,97,5/16/19,7/19/19,326199,All Other Plastics Product Manufacturing,CL
"Schneider Electric
Revised (6/25/19)
			Revised (7/31/19)
			Revised (8/29/19)
			Revised (9/23/19)
			Revised (10/28/19)
			Revised (12/27/19)
			Revised(1/28/20)
			Revised (2/24/20)",Peru,248,5/14/19,7/12/19,335313,Switchgear and Switchboard Apparatus,CL
Ryder Integrated Logistics,Plainfield,436,5/7/19,7/12/19,493110,General Warehousing and Storage,CL
Fayette Regional Health System,Connersville,437,5/3/19,7/3/19,622110,General Medical and Surgical Hospitals,CL
"Aramark Educational Services, LLC",Indianapolis,200,3/6/19,5/12/19,722310,Food Service Contractors,LO
Kentuckiana Medical Center,Clarksville,269,3/4/19,5/1/19,622,Hospitals,CL
"Matthews International Corporation
Revised (6/14/19)",Richmond,122,2/27/19,Unknown,339995,Burial Casket Manufacturing,CL
"KGP Telecommunications, LLC",Warsaw,300,2/15/19,4/17/19,339999,All Other Miscellaneous Manufacturing,LO
White Stallion Energy,Boonville,82,2/12/19,2/14/19,21211,Coal Mining,CL
Silberline Manufacturing Co.,Decatur,50,1/11/19,7/19/19,331318,"Other Aluminum Rolling, Drawing and Extruding",LO
"PMAB,LLC dba Meduit",Greensburg,82,12/26/18,3/15/19,55111,Management of Companies and Enterprises,CL
"Vibra Hospital of Fort Wayne, LLC",Fort Wayne,120,12/18/18,1/31/19,62211000,General Medical and Surgical Hospitals,CL
Textron Specialized Vehicles,Coatesville,107,11/27/18,2019,336312,Gasoline Engine and Engine Parts Manufacturing,CL
Q-Edge Corp. and Foxconn/Hon Hai Logistics Corp.,Plainfield,155,11/21/18,2/28/19,334111,Electronic Computer Manufacturing,LO
"Alorica, Inc.",Terre Haute,195,10/29/18,12/29/18,541613,Marketing Consulting Services,CL
Kmart Corporation - Sears Holdings,Griffith,113,10/15/18,12/31/18,45221000,Department Store,CL
JD Norman Industries,Muncie,130,10/11/18,12/15/18,336320,Manufacturing,LO
"Cardinal Metal Finishing, LLC",Kokomo,79,9/27/18,9/26/18,33211,Forging and Stamping,LO
Federal-Mogul Motorparts,Indianapolis,83,5/16/18,Q1 2019,423120,Motor Vehicle Supplies and New Parts Merchant Wholesalers,CL
LGSTX Distribution Services,Indianapolis,256,9/5/18,9/30/18,488999,All Other Support Activities for Transportation,CL
Quality Packaging Specialists Int'l LLC,Mooresville,85,9/4/18,12/31/18,561910,Packaging and Labeling Services,CL
"Andy Frain Services, Inc.",Indianapolis,148,8/15/18,9/30/18,5616120,Security Guards and Patrol Service,CL
Charter Communications,Indianapolis,84,8/2/18,8/28/18,541613,Customer Service Management Consulting Service,LO
"West Pharmaceutical Services, Inc.",Frankfort,54,8/2/18,11/26/18,33911,Medical Equipment and Supplies Manufacturing,CL
Kindred Hospital Northern Indiana,Mishawaka,117,7/31/18,9/29/18,622110,General Medical and Surgical Hospital,CL
CTS Corp.,Elkhart,103,7/24/18,12/31/18,334415,Electronic Resistor Manufacturing,CL
First Vehicle Services,Fort Wayne,25,7/18/18,9/28/18,811111,General Automotive Repair,CL
Walmart Optical Lab,Crawfordsville,108,7/17/18,7/17/18,339115,Ophthalmic Goods Manufacturing,LO
"Koontz-Wagner Custom Controls Holdings, LLC",South Bend,104,7/11/18,7/11/18,332311,Prefabricated Metal Building and Component Manufacturing,CL
Monarch Beverage Co. INC,Indianapolis,76,6/29/18,8/31/18,111419,Distributor of Beer and Wine,LO
New Flyer,Elkhart,78,6/19/18,4/5/19,336111,Transit bus and motor coach manufacturer and parts distributor.,CL
Diversified Machine Bristol LLC,Bristol,95,6/22/18,8/24/18,331523,Nonferrous Metal Die-Casting Foundries,CL
Syneos Health (inVentic Health Inc.),Indianapolis,98,5/30/18,8/14/18,541712,Clinical Research,CL
"Deufol Sunman, Inc.
Revised (5/2/19)
Revised (6/27/19)
Revised (8/2/19)
Revised (8/9/19)",Sunman,270,5/22/18,8/3/18,561910,Packaging Services,LO
"DJO Global
Revised (7/26/18)
Revised (8/23/18)
Revised (10/5/18)",Plainfield,70,5/23/18,10/31/18,339112,Surgical and Medical Instrument Mfg,CL
Hoosier Academy,Indianapolis,62 MAY be affected,5/15/18,6/8/18,611110,Charter School,PENDING CL
CVR Associates,Chicago,5 in Indiana,5/9/18,6/29/18,624229,Housing Assistance Agencies,CL
Sodexo,Hanover,81,4/13/18,6/30/18,722310,Food Services Operations,CL
"Bon Ton Stores (Carson's)
(additional information and notice)",Merrillville,137,4/5/18,6/5/18,452112,Discount Department Stores,CL
Jeffboat,Jeffersonville,207,3/26/18,5/14/18,336611,Ship Building and Repairing,CL
Readerlink Distribution Services,Indianapolis,147,2/28/18,8/31/18,541870,Direct Distribution Services,CL
Indianapolis Power & Light Company,"Indianapolis, Martinsville, Petersburg",100,2/9/18,4/8/18,221121,Electric Power Transmission and Control,LO
DHL Supply Chain,Greenfield,511,2/8/18,5/4/18,541614,Transportation and integrated supply chain services,LO
"Bon Ton Stores (Carson's)
(additional information and notice)","Anderson, Columbus, Elkhart, Indianapolis and Marion",306,2/2/18,4/30/18,452112,Discount Department Stores,CL
Jeffboat,Jeffersonville,226,2/1/18,4/1/18,336611,Ship Building and Repairing,LO
Walmart,Rushville,95,2/1/18,4/13/18,452112,Discount Department Stores,CL
MV Transportation,Indianapolis,142,1/30/18,3/31/18,485510,Charter Bus Industry,CL
Lee Enterprises,Crown Point and Munster,93,1/29/18,3/30/18,511110,Newspaper publishers and printing combined,CL
Conduent Commercial Solutions,Indianapolis,107,1/29/18,3/30/18,541613,Marketing Consulting Services,LO
Schneider Electric,Peru,61,1/15/18,3/16/18,335313,Switchgear and Switchboard Apparatus Manufacturing,LO
Sony DADC US Inc.,Terre Haute,375,1/16/18,3/23/18,334614,"Software and Other Pre-recorded Compact Disc, Tape and Recording Reproducing",LO
Sam's Club - W 86th Street Store,Indianapolis,152,1/11/18,1/26/18,452112,Discount Department Stores,CL
Sam's Club - E. Washington Street Store,Indianapolis,157,1/11/18,1/26/18,452112,Discount Department Stores,CL
Sam's Club - Elkhart Road Store,Goshen,110,1/11/18,1/26/18,452112,Discount Department Stores,CL
Kmart,Indianapolis,44,1/4/18,4/8/18,452112,Discount Department Stores,CL
"Janesville Acoustics
Revised (2/12/18)
Revised (5/30/18)",Richmond,67,12/14/17,8/1/18,423120,Motor vehicle parts and accessories,CL
Care Ambulance,Indianapolis,82,12/8/17,2/2/18,621910,"Ambulance services, air or ground",CL
White Lodging,Merrillville,50,12/6/17,4/1/18,721110,Hotel Management Services,CL
Tridien Medical,Fishers,69,12/4/17,9/30/18,334510,Medical Manufacturing,CL
"Prysm, Inc.",Carmel,61,11/22/17,1/21/18,541511,"Computer software analysis and design services, custom",CL
Parker Hannifin Corporation,Tell City,61,11/2/17,9/30/18,339991,"Gasket, Packing and Sealing Device Manufacturer",CL
Jeffboat,Jeffersonville,278,11/1/17,Q1 2018,336611,Ship Building and Repairing,LO
Carlisle Fluid Technologies,Angola,31,10/30/17,12/31/17,333249,Other Industrial Machinery Manufacturing,CL
Ascensia Diabetes Care,Mishawaka,113,10/25/17,12/29/17,423450,Medical Equipment and Supply,CL
Technicolor,Indianapolis,95,10/18/17,12/17/17,334310,Audio and Video Equipment Manufacturing,LO
"Harman International Industries
Revised
			(11/22/17)
Revised (4/20/18)",Elkhart,88,10/16/17,12/21/17,334310,Audio and Video Equipment Manufacturing,CL
Vance & Hines Performance,Brownsburg,70,9/19/2017,12/31/2017,336991,"Motorcycle, Bicycle, and Parts Manufacturing",LO
Del Monte Foods,Plymouth,107,9/12/17,2/1/18,311421,Fruit and vegetable canning,CL
Veolia North America,Indianapolis,70,9/8/17,7/31/18,541380,Environmental Services,CL
Kindred Hospital,Greenwood,86,9/8/17,11/7/17,623110,Nursing care facilities,LO
Prompt Ambulance Services,Lake Counties,140,8/31/17,10/29/17,621910,Ambulance Services,CL
"Bay Valley Foods LLC, Tree House Foods
Occupations Affected
Revised (9/19/17)",Plymouth,Unknown,8/31/17,10/30/17 & 6/30/18,311991,Leading provider of shelf stable foods,CL
Five Seasons Family Sports Club,Indianapolis,84,8/1/17,9/30/17,713940,"Sports club facilities, physical fitness",CL
"Deufol Sunman, Inc
Revised 9/29/17",Sunman,243,7/31/17,9/30/17,591910,Packaging Services,LO
AM General,Mishawaka,435,7/28/17,10/31/17,335312,Motor and Generator Manufacturing,LO
ResCare,Statewide,169,7/24/17,9/30/17,561311,Employment Services,LO
Ultra Foods,Highland,139,7/18/17,9/15/17,445110,Grocery Stores,CL
Tokusen USA Inc,Scottsburg,62,7/13/17,9/15/17,332312,Metal Manufacturing,LO
Carter Fuel Systems,Logansport,82,6/26/17,8/21/17,325412,Manufacturing,LO
Kellogg Company,Terre Haute,92,6/13/17,8/13/17,311919,Snack Food Manufacturing,CL
Cintas Corporation,Indianapolis,69,6/1/17,7/31/17,812332,Industrial Launderers,CL
"White's Residential and Family Services
Revised (7/27/17)
Revised (10/24/17)
Revised (12/14/18)
Revised (2/7/19)
Revised (3/22/19)
Revised (11/19/19)",Wheatfield,68,6/1/17,8/31/17,624190,Family Social Services Agency,CL
"St. Vincent Health
Revised (7/20/17)","Anderson, Evansille, Indianapolis, Kokomo, Salem",111,05/31/17,08/31/17,561110,Medical Office Management Services,CL
Continental Structural Plastics,Huntington,164,05/26/17,07/31/17,322219,Composite plastics manufacturing,LO (3-month temporary layoff)
Mark Line Industries,Bristol,73,05/22/17,05/22/17,236115,"Modular Duplex (i.e., side-by-side) construction general contractors",CL
Carrier,Indianapolis,632,05/19/17,12/30/17,334512,"Automatic Environmental Control Manufacturing for Residential, Commercial, and Appliance Use",LO
Marsh Supermarket,Statewide,"1,535",05/04/17,07/04/17,445110,Grocery Stores,CL
STARTEK,Tell City,207,04/24/17,06/16/17,541611,Business Management Consultant Services,LO
Haan Crafts,Otterbein,27,04/24/17,06/30/17,423990,General merchandise,CL
Covance,Evansville,101,04/24/17,07/24/17,541715,Medical research laboratories,CL
Ultra Foods,"Gary, Merrillville",174,04/18/17,06/17/17,445110,Grocery stores,CL
Cooper-Standard Automotive,Plymouth,161,04/17/17,06/21/17,336310,Automotive parts manufacturing,CL
hhgregg,Indianapolis,268,04/07/17,05/31/17,443141,443141,Appliance stores,CL
443141
"Buckhorn Inc
Revised (5/26/17)
Revised (9/5/17)",Bluffton,86,05/26/17,08/31/17,326199,"Plastics (i.e., containers), manufacturing",CL
St. Vincent Frankfort Hospital,Frankfort,124,03/31/17,05/31/17,622110,"Hospitals, general medical and surgical",CL
Dollar Express,"Gary, Fort Wayne & Indianapolis",38,3/30/17,6/30/17,452319,Dollar Stores,CL
Pretium Packaging,Seymour,55,03/29/17,05/29/17,326112,"Flexible packaging, plastics film, manufacturing",CL
"Gordmans, Inc.",Clayton,139,03/13/17,05/12/17,448150,Apparel Accessory Stores,CL
Saran,Indianapolis,110,03/10/17,06/30/17,333519,"Billet mill machinery, metalworking, manufacturing",CL
"Schneider Electric
Revised (5/25/17)",Peru,73,03/08/17,05/08/17,335313,Switchgear and Switchboard Apparatus Manufacturing,LO
Strack & Van Til,Merrillville,81,03/01/17,04/30/17,445110,Grocery Stores,CL
Corizon Health,Statewide,699,02/23/17,03/31/17,561210,Facility support services on contract basis,LO
MDwise,Indianapolis,80,02/16/17,04/17/17,524114,Health Insurance carriers,LO
"Saint Joseph's College
Revised (3/6/17)
Revised (3/10/17)
Revised (4/11/17)
Revised (4/28/17)
Revised (5/10/17)
Revised (7/5/17)
Revised (7/24/17)
Revised (1/17/18)",Renssalaer,395,02/14/17,04/17/17,611310,Private College,CL
CB&I Services,East Chicago,149,02/09/17,03/06/17,331110,Coke oven products make in iron and steel mills,LO
"Harman International Industries
Revised (5/17/17)",Elkhart,105,02/01/17,04/05/17,334310,Audio and Video Equipment Manufacturing,LO
Briarwood Health and Rehabilitation,Indianapolis,87,02/01/17,04/01/17,622310,Physical Rehabilitation,CL
PendaForm/Fabriform,Bluffton,75,01/24/17,03/25/17,326199,All Other Plastics Product Manufacturing,LO
Gannett Publishing Services,Evansville,48,01/25/17,03/27/17,511110,Newspaper Publishers,CL
"Eli Lilly and Company
Revised (2/3/17)",Nationwide,75 in Indiana,01/06/17,03/31/17,325412,Pharmaceutical Preparation Manufacturing,LO
United Technologies Electronic Controls,Huntington,738,01/05/17,03/08/17,334512,"Automatic Environmental Control Manufacturing for Residential, Commercial, and Appliance Use",LO
CHEP Recycled Pallet Solutions,Indianapolis,165,12/27/16,02/05/17,321920,"Pallet parts, wood, manufacturing",LO
Rexnord Industries,Indianapolis,350,12/15/16,06/01/17,332991,Ball and Roller Bearing Manufacturing,CL
"Saint Meinrad Archabbey
Revised (4/28/17)",Saint Meinrad,76,12/02/16,06/30/17,611310,Theological Seminary,LO
TRW Automotive U. S. LLC,Michigan City,65,11/16/16,1/15/17,336330,Motor Vehicle Steering and Suspension Components (except Spring) Manufacturing,LO
Express Group Holdings,Michigan City,5,11/09/16,11/07/16,541420,Industrial Design Services,CL
Select Medical Corporation - Select Speciality Hospital,Fort Wayne,103,11/08/16,01/06/17,621111,Offices of Physicians,CL
VMS BioMarketing,Out of State,1,11/02/16,01/03/17,541613,Marketing consulting services,LO
PrimeSource Health Care Systems,Out of State,43,10/31/16,12/31/16,621399,Offices of All Other Miscellaneous Health Practitioners,CL
Republic Services,Morocco,70,10/26/16,12/30/16,561442,Customer service call center,CL
SUEZ Water Indiana,Indianapolis,179,10/20/16,12/20/16,221310,Water Treatment Plants,LO
Community Westview Hospital,Indianapolis,187,10/11/16,12/31/16,622110,"Hospital, general medical and surgical",CL
"Paoli LLC
Revised (12/6/17)",Orleans,425,10/07/16,10/01/17,337214,Office Furniture Manufacturing,CL
Kmart,Merrillville,99,9/16/16,12/11/16,452112,Discount Department Stores,CL
"Pharmakon Long Term Care Pharmacy, Inc",Noblesville,180,9/23/16,9/30/16,325412,Pharmaceutical Preparation Manufacturing,LO
"Pharmakon Pharmaceuticals, Inc",Noblesville,15,9/23/16,9/30/16,325412,Pharmaceutical Preparation Manufacturing,LO
CPX Incorporated,Kentland & North Vernon,214,9/12/16,9/12/16,333249,Molding for plastics manufacturing,CL
Packers Sanitation Services,Orland,28,8/31/16,9/23/16,561720,Janitorial Services,LO
Goshen Coach,Elkhart,159,8/31/16,10/31/16,336211,Motor Vehicle Body Manufacturing,CL
Magnetation,Reynolds,160,8/26/16,10/25/16,212299,All Other Metal Ore Mining,CL
Stanrail,Gary,103,8/26/16,10/27/16,332999,All Other Miscellaneous Fabricated Metal Product Manufacturing,CL
Vertellus Specialties,Indianapolis,40-50,8/17/16,10/17/16,325180,Chemical Manufacturing,LO
"Manitowoc Foodservice, Inc.",Sellersburg,84,8/10/16,10/11/16,423440,Food service equipment,LO
"Triad Mining, LLC",Oakland City,129,8/8/16,10/7/16,212111,Bituminous Coal and Lignite Surface Mining,LO
"TriEpiq Lab Group, LLC",Out-of-State,1,7/27/16,7/28/2016,541711,Biotechnology research and development laboratories or services in health sciences,CL
"VT Industries, Inc.",New Albany,120,7/25/16,9/30/2016,321911,Wood Window and Door Manufacturing,CL
"Indianapolis Haulage 
Revised (9/20/16)
Revised (9/30/16)",Indianapolis & Yorktown,51,7/15/16,9/29/2016,493110,"Warehousing and storage, general merchandise",CL
"Indianapolis Logistics 
Revised (9/20/16)
Revised (9/30/16)",Indianapolis & Yorktown,135,7/15/16,9/29/2016,493110,"Warehousing and storage, general merchandise",CL
Evergreen Recreational Vehicles,Middlebury,270,6/14/16,6/24/2016,336213,Motor Home Manufacturing,CL
Sodexo,Huntington,71,5/24/16,7/5/2016,722310,Food Service Contractors,CL
Diversified Machine Bristol LLC,Bristol,500,5/20/16,5/23/2016,331523,Nonferrous Metal Die-Casting Foundries,LO
"Innovative Building Systems, LLC",Decatur,88,5/3/16,5/3/2016,236115,Custom Home Builders,CL
"Applegate Livestock Equipment, Inc.
Revised (6/14/16)
Revised (7/15/16)",Union City,80,4/14/16,7/31/2016,311119,"Complete Feed, Livestock, Manufacturing",CL
Sensient Flavors,Indianapolis,86,4/4/16,12/30/2016,311930,Flavoring concentrates (except coffee based) manufacturing,CL
Triad Mining LLC,Edwardsport,75,3/24/16,5/23/2016,212112,Bituminous Coal Underground Mining,CL
CEC Liberty Hall,Indianapolis,50,3/11/16,5/15/2016,624190,Rehabilitation agencies for offenders,LO
"Aramark Educational Services, LLC",Terre Haute,126,3/2/16,6/1/2016,722310,Cafeteria food services contractors,LO
SpartanNash Company,Westville,76,2/11/16,4/11/2016,424410,General Line Grocery Merchant Wholesalers,CL
Alcoa Warrick Operations,Newburgh,600,2/5/16,4/7/2016,331313,Primary smelting of aluminum,LO
"Hogan Transport, Inc.",Indianapolis,82,2/1/16,3/24/2016,484121,General freight trucking,LO
"Silgan Containers 
Revised
Revised (7/29/16)",LaPorte,62,2/1/16,4/2/2016,333241,Food Product Machinery Manufacturing,CL
"ADVANTAGE Health Solutions, Inc",Indianapolis,78,1/29/16,3/31/2016,524114,Direct Health and Medical Insurance Carriers,LO
Southwire Company,Plainfield,50,1/29/16,3/31/2016,332999,All Other Miscellaneous Fabricated Metal Product Manufacturing,LO
GENCO,Plainfield,90,1/28/16,3/31/2016,493110,General Warehousing and Storage,LO
Vigo Coal Company,"Boonville, Evansville",66,1/19/16,3/26/2016,212111,Bituminous Coal and Lignite Surface Mining,LO
Pure Metal Recycling,South Bend,13,12/4/15,12/4/15,423930,Metal scrap and waste merchant wholesalers,CL
"Trans-Industries, Inc",Marion,7,11/24/15,11/24/15,336111,Automobile Parts Manufacturing,CL
Gibson County Coal,Princeton,130,11/6/15,1/6/16,611710,Bituminous Coal Underground Mining,LO
UMI LLC & United Minerals Company LLC,Huntingburg,138,10/28/15,12/31/15,212112,Bituminous Coal Underground Mining,LO
General Mills,New Albany,343,10/26/15,Sept. 2016,311225,Fats and Oils Refining and Blending,CL
CB&I and Webster Construction,Rockport,160,10/27/15,12/31/15,236210,Industrial Building Construction,LO
Sonoco,New Albany,76,10/16/15,8/31/16,333993,Packaging Machinery Manufacturing,CL
"Indiana Marujun, LLC",Winchester,734,10/12/15,11/15/16,336111,Automobile Parts Manufacturing,CL
ModusLink Global Solutions,Bloomington,169,9/25/15,12/1/15,334220,Wireless Communications Equipment Manufacturing,CL
"C. H. Guenther & Son, Inc.",Indianapolis,62,9/24/15,12/31/15,333241,Food Product Manufacturing,CL
Exelis Inc.,Fort Wayne,356,9/25/15,6/30/16,334210,Other Information Communications Technology Services,CL
"Carter Fuel Systems
Revised (10/5/15)
Revised (12/11/15)",Logansport,111,9/23/15,11/22/15,336390,Other Motor Vehicle Parts Manufacturing,LO
Triple Crown Services,Fort Wayne,193,9/18/15,11/17/15,488510,Freight Transportation Arrangement,LO
Holiday Inn,Terre Haute,70,9/14/15,11/15/15,721110,Hotels (except Casino Hotels) and Motels,CL
"Pall Filter Specialists, Inc.
Revised (12/2/15)",Michigan City,28,9/10/15,11/15/15,333999,All Other Miscellaneous General Purpose Machinery Manufacturing,CL
Parker Hannifin Corp.,New Haven,150,7/22/15,6/30/16,333415,Air-Conditioning and Warm Air Heating Equipment and Commercial and Industrial Refrigeration Equipment Manufacturing,CL
Stanrail,Gary,88,7/14/15,10/31/15,332999,All other Miscellaneous Fabricated Metal Product Manufacturing,CL
Dean Foods Company of Indiana,Rochester,138,7/14/15,10/16/15,311511,Fluid Milk Manufacturing,CL
McGraw-Hill Education,Indianapolis,107,6/30/15,8/29/15,611710,Educational Testing Evaluation Services,LO
"Silgan Plastics Corporation
Revised (8/24/15)",Ligonier,69,6/26/15,6/29/15,326199,All other Plastics Products Manufacturing,LO

"Goodwill Industries of Central Indiana
Revised",Indianapolis,67,5/20/15,7/1/15,624310,Vocational rehabilitation agencies,CL
Clondalkin Pharma & Healthcare,Evansville,149,5/13/15,10/31/15,339933,"Labeling (i.e., packaging) machinery manufacturing",CL
AmeriHealth Caritas Services,Indianapolis,95,4/30/15,7/1/15,524114,"Insurance carriers, health, direct",LO
Pure Power Technologies Metal Castings,Indianapolis,192,4/29/15,11/1/15,336399,All other Motor Vehicle Parts Mfg.,CL
P.T.O Services Inc.,Gary,57,4/1/15,5/31/15,484121,General freight trucking,LO
JP Morgan & Chase Co. Student Lending Servicing Group,Indianapolis,73,3/26/15,5/25/15,522110,Commercial Banking,CL
"Tecomet - Symmetry Medical Manufacturing Inc.
Revised
Revised",Avilla,129,3/30/15,12/30/15,339113,Surgical Appliance and Supplies Manufacturing,CL
United States Steel Corporation Gary Works Plant,Gary,323,3/25/15,No closure date announced. Layoffs to commence 5/27/15,331110,Iron and Steel Mills and Ferroalloy Manufacturing,CL
Indiana Michigan Power Company,Lawrenceburg,92,3/16/15,5/31/15,221112,Electric Power Generation,CL
"Forward Air, Inc.",South Bend,214,3/9/2015,TBD,481112,Scheduled air freight transportation,LO
"Schott Gemtron
Revised",Vincennes,40,2/23/15,3/24/15,339999,All Other Miscellaneous Manufacturing,CL
ModusLink Global Solutions,Bloomington,320,2/20/15,4/21/15,334220,Wireless Communications Equipment Manufacturing,LO
"Hartmann USA, Inc",Bloomington,49,2/23/15,4/30/15,339113,"Bandages and dressings, surgical and orthopedic, manufacturing",CL
Huhtamaki,Marion,38,2/13/15,4/20/15,322299,All other Converted Paper Product Manufacturing,LO
"Northrop Grumman
Revised
Revised",Edinburg,49,4/29/15,6/29/15,334511,"Search, Detection, Navigation, Guidance, Aeronautical, and Nautical System and Instrument",LO
Sodexo,Richmond,65,2/3/15,3/15/15,722310,Food Service Contractors,CL
TeleServices Direct,Lafayette,137,1/30/2015,3/31/2015,541890,Other Services Related to Advertising,LO
IU Health Morgan Hospital,Martinsville,96,1/26/2015,3/31/2015,622110,General Medical and Surgical Hospital,LO
Kmart,Plymouth,68,1/16/2015,4/12/2015,452112,Discount Department Stores,LO
United States Steel Corporation,Gary,397,1/20/2015,3/22/2015,331110,Iron and Steel Mills and Ferroalloy Manufacturing,LO
Golden Living Center - North Willow,Indianapolis,50,1/14/2015,3/15/2015,623110,Group homes for the disabled with nursing care,LO
Hoosier Park Racing Casino,Merrillville,33,1/12/2015,3/15/2015,713210,Casinos,CL
Market Day LLC,Indianapolis,40,1/7/2015,3/7/2015,424410,Groceries Merchant Wholesalers,LO
Harvey Industries LLC,Wabash,141,1/2/2015,12/31/2014,331523,Aluminum die-casting foundries,LO
Caremark subsidiary of CVS,Indianapolis,124,12/30/2014,2/27/2015,446110,Health Pharmacy,CL
Marion General Hospital,Marion,69,11/24/2014,2/1/2015,622110,General Medical and Surgical Hospital,LO
GE Alliances & Lighting,Batesville,34,11/19/2014,1/23/2015,423610,"Electric motors, wiring supplies, and lighting fixtures merchant wholesalers",CL
Pearson Education,Lebanon,209,11/4/2014,2/28/2015,511120,Periodical Publishers,CL
"Shopko Operating Stores Co., LLC",Lebanon,72,11/13/2014,1/12/2015,493110,General Warehousing and Storage,CL
GE Power Conversion,Fort Wayne,56,11/3/2014,1/31/2015,335312,Motor and Generator Manufacturing,CL
Genesis Casket Company,Indianapolis,56,10/28/14,12/27/14,339995,Burial caskets and cases manufacturing,LO
R & D Concrete and Country Stone,various Indiana locations,43,10/17/14,12/01/14 through 02/02/15,426620,"Brick, Stone, and Related Construction Material Merchant Wholesalers",CL
Hilton Indianapolis North,Indianapolis,46,10/15/14,12/23/14,721110,Hotels and Motels,CL
Domtar,Indianapolis,55,10/13/14,12/12/14,322222,Paper Manufacturing,CL
St. Vincent Seton Specialty Hospital,Lafayette,83,10/01/14,12/03/2014,622310,Specialty (except Psychiatric and Substance Abuse) Hospitals,CL
Kmart Corporation - Sears Holdings,Indianapolis,131,9/23/14,11/30/2014,452112,Discount Department Stores,CL
Kmart Corporation - Sears Holdings,Indianapolis,139,9/23/14,12/07/14,452112,Discount Department Stores,CL
Indiana University Cyclotron Operations,Bloomington,120,8/22/2014,11/25/2014,334516,Analytical Laboratory Instrument Manufacturing,CL
Talon Logistics,Sellersburg,62,8/25/2014,9/22/14-12/7/14,493110,General Warehousing and Storage,LO
Rural Metro Corporation,Indianapolis,84,8/18/2014,8/18/14-12/31/14,621910,Ambulance Services,LO
"Rural Metro Corporation
Revised","Indianapolis, Anderson, Logansport,  Martinsville, and Richmond",277,8/18/2014,8/18/14-12/31/14,621910,Ambulance Services,LO
ModusLink,Indianapolis,110,8/12/2014,10/31/2014,493110,Warehousing distribution,CL
"DIY Group, Inc",Muncie,261,8/12/2014,4/1/2015,311421,Fruit and Vegetable Canning Manufacturing,LO
Springleaf Financial,Evansville,170,8/5/2014,9/30/2014,522291,Finance Companies,CL
Herff Jones,Indianapolis,110,7/11/2014,11/14/2014,511130,Book publishers and printing combined,CL
Five Star Mining,Petersburg,380,7/2/2014,9/14/2014,212112,Bituminous Coal Underground Mining,LO
Black Panther Mining,Oaktown,494,7/2/2014,9/14/2014,212112,Bituminous Coal Underground Mining,LO
Novitex Enterprise Solutions,Plainfield,155,6/24/2014,8/28/2014,323111,Commercial Printing,CL
Parkview Health-Parkview Oaks and Parkview Pointe Assisted Living Facilities,Columbia City,52,6/17/2014,9/14/2014,623311,Continuing Care Retirement Communities,CL
URS Federal Services,Odon,59,6/16/2014,7/8/2014,541330,Engineering Services,LO
ABC Companies,Nappanee,160,5/12/2014,9/15/2014,441210,Recreational Vehicle Dealers,CL
Hartzell Air Movement,Portland,44,5/5/2014,7/7/2014,333413,Industrial & Commercial Fan & Blower Manufacturing,CL
MKM Distribution Services,Indianapolis,84,4/22/2014,6/23/2014,493110,Distribution and Warehousing,LO
Allegheny Technologies Incorporated,LaPorte,123,4/22/2014,6/18/2014,331491,Metal Manufacturing,CL
Irwin Tools,Greenfield,79,4/22/2014,7/18/2014,333991,Power Driven Hand Tool Manufacturing,CL
"Chesapeake Pharmaceutical and Healthcare Packaging
Revised
Revised",Evansville,59,4/15/2014,6/27/2014,333993,Packaging machinery manufacturing,CL
Hickory Creek Healthcare,Gaston,91,3/17/2014,5/23/2014,332117,Powder Metallurgy Part Manufacturing,CL
Old National Bancorp,Fort Wayne,41,3/10/2014,3/16/2014,522110,Banking,LO
Supreme Corporation,Goshen,50,3/12/2014,5/23/2014,336211,Shuttle Bus Bodies,CL
"Consolidated Transport Systems, Inc.",Michigan City,130,3/5/2014,3/31/2014,48410,Transport Company,CL
Indiana Limestone Company,Bloomington and Oolitic,166,02/24/2014,04/28/2014,423320,"Brick, Stone, and Related Construction Material Merchant Wholesalers",CL
Federal-Mogul,Avilla,95,02/11/2014,10/01/2014,326199,All Other Plastics Prod Manufacturing,CL
Allied Specialty Vehicles,Elkhart,85,02/10/2014,02/10/2014,371101,Recreational Vehicles & Campers-Mfrs,CL
"N-Store Merchandising & HAD, Inc.",Statewide,85,02/04/2014,02/03/2014,561499,Craft supply stores,CL
AGI - Shorewood Group,Indianapolis,203,01/14/2014,03/31/2014,322130,Container board stock manufacturing,CL
Archiver's Stores,Indianapolis,21,01/10/2014,02/14/2014,451120,Craft supply stores,CL
Comlux,Indianapolis,45,01/09/2014,01/17/2014,336360,Aircraft seats manufacturing,LO
Pearson Education,Lebanon,160,12/11/2013,12/31/2014,511120,Periodical Publishers,CL
"Fulton Industries, Inc",Rochester,90,12/10/2013,3/1/2014,332710,Machine Shops,CL
New Age Healthcare,Arcadia,100,11/11/2013,12/31/2013,624120,Services for the Elderly and Persons with Disabilities,CL
PolyOne Designed Structures and Solutions,Warsaw,110,11/05/2013,01/06/2014,326112,Plastics Packaging Film and Sheet Manufacturing,CL
Multi Packing Solutions,Terre Haute,150,11/01/2013,12/31/2013,323110,Commercial Lithographic Printing,CL
"Peabody Indiana Services, LLC 
Amended
Amended
Amended
Amended
Revision
Revised",Cannelburg,86,10/31/2013,04/30/2014,212111,Bituminous Coal & Lignite Surface Mining,CL
"Peabody Midwest Management Services, LLC
Amended
Amended
Revision
Revised",Cannelburg,3,10/31/2013,12/31/2013,212111,Bituminous Coal & Lignite Surface Mining,CL
"Fabri-Form, Inc",Pekin,37,10/07/2013,01/01/2014,326199,All Other Plastics Prod Manufacturing,CL
"The Arc of Northwest Indiana, Inc
Revised",Lake and Porter Counties,114,10/03/2013,10/03/2013,624120,Services for the Elderly and Persons with Disabilities,CL
First Merchants Bank,Lake County,84,10/03/2013,12/06/2013,522110,"Banking, commercial",LO
"Nyloncraft, Inc.",Fort Wayne,96,10/01/2013,9/01/2014,326199,All Other Plastics Prod Manufacturing,CL
Indiana University Health,Statewide,819,9/30/2013,12/01/2013,622110,General Medical & Surgical Hospitals,LO
"CMW International Inc.
Revised
Revised
Revised",Indianapolis,100,9/24/2013,11/23/2013,522110,Powder Metallurgy Part Manufacturing,CL
JPMorgan Chase & Co.,Indianapolis,7,9/23/2013,11/22/2013,332117,"Banking, commercial",LO
Frontier Communications Corporation,Carmel,54,9/19/2013,11/18/2013,517919,Communications Services,LO
Capital Senior Living ILM-B Inc. d/b/a Town Centre Health Care,Merrillville,121,9/04/2013,11/04/2013,623110,Nursing Care Facility,CL
Strategic Resources Inc.,Edinburgh,207,9/03/2013,9/30/2013,874201,Business Management Consultants,LO
RoadLink Workforce Solutions,Shelbyville,119,8/12/2013,9/15/2013,488510,Transportation and Warehousing Services,LO
Kerry Inc.,Indianapolis,47,7/22/2013,10/01/2013,311930,Flavoring concentrates (except coffee based) manufacturing,CL
Allied Speciality Vehicles (formally Monaco),Wakarusa,16,7/17/2013,10/31/2013,33613,Motor home manufacturing,LO
"Cequent Performance Products, Inc
Amended",Huntington,9,7/01/2013,End of 2013,493110,General Warehousing/Distribution and Storage,CL
TsiCorp,Edinburgh,50,6/27/2013,08/30/2013,541614,Logistics management consulting services,LO
"Unilever Ice Cream Manufacturing
Amended",Huntington,157,6/21/2013,09/30/2013,311520,Ice Cream Manufacturing,CL
Hartmann USA,Bloomington,72,5/15/2013,Mid-Year 2014,339113,"Bandages and dressings, surgical and orthopedic, manufacturing",CL
SJC Industries Corp,Elkhart,165,5/07/2013,7/08/2013,336211,Motor Vehicle Body Manufacturing,CL
"Warner Transitional Services
Revised",Indianapolis,112,5/07/2013,6/07/2013,624120,"Self-help organizations for disabled persons, the elderly, and persons diagnosed with intellectual and developmental disabilities",CL
ALSAC Volunteer Service Center,New Albany,64,4/29/2013,6/28/2013,624190,Other Individual and Family Services,CL
"Blissfield Manufacturing Company
			Parent Company of Jay Products",Portland,61,4/29/2013,9/30/2013,336350,"Transmissions and parts, automotive, truck, and bus, manufacturing",CL
"Lilly USA, LLC",Indianapolis,"1,624",4/26/2013,7/15/2013,325412,Pharmaceutical Preparation Manufacturing,LO
Meade Electric Company,Whiting,569,4/22/2013,6/28/2013,335999,All Other Miscellaneous Electrical Equipment and Component Manufacturing,LO
"International Paper Company
Amended
Amended",Indianapolis,91,4/19/2013,06/19/2013,322211,Corrugated & Solid Fiber Box Manufacturing,CL
AM General Military Assembly Plant,Mishawaka,387,4/19/2013,12/30/2012,336112,"Assembly plants, light trucks on chassis of own manufacture",LO
ADM Trucking Inc.,Mt. Vernon,20,4/17/2013,7/14/2013,484121,"Trucking, general freight",CL
"Briljent, LLC",Indianapolis,100-130,3/27/2013,5/31/2013,611430,Administrative Management and General Management Consulting Services,LO
"Deufol Sunman, Inc",Sunman,138,3/22/2013,3/22/2013,591910,Packaging Services,LO
Monogram Food Solutions,Muncie,87,3/18/2013,5/18/2013,333993,Food packaging manufacturing,CL
"U.S. Cellular Corporation
Amended","Elkhart, Fort Wayne, Merrillville, Michigan City, Mishawaka, Portage, Schererville, South Bend",55,3/15/2013,5/17/2013,517210,Wireless Telecommunications Carriers,CL
"Pitney Bowes
Amended",Plainfield,137,3/04/2013,5/07/2013,423420,Office Equip Merchant Whls,CL
Ficosa North America Corporation,Berne,137,3/04/2013,5/31/2013,423120,Motor Vehicle Supplies and New Parts Wholesalers,CL
Contech Castings LLC,Pierceton,80,2/21/2013,2/25/2013,331521,Aluminum Die-Casting Foundries,LO
Contech Castings LLC,Auburn,128,2/21/2013,2/25/2013,331521,Aluminum Die-Casting Foundries,LO
"Whitley Products, Inc",Plymouth,86,2/19/2013,4/22/2013,332996,Fabricated Pipe & Pipe Fitting Manufacturing,CL
Sencient Flavors,Indianapolis,125,2/07/2013,5/01/2013,311942,Spice & Extract Mfg,LO
"Hologic, Inc.
Amended",Indianapolis,140,01/15/2013,6/28/2013,334517,Irradiation Apparatus Manufacturing,CL
Suzuki Motor Company,Indianapolis,1,01/14/2013,3/14/2013,423990,All Other Durable Goods Merchant Whls,CL
"Steel Parts Manufacturing Inc
Updated",Tipton,173,12/27/2012,3/14/2013,332312,Fabricated Structural Metal Manufacturing,CL
Cequent Performance Products Inc.,Goshen,434,12/20/2012,2/22/2013,336390,"Trailer hitches, motor vehicle, manufacturing",CL
"Arbor E&T, LLC dba ResCare Workforce Services",Indianapolis,117,12/06/2012,3/31/2013,624190,Other Individual and Family Services,LO
Vertafore,Indianapolis,23,11/26/2012,1/31/2013,518210,Data Processing & Related Svcs,LO
facadeTek,Whitestown,72,11/02/2012,1/02/2013,332323,"Curtain Wall, Metal, Manufacturing",LO
"Diamond Foods, Inc",Fishers,100,10/25/2012,1/31/2013,311330,Confectionery Mfg From Purchased Chocolate,CL
"Amsted Rail Inc
Revised",Hammond,94,10/15/2012,12/17/2012,331513,Steel Foundries Except Investment,LO
"Vantiv, LLC Amended",Evansville,24,10/10/2012,03/01/2013,518210,"Data Processing, Hosting, and 
			 Related Services",CL
"Precision Cutoff, LLC",Franklin,39,9/26/2012,2/29/2013,332996,Fabricated Pipe and Pipe Fitting Manufacturing,CL
"Whirlpool Corporation
Amended",Evansville,217,9/19/2012,year end 2014,335228,Other Major Household Appliance Manufacturing,CL
Ashland Hardware Systems,Lowell,66,9/14/2012,3/31/2013,326199,All Other Plastics Product Manufacturing,CL
"Manitowoc Foodservice
Amended",Fort Wayne,235,9/7/2012,4/30/2013,333318,Other Commercial and Service Industry Machinery Manufacturing,CL
"Peabody Energy
Amended
Amended
Amended
Amended
Amended
			Amended",Vincennes,230,9/5/2012,02/28/2013,212111,Bituminous Coal & Lignite Surface Mining,CL
"Jewel-Osco Store
Enclosure",Michigan City,121,8/9/2012,10/8/2012,445110,Supermarkets and Other Grocery (except Convenience) Stores,CL
"Lipari Foods, LLC","Delphos, OH",9,07/12/12,9/15/2012,311412,Frozen Specialty Food Manufacturing,CL
Federal Mogul,Michigan City,96,07/10/12,4th Qtr 2012,339991,"Gasket, Packing, and Sealing Device Manufacturing",CL
JC Penny - Store Support Center,Plainfield,176,06/29/12,09/29/2012,452111,Department Stores (except Discount Department Stores),CL
ARAMARK at GM,Marion,56,06/26/12,08/1/2012,561720,Janitorial Services,CL
Comcast (cable),Fishers,59,06/22/12,08/22/2012,515210,Cable and Other Subscription Programming,LO
Xanodyne Pharmaceuticals,"Evansville, Plainfield, and Indianapolis",3,06/21/12,08/20/2012,325412,Pharmaceutical Preparation Manufacturing,LO
"JCIM, LLC
Amended
Amended",Kendallville,179,06/15/12,08/31/2012,326199,All Other Plastics Prod Manufacturing,CL
Illinois Central School Bus,Gary,86,05/30/12,08/15/2012,485510,Charter Bus Industry,LO
National Government Services,Indianapolis,112,05/22/12,07/20/2012 - 09/28/12,524298,All Other Insurance Related Activities,CL
Ferry-Morse Seed Company,Fremont,5,05/21/12,12/31/2012,424910,Farm Supplies Merchant Whls,CL
"Sunrise Publications, Inc. 
Updated",Bloomington,93,05/15/12,07/20/2012,424120,"Cards, greeting, merchant wholesalers",CL
Sony DADC US Inc.,Fishers,226,05/11/12,07/15/2012,512220,Record Production/Distribution,CL
Lipari Foods,"Delphos, OH",175,05/08/12,6/05/2012,311412,Frozen Specialty Food Manufacturing,LO
"Hostess Brands
Amended",Statewide,856,05/04/12,7/01/2012,311812,Commercial Bakeries,Potential Closure
"Exopack, LLC",Seymour,111,05/02/12,7/01/2012,322130,Paperboard Mills,CL
First Transit,Hammond,46,5/1/2012,6/30/2012,485210,Interurban & Rural Bus Transportation,CL
Arden Companies,Kendallville,46,04/27/12,6/29/2012,313210,Broad-Woven Fabric Mills,CL
International Paper Company,Crawfordsville,57,04/26/12,6/26/2012,322211,Corrugated and Solid Fiber Box Manufacturing,LO
"Aurora Bank FSB, Aurora Loan Services",Indianapolis,450,04/23/12,7/7/2012,522120,Federal Savings Bank,LO
Integra Speciality Hospital,Muncie,72,04/19/12,6/17/2012,622110,General Medical & Surgical Hospitals,CL
"Ross Sand Casting Industries, Inc. Plant 3
Amended",Winchester,51,03/27/12,6/16/2012,331511,Iron Foundries,CL
Indiana Developmental Training Center,Indianapolis,134,03/22/12,05/25/12,624190,Other Individual & Family Svcs,CL
CertainTeed Corporation,Terre Haute,53,02/24/12,04/30/12,327124,Clay Refractory Manufacturing,LO
"GasAmerica Services, Inc. Main Headquarters",Greenfield,65,02/20/12,06/01/12,447190,"Service stations, gasoline",CL
"Bon L Manufacturing Co.
Amended
Updated
Updated",Kentland,146,02/01/12,04/03/12,331316,Aluminum Extruded Product Manufacturing,CL
Dominion/State Line Energy Station,Hammond,109,01/30/12,03/31/12,22111,Electric Power Generation,CL
MetLife,Indianapolis,56,01/27/12,03/31/12,522310,Mortgage and Nonmortgage Loan Brokers,CL
Kmart Store #7474,St. John,62,01/25/12,04/08/12,452112,Discount Department Stores,CL
Alverno Clinical Laboratories,Hammond,79,01/25/12,04/22/12,62151,Medical and Diagnostic Laboratories,LO
Kmart Store #4108,Portage,209,01/24/12,04/08/12,452112,Discount Department Stores,CL
AmeriQual Foods,Evansville,45,1/19/12,1/12/12,311991,Prepared Food Manufacturing,LO
Clondalkin Pharma & Healthcare,Evansville,32,12/16/2011,12/05/11 and 01/09/12,551112,"Offices of Other Holding
			  Companies",LO
Georgia Gulf Corporation (Royal Outdoor Products facility),Milford,60,12/14/2011,Mid February 2012,326199,"All Other Plastics Product
			  Manufacturing",CL
RCF Kitchens Indiana,"Cambridge 
			 City",131,11/28/2011,12/31/2011,722110,Full-Service Restaurants,CL
"International Paper Company Shorewood Packaging
Correction",Indianapolis,78,11/22/2011,11/02/2011,322213,Setup Paperboard Box Manufacturing,LO
Bayer HealthCare,Mishawaka,132,11/16/2011,01/15/2012,621999,Misc Ambulatory Health Care Svcs,LO
U.S Airways,Indianapolis,52,11/07/2011,01/09/2012,481111,Scheduled Passenger Air Transportation,LO
Best Buy,Franklin,223,11/03/2011,01/31/2012,443112,Radio Tv & Other Electronics Stores,CL
"Fortis Plastics
Corporate Offices
Amended Corporate
Amended Corporate
Manufacturing Facilities
Amended Manufacturing",South Bend,88,10/28/2011,12/23/2011,326199,"All Other Plastics Prod
			 Manufacturing",CL
International Bedding Corporation,New Haven,73,10/21/2011,12/22/2011,337910,Mattress Manufacturing,CL
"Lawrenceburg Distillers Indiana, LLC",Lawrenceburg,176,10/21/2011,12/20/2011,312140,Distilleries,LO
"Ford Motor Company  
Amended
Amended
Amended
Amended",Indianapolis,163,10/20/2011,3rd Qtr 2012,336330,Motor Vehicle Steering,CL
Arby's Restaurant,Westville,8,10/20/2011,12/23/2011,722110,Full-Service Restaurants,CL
"Musician's Friend, Inc.",South Bend,64,10/14/2011,12/30/2011,451140,Musical Instrument & Supplies Stores,CL
Graphic Packaging International,LaPorte,128,10/12/2011,02/24/2012,322130,Paperboard Mills,CL
"Vantiv, LLC
Amended
Amended",Evansville,55,10/05/2011,02/10/2012,518210,"Data Processing, Hosting, and 
			 Related Services",LO
TEREX Corporation,Fort Wayne,53,10/04/2011,12/02/2011,333120,"Construction Machinery
			 Manufacturing",LO
"Navistar, Inc
Amended
Attachment
Amended",Fort Wayne,133,9/30/2011,12/02/2011,336111,Automobile Manufacturing,LO
Comcast,Fishers,57,9/22/2011,11/22/2011,515210,"Cable and Other Subscription 
			 Programming",LO
"Pace American Enterprises, Inc",Middlebury,106,9/13/2011,9/16/2011,336212,Truck Trailer Manufacturing,LO
"Vantiv, LLC",Evansville,25,9/16/2011,11/18/2011,518210,"Data Processing, Hosting, and
			 Related Services",LO

"Workhorse Custom Chassis LLC
Amended",Union City,212,9/12/2011,11/7/2011,336111,Automobile Manufacturing,CL
Ingersoll Rand,Indianapolis And Carmel,17,9/1/2011,11/1/2011,237990,Other Heavy Construction,LO
Lockheed Martin Corporation,Indianapolis,47,8/15/2011,10/16/2011,541330,Engineering Svcs,LO
Caribbean Cove Hotel and Water Park,Indianapolis,206,8/9/2011,10/9/2011,713110,Amusement & Theme Parks,CL
Lockheed Martin Corporation,Crane,7,7/28/2011,9/30/2011,541330,Engineering Svcs,LO
"Ficosa North America
Amended Notice
Exhibit A
Amended Notice",Berne,175,07/25/2011,04/30/2012,442299,All Other Home Furnishings Stores,LO
"Kearney & Company, P.C.",Indianapolis,84,07/21/2011,10/01/2011,541211,Accountants,CL
Regional Elite Airline Services,Indianapolis,59,07/18/2011,10/01/2011,481111,Scheduled Passenger Air Transportation,CL
Comcast Cable,Indianapolis,103,06/29/2011,09/11/2011,515210,Cable & Other Subscription Programming,LO
Nidec Motor Corp.,Frankfort,94,06/16/2011,08/16/2011,333412,Industrial & Commercial Fan & Blower Manufacturing,CL
Tree.Com.Inc,Carmel,64,06/03/2011,08/03/2011,523910,Miscellaneous Intermediation,CL
Dietrich Metal Framing,Hammond,105,05/4/2011,06/26/2011,331111,Iron and Steel Mills,CL
Best Buy,Franklin,301,05/16/2011,03/31/2011,443112,"Radio, TV & Other Electronics",CL
Nordstrom,Indianapolis,203,05/27/2011,07/31/2011,452111,Department Store,CL
R.R. Donnelley & Sons,South Bend,107,05/31/2011,07/24/2012,323117,Books Printing,CL
"Flextronics Americas, LLC",Statewide- Various Locations,41,05/31/2011,08/31/2011,517210,Cellular Telephone Services,LO
Ditan Distribution,Plainfield,76,04/19/2011,08/05/2011,541870,Advertising Material Distribution Svcs,CL
Ruan Transport Corporation,Decatur,58,03/30/2011,06/01/2011,484121,"General Freight Trucking, Long-Distance, Truckload",CL
Lafayette Life Insurance Company,Lafayette,159,03/24/2011,07/01/2011,524113,Direct Life Insurance Carriers,CL
Northstar Aerospace Inc,Anderson,48,03/02/2011,06/24/2011,336413,Other Aircraft Parts and Auxiliary Equipment Manufacturing,CL
Monroe Bank (Division of Old National Bank),Bloomington,59,02/15/2011,06/01/2011,522110,Commercial Banking,LO
Genco ATC,Brownsburg,76,02/14/2011,04/30/2011,493110,General Warehousing and Storage,CL
Masco Support Services,Indianapolis,67,02/07/2011,07/29/2011,337110,Wood Kitchen Cabinet and Countertop Manufacturing,CL
"Key Plastics, LLC",Hartford City,214,01/27/2011,07/29/2011,424610,Plastics Materials Merchant Wls,CL
"Caterpillar Logistics, Inc.",Greenfield,84,01/24/2011,05/01/2011,333120,Construction Machinery Manufacturing,LO
Medtec Ambulance Corp.,Goshen,154,01/11/2011,03/31/2011,336211,Motor Vehicle Body Manufacturing,CL
Milbank Manufacturing Co.,Kokomo,75,01/07/2011,03/08/2011,335931,Current Carrying Wiring Device Manufacturing,CL
Fluor,Rockport,132,01/06/2011,03/11/2011,238140,Masonry Construction,LO
Siemens Industry Inc.,Rockport,63,01/04/2011,03/11/2011,335314,Relay and Industrial Control Manufacturing,LO
AJWright,South Bend,725,12/10/2010,2/8/2011,448140,Family Clothing Stores,CL
"General Motors Stamping Plant
Amended Notice
Amended Notice
Amended Notice
Amended Notice",Indianapolis,443,11/29/10,6/30/2011,336370,Motor Vehicle Metal Stamping,CL
"Printpack Inc.
Amended Notice
Amended Notice",Greensburg,230,11/17/10,1/20/2011,322221,Coated & Laminated Packaging Materials Mfg.,CL

Weil-McLain,Michigan City,87,11/8/2010,1/9/2011,333415,Air-Conditioning & Warm Air Heating Equipment Manufacturing,LO
"Automotive Components Holding, LLC
Amended Notice
Amended Notice
Amended Notice
Amended Notice",Indianapolis,26,10/28/2010,LO-1/14/2011 CL-End of 2012,336330,Motor Vehicle Steering and Suspension Components Manufacturing,LO/CL
Principal Financial Group,Indianapolis,60,10/11/2010,12/10/2010,523999,Misc. Financial Investment Activities,LO
Hoffmaster Group Inc dba Creative Converting,Indianapolis,80,10/7/2010,2/25/2011,49311,General Warehousing and Storage,CL
TeleServices Direct,Greenwood,260,10/7/2010,12/4/2010,56142,Telephone Call Centers,CL
"Camryn Industries
Amended Notice",Berne,250,10/4/2010,10/15/2010,336360,Motor Vehicle Seating and Interior Trim Manufacturing,CL
"Xanodyne Pharmaceuticals, Inc.","Newport, KY",4 Hoosiers,9/21/2010,11/21/2010 - 3/15/201,325412,Pharmaceutical Preparation Manufacturing,LO
"Ford Motor Company
Amended Notice",Indianapolis,46,9/17/2010,05/06/2011,336330,Motor Vehicle Steering,LO and CL
"DMI Furniture, Inc",Huntingburg,62,09/15/2010,11/19/2010,337122,Nonupholstered Wood Household Furniture,CL
IAC International Automotive Components,Greencastle,202,09/09/2010,11/10/2010,336111,Automobile Manufacturing,LO
Spa Chakra - Conrad Hotel,Indianapolis,18,08/31/2010,08/20/2010,721110,Hotels (except casino hotels),CL
Eli Lilly and Company,Indianapolis,500,08/09/2010,11/30/2010,325412,Pharmaceutical Preparation Manufacturing,LO
Perfect Fit Industries,Loogootee,95,08/06/2010,12/31/2010,314129,Other Household Textile Product Mills,CL
Norwood Promotional Products LLC,Indianapolis,57,07/08/2010,01/31/2011,454111,Business to Consumer retail sales Internet sites,CL
Indiana Medical Associates LLC,Fort Wayne,102,07/01/2010,09/01/2010,622310,Other Hospitals,CL
Peabody Indiana Services LLC,Pimento,90,07/01/2010,08/31/2010,212111,Bituminous Coal & Lignite Surface Mining,CL
Peabody Midwest Management Services LLC,Pimento,10,07/01/2010,08/31/2010,212111,Bituminous Coal & Lignite Surface Mining,CL
Engineered Plastic Components Inc. -dba- Innatech LLC,Richmond,75,6/29/2010,8/17/2010,326199,All Other Plastics Product Manufacturing,CL
Pace American,Middlebury,150,06/01/2010,7/31/2010,336214,Travel Trailer and Camper Mfg.,CL
"MHP Pharmacy -dba- Freedom Pharmacy
Amended Notice",Indianapolis,55,06/02/2010,8/02/2010,621999,Misc. Ambulatory Health Care Svc,CL
ADCO Products Inc.,Evansville,68,05/24/2010,8/06/2010,325520,Adhesive Manufacturing,LO
Navistar (dba Indpls Casting Corp.),Indianapolis,415,4/26/2010,07/2010,336399,All Other Motor Vehicle Parts Mfg.,CL
"Dawn Foods
Amended Notice
Amended Notice",Crown Point,160,4/8/2010,8/31/2010,311813,Frozen Pastry Manufacturing,CL
Knauf Insulation GmbH,Shelbyville,100,04/7/2010,6/6/2010,339999,All Other Miscellaneous Manufacturing,LO
Temple-Inland,Evansville,97,3/29/2010,5/28/2010,322211,Corrugated/Solid Fiber Box Manufacturing,LO
Ceva Logistics U.S. Inc,Plainfield,253,3/17/2010,6/30/2010,493190,Other Warehouse and Storage,CL
I.V.C Industrial Coating,Indianapolis,55,03/02/2010,06/01/2010,32551,Paint and Coating Manufactuing,CL -Relocating
Diversified System Inc.,Indianapolis,104,2/25/2010,4/30/2010,334412,Circuit Board Mfg,CL
Universal Music Group,Fishers,34,2/23/2010,5/09/2010,UNK,Unknown,LO
K-Mart Store No. 4913,Terre Haute,141,2/19/2010,5/07/2010,452112,Discount Department Store,LO
Gunite Corporation,Elkhart,100,2/18/2010,5/31/2010,336340,Motor Vehicle Brake System Manufacturing,CL
K-Mart Store No. 9187,Connersville,59,2/05/2010,5/31/2010,452112,Discount Department Store,CL
AAA Hoosier Motor Club,Indianapolis,61,2/03/2010,6/30/2010,813920,Professional Organization,CL
Cardinal Health,Indianapolis,49,02/03/2010,04/03/2010,339112,Surgical Medical Instrument mfg,LO
NAL Worldwide,Plainfield,126,02/02/2010,03/31/2010,493110,General Warehousing and Storage,CL
Visteon,Indianapolis,15,1/26/2010,3/31/2010,336312,Engine Part Manufacturing,LO
Apria Healthcare,Indianapolis,32,1/18/2010,1/29/2010,623990,Other Residential Care Facility,LO
Gunite Corporation,Elkhart,136,1/12/2010,3/23/2010,336340,Motor Vehicle Brake System Manufacturing,LO
Acubuilt,Elkhart,73,01/06/2010,3/06/2010,336213,Motor Home Manufacturing,CL
"Newport Chemical Depot
Amended Notice
			Amended Notice",Newport,207,12/28/2009,12/30/2009,562211,Radioactive Material Disposal,LO
Rock-Tenn Converting Company,Columbus,71,12/15/2009,2/13/2010,322122,Newsprint Mills,CL
Madison Center,South Bend,100,12/09/2009,1/4/2010,622210,Psychiatric and Substance Abuse Hospital,LO
K-Mart Store No. 3321,Jeffersonville,69,12/03/2009,2/7/2010,452112,Discount Department Store,CL
Lincoln Food Service Products Inc.,Fort Wayne,190,12/02/2009,2/1/2010,333319,Other Commercial and Service Machinery,CL
"Visteon Corporation
Amended Notice",Indianapolis,187,12/1/2009,1/29/2010,336312,Engine Parts Manufacturing,LO
Apria Healthcare,Indianapolis,35,11/18/2009,12/31/2009,623990,Other Residential Care Facilities,LO
Graphic Packaging,Fort Wayne,118,11/03/2009,6/30/2010,322212,Folding Paperboard box Manufacturing,CL
"Workhorse Custom Chassis, LLC",Union City,90,11/02/2009,1/4/2010,336111,Automotive Manufacturing,LO
Carlisle Industrial Brake and Friction (Carlisle Corp),Logansport,118,11/02/2009,12/25/2009,336340,Motor Vehicle Brake System Manufacturing,CL
Eli Lilly,Indianapolis,191,11/02/2009,12/31/2009,325412,Pharmaceutical Preparation Manufacturing,CL
Masonite Corporation,South Bend,73,10/22/2009,12/23/2009,321999,Woo Product Manufacturing,CL
Bristol-Myers Squibb Company,Evansville and Mount Vernon,113,10/20/2009,12/31/2009,424210,Druggists' Goods Merchant Wholesalers,LO
Lockheed Martin,Indianapolis,25,10/14/2009,12/12/2009,33641,Aerospace product manufacturing,LO
"Heraeus Electro-Nite Co.

Amended Notice",Peru,109,10/6/2009,12/7/2009,334419,Other Electronic Component Manufacturing,LO
"Peaboy Midwest Management Services, LLC",Francisco,133,09/23/2009,11/23/2009,21211,Coal Mining,CL
International Aerospace Tubes,Indianapolis,106,08/27/2009,10/28/2009,33641,Aerospace Product Manufacturing,CL
Kmart Corp.,Martinsville,48,08/06/2009,11/08/2009,452112,Discount Department Stores,CL
Continental Automotive Systems,Elkhart,42,08/03/2009,09/30/2009,335999,Miscellaneous Electrical Equipment,CL
MANN+HUMMEL USA Inc.,South Bend,57,07/30/2009,09/30/2009,339999,All Other Miscellaneous Manufacturing,CL
Valmont Industries,Elkhart,15,07/23/2009,9/23/2009,332312,Fabricated Structural Metal Mfg,LO
Duffy Tool and Stamping,Muncie,130,07/27/2009,10/30/2009,332113,Metal Stamping,CL
Reiter Automotive,Lowell,130,07/23/2009,Prior to the end of 2009 (as stated in the WARN notice),33639,All Other Motor Vehicle Parts Mfg,CL
Plymouth Tube Co.,Winamac,19,07/14/2009,08/03/2009,331210,Iron and Steel Pipe and Tube Manufacturing from Purchased Steel,LO
Altec LLC,Fort Wayne,64,07/10/2009,10/31/2009,339610,Heavy Duty Truck Manufacturing,CL
Stride Rite Cororation,Huntington,120,07/10/2009,09/11/2009,31621,Footwear Manufacturing,CL
Fleetwood Homes,Garrett,87,07/02/2009,08/31/2009,321991,Manufactured Mobile Home Manufacturing,CL
Meridian Automotive Systems,Grabill,122,07/02/2009,07/02/2009,339999,Manufacture reinforced plastic panels for the automotive and truck,LO
US Food Service Inc.,Bloomington,400,06/23/2009,10/03/2009,424410,General Line Grocery Merchant Wholesale,CL
Girtz Industries Inc.,Monticello,60,06/11/2009,08/10/2009,332999,Miscellaneous Fabricated Metal Products,LO
"Columbus Components Group, LLC",Columbus,215,06/10/2009,07/31/2009,336399,All Other Motor Vehicle Parts Mfg,CL
NAL Worldwide LLC,Fort Wayne,70,05/29/2009,05/29/2009 to 12/01/2009,541614,"Process, physical distribution, and logistics Consulting services",CL
Meridian Automotive Systems,Shelbyville,295,06/08/2009,07/02/2009,339999,Manufacture reinforced plastic panels for the automotive and truck,LO
Thermo Fisher Scientific,Indianapolis,114,06/08/2009,12/31/2009,621511,Medical Laboratories,CL
Jasper Group,Batesville,110,06/05/2009,8/02/2009,337122,Nonupholstered Wood Household Furniture,CL
Philips Products,Bristol,8,06/03/2009,8/05/2009,332321,Metal Window and Door Manufacturing,CL
Philips Products,Elkhart,249,06/03/2009,8/05/2009,332321,Metal Window and Door Manufacturing,CL
Contech,Pierceton,59,06/02/2009,7/01/2009 to 7/08/2009,332323,Ornamental and Architectural Mtal Work,LO
Apria Healthcare,Indianapolis,11,06/1/2009,7/22/2009 to 8/31/2009,623990,Other Residential Care Facilities,LO
Harsco Metals,East Chicago,92,06/1/2009,7/31/2009,333512,Metal Cutting Machine Tool Manufacturing,CL
Fort Wayne Foundry,Columbia City,287,5/29/2009,5/28/2009 to 6/30/2009,331111,Iron and Steel Mills,CL
Fort Wayne Foundry,Fort Wayne,174,5/29/2009,5/29/2009 to 6/30/2009,331111,Iron and Steel Mills,CL
"Caterpillar Logistics Services, Inc.",Lafayette,158,5/28/2009,8/24/2009,423120,Motor Vehicle Supplies and New Parts Merchant Wholesalers,RH
The Mitchell Group,Indianapolis,104,5/26/2009,12/01/2008,332721,Precision Manufacturing,RH
Delta Faucet,Greensburg,265,5/27/2009,7/29/2009 to 1/29/2010,339999,All Other Miscellaneous Manufacturing,LO
Altec Aluminum Technologies,Jeffersonville,60,5/22/2009,7/24/2009,331316,Aluminum Extruded Product Manufacturing,LO
Stock Building Supply,Franklin,85,5/12/2009,7/12/2009,444190,Other Building Material Dealers,CL
"Standard Locknut, LLC",Westfield,78,5/13/2009,4/10/2009 to 5/14/2009,332722,"Bolts, Nuts, Screws, Rivets, and Washers",LO
Caterpillar,Lafayette,985,5/15/2009,8/24/2009,333120,Construction Machinery Manufacturing,RH
ArcelorMittal,East Chicago,978,5/12/2009,7/12/2009,331111,Iron and Steel Mills,LO
Icon Metal Forming LLC,Corydon,140,5/05/2009,5/06/2009,336399,All Other Motor Vehicle Parts Mfg,LO
Caterpillar,Lafayette,141,5/06/2009,7/31/2009,332996,Fabricating Pipe and Pipe Fittings,LO
Guardian Automotive Products,Ligonier,133,5/04/2009,5/08/2009,336211,Motor Vehicle Body Manufacturing,LO
Cummins Inc,Walesboro,694,5/07/2009,5/13/2009,333618,Other Engine Equipment Manufacturing,LO
"Mars Petcare US, Inc",Portland,51,5/06/2009,6/08/2009,311111,Dog and Cat Food Manufacturing,CL
"American Medical Response Ambulance Service, Inc",Fort Wayne,116,5/01/2009,6/30/2009,621910,Ambulance Services,CL
Wabash National,Lafayette,790,5/01/2009,1st Quarter 2009,336212,Truck Trailer Manufacturing,LO
Baldor,Columbus,122,4/30/2009,6/30/2009,336322,Other Motor Vehicle Electrical Equipment,LO
Noble International,Butler,153,4/21/2009,6/20/2009,331221,Rolled Steel Manufacturing,CL
Harsco Metals,East Chicago,57,4/24/2009,7/31/2009,333512,Metal Cutting Machine Tool Manufacturing,CL
Valmont Industries,Elkhart,70,4/15/2009,6/16/2009,332312,Fabricated Structural Metal Manufacturing,LO
Cinram Inc.,Richmond,330,4/17/2009,6/16/2009,334612,Audio and Video Meda Reproduction,CL
United,Indianapolis,47,4/13/2009,6/16/2009,481111,Scheduled Passenger Air Transportation,LO
IH Lumber,Chandler,NA,4/06/2009,4/06/2009,321912,"Cut Stock, Resawing, Lumber, and Planing",CL
Dawn Food Products,Ossian,59,4/07/2009,6/30/2009,311812,Commercial Bakeries,CL
Moody's Analytics,South Bend,70,4/01/2009,6/12/2009,561450,Credit Rating Services,CL
Mitsubishi Heavy Industries Climate Control Inc.,Franklin,87,4/07/2009,6/07/2009 to 6/19/2009,333999,Manufacturing,LO
Small Parts Incorporated,Logansport,107,3/12/2009,12/19/2008 to 2/27/2009,336370,Motor Vehicle Metal Stamping,LO
"Smoker Craft, Inc",New Paris,69,3/30/2009,8/30/2008 to 2/27/2009,336612,Boat Building,LO
"Smoker Craft, Inc",Topeka,25,3/30/2009,8/30/2008 to 2/27/2009,336612,Boat Building,CL
Fleetwood,Decatur,443,4/01/2009,6/30/2009,336214,Travel Trailer and Camper Manufacturing,CL
Sun Microsystems,Indianapolis,7,3/30/2009,5/30/2009 to 6/13/2009,334111,Electronic Computer Manufacturing,LO
Graphic Packaging,Muncie,151,3/30/2009,5/29/2009 to 9/15/2009,333993,Packaging Machinery Manufacturing,CL
Metaldyne,Fremont,67,3/27/2009,1/05/2009 to 3/30/2009,332919,Other Metal Valves and Pipe Fittings,LO
Direct Brands Inc.,Indianapolis,151,3/25/2009,6/01/2009 to 2/26/2010,339999,Distributor of media products,LO
Direct Brands Inc.,Terre Haute,147,3/25/2009,5/29/2009 to 3/31/2010,339999,Distributor of media products,LO
"Columbus Components Group, LLC",Columbus,338,3/25/2009,4/09/2009,336399,All Other Motor Vehicle Parts Mfg,LO
Fort Wayne Foundry (Lima Road Division),Fort Wayne,174,3/25/2009,6/28/2009,331111,Iron and Steel Mills,CL
Fort Wayne Foundry (Machining Division),Fort Wayne,52,3/25/2009,6/28/2009,331111,Iron and Steel Mills,CL
Amazon,Munster,45,3/25/2009,5/25/2009,493110,General Warehousing and Storage,CL
Aleris Rolled Products,Terre Haute,50,3/24/2009,5/23/2009,339999,All Other Miscellaneous Manufacturing,CL
Rea Magnet Wire,Fort Wayne,85,3/20/2009,5/20/2009,332618,Other Fabricated Wire Product Mfg,CL
Dexter Axle,Elkhart,119,3/20/2009,6/26/2009,336399,All Other Motor Vehicle Parts Mfg,CL
Caterpillar,Lafayette,439,3/17/2009,5/29/2009,33996,Fabricated Pipe and Pipe Fittings,LO
"Iceberg Enterprises, LLC",Howe,48,3/13/2009,5/12/2009,326199,All Other Motor Vehicle Parts Mfg,LO
Vibracoustic North America (Fruedenburg-NOK),Ligonier,54,2/27/2009,3/13/2009,336399,All Other Motor Vehicle Parts Mfg,LO
Eaton Corporation,Greenfield,103,3/10/2009,5/11/2009,336350,Motor Vehicle Power Train Components,CL
"Sumco, Inc",Indianapolis,110,3/12/2009,5/12/2009,331419,Primary smelting and refining of nonferrous metal,CL
Wishard Health Services,Indianapolis,250,3/11/2009,5/13/2009,622110,General Medical and Surgical Hospitals,LO
Sportsman's Warehouse,Lafayette,44,3/10/2009,5/11/2009 to 5/24/2009,452112,Discount Department Stores,CL
Monaco Coach Corporation,"Wakarusa, Milford, Warsaw",515,3/03/2009,3/02/2009 to next few months,336214,Travel Trailer and Camper Manufacturing,CL
PK U.S.A Inc.,Shelbyville,70,3/03/2009,3/04/2009 to 4/30/2009,336370,Motor Vehicle Metal Stamping,LO
"Sears, Roebuck & Co.",Noblesville,69,2/26/2009,5/31/2009,452111,"Department Stores, ex. Discount",CL
"Anderson Services, LLC",Bloomington,56,2/24/2009,2/11/2009,451212,News Dealers and Newsstands,CL
Martin Transportation Systems,Gas City,92,2/13/2009,4/30/2009,488999,"Support Activities, Transport",CL
Kmart Corp.,Vincennes,67,2/26/2009,7/08/2009,452112,Discount Department Stores,LO
Porter Inc.,Decatur,225,2/03/2009,2/27/2009,336612,Boat Building,LO
Caterpillar,Plainfield,23,2/20/2009,4/30/2009,332996,Fabricated Pipe and Pipe Fittings,LO
Navistar,Indianapolis,1336,2/19/2009,12/31/2009,336399,All Other Motor Vehicle Parts Mfg,CL
BorgWarner,Muncie,750,2/11/2009,4/13/2009,336399,All Other Motor Vehicle Parts Mfg,LO
Firestone,Noblesville,238,2/10/2009,6/26/2009,326299,All Other Rubber Product Manufacturing,CL
Keystone RV Company,Goshen Howe,265,2/2/2009,4/03/2009 to 5/01/2009,336213,Motor Home Manufacturing,CL
Amsted Rail/ASF-ASF Keystone,Hammond,80,2/06/2009,4/08/2009,332611,Spring (Heavy Gauge) Manufacturing,LO
hhgregg distribution center,Indianapolis,51,2/05/2009,4/06/2009,443111,Household Appliance Stores,LO
Pelco Inc.,Indianapolis,42,1/31/2009,3/31/2009,334310,Vide and Security Systems Manufacturing,CL
Continental Automotive Systems,Elkhart,119,1/30/2009,3/31/2009 to 12/30/2009,335999,Miscellaneous Electrical Equipment,CL
Dexter Axel,Manchester,156,1/30/2009,2/02/2009 to  12/30/2009,336399,All Other Motor Vehicle Parts Mfg,CL
Teleperformance USA,Fishers,395,1/29/2009,4/03/2009,541990,All Other Professional & Technical Svc,LO
OFS Brands,Huntingburg,68,1/22/2009,3/23/2009,339111,Laboratory Apparatus and Furniture,CL
International Paper,Hartford City,99,1/23/2009,3/02/2009 to 04/06/2009,322211,Corrugated/SolidFiber Box Manufacturing,CL
"Liberty Homes, Inc",Syracuse,81,1/16/2009,3/20/2009,236115,New Single-Family Housing Construction,CL
AT&T,Indianapolis,115,1/13/2009,3/16/2009,423690,Other Electronic Parts Merchant Whsle,LO
Holm Industries,Scottsburg,38,1/12/2009,3/16/2009,326199,All Other Plastics Product Manufacturing,CL
Beach Mold and Tool Inc.,Albany,193,1/6/2009,1/09/2009,333511,Industrial Mold Manufacturing,LO
Kimball Office,Borden,75,1/12/2009,3/31/2009,337211,Wood Office Furniture Manufacturing,LO
MAHLE,Churubusco,78,1/12/2009,3rd quarter of 2009,322299,Packages gaskets,CL
"Sleep Innovations, Inc.",Elkhart,104,1/12/2009,4/27/2009,314129,Other household products,CL
Patriot Homes,Middlebury,125,1/09/2009,1/23/2009,321991,Manufactured/Mobile Home Manufacturing,CL
General Aluminum,Richmond,84,1/09/2009,3/08/2009,331524,Automotive Components,LO
Color-Box,Indianapolis,74,1/09/2009,3/10/2009,327910,Abrasive Product Manufacturing,CL
Macy's Department Store,Indianapolis,98,1/08/2009,3/26/2009,452111,"Department Stores, ex. Discount",CL
Yellow Transportation,South Bend,60,12/28/08,3/01/09,484121,"General Freight Trucking, Long-Dist TL",LO
Roadway Express,South Bend,69,12/28/08,3/01/09,484121,"General Freight Trucking, Long-Dist TL",LO
Fortis Plastics,Elkhart,Undisclosed at this time,12/17/08,2/16/09,32619,Other plastics product,LO
ATI Alleheny Ludlum,New Castle,115,12/22/08,August to December 2008,31221,Rolled Steel Shape,LO
Odyssey Group LLC,Bristol,170,12/8/08,12/1/08,423610,Wiring & Equipment,CL
deflect-o Corporation,Indianapolis and Fishers,219,12/11/08,2/13/09,339999,All Other Miscellaneous,CL
Dalton Corporation,Kendallville,281,12/09/08,5/1/09,331511,Iron Foundries,CL
Arbonne International,Greenwood,95,12/08/08,2/08/09,454390,Other Direct Selling Establishments,LO
Entegra Coach,Wakarusa,134,12/09/08,2/07/09,336214,Travel Trailer and Camper Manufacturing,CL
DHL Express,Lafayette,34,12/03/08,1/23/08,492110,Couriers,LO
DHL Express,Bloomington,30,12/03/08,1/23/08,492110,Couriers,LO
DHL Express,South Bend,70,12/03/08,1/23/08,492110,Couriers,LO
DHL Express,"Indianapolis, Johnson Road",80,12/03/08,1/23/08,492110,Couriers,LO
DHL Express,"Indianapolis, Fortune Circle",109,12/03/08,1/23/08,492110,Couriers,LO
KM Plan Services,Hammond,239,11/26/08,10/17/08,561790,Other Services to Buildings & Dwellings,LO
Hoosier Hand-Pak,Terre Haute,60,12/01/08,1/30/09,561910,Packaging and Labeling,CL
Dexter Axle Company,North Manchester,164,12/01/08,2/02/09,332312,Fabricated Structural Metal Mfg,CL
SourceNet inc.,East Chicago,48,12/1/08,12/5/09,561310,Employment Placement Agencies,CL
ArcelorMittal USA Inc.,Burns Harbor,2444,11/21/08,1/25/09,331111,Iron and Steel Mills,LO
Accent Marketing,New Albany,164,11/20/08,1/20/09,561499,All Other Business Support Services,LO
Fleetwood,Crawfordsville,109,11/21/08,1/19/09,336214,Travel Trailer and Camper Manufacturing,CL
MI Windows and Doors Inc,Lebanon,133,11/20/08,11/20/09,332999,Other Metal Manufacturing,CL
"Harford Metal Products, Inc",Hartford City,38,11/21/08,1/20/09,336399,All Other Motor Vehicle Parts Mfg,CL
Bluegreen Corp.,Indianapolis,92,11/20/08,1/20/09,541990,All Other Professional & Technical Svc,LO
Knauf Insulation,Shelbyville,65,11/19/08,1/19/09,339999,All Other Miscellaneous Manufacturing,LO
"Starcraft RV, Inc.",Topeka,244,11/17/08,1/17/09,336214,Travel Trailer and Camper,CL
Palladium-Item,Richmond,60,11/11/08,1/10/09,511110,Newspaper Publishers,LO
"Modine Manufacturing
Amended Notice
			Amended Notice
Amended Notice
Amended Notice",Logansport,147,11/17/08,1/23/09-2010,336399,All Other Motor Vehicle Parts,CL
"Kinro, Inc",Bristol,143,11/05/08,1/05/09,32721,Manufacturer of windows for homes and RV industry,LO
Fruedenburg-NOK,Scottsburg,85,11/06/08,1/09/09-5/31/09,336399,All Other Motor Vehicle Parts Mfg,CL
"Central Manufacturing, Inc",Parker City,58,11/07/08,1/06/2009,336370,Motor Vehicle Metal Stamping,CL
Fruedenburg-NOK,Scottsburg,85,11/06/08,1/09/09-5/31/09,336399,All Other Motor Vehicle Parts Mfg,CL
Thomson Inc.,Carmel,71,11/06/08,1/04/08-6/30/09,334310,Audio and Visual Equipment,LO
Target Store,Indianapolis S. East Street,80,11/5/08,11/17/08,452112,Discount Department,CL
Meridian Automotive,Huntington,186,11/05/08,11/14/08-1/30/09,332999,Miscellaneous Fabricated Metal,CL
HYOSUNG (America) INC.,Scottsburg,154,10/31/08,12/31/08,33121,Iron and Steel Pipe and Tube Manufacturing,CL
Roche Diagnostics,Indianapolis,323,10/31/08,12/31/08 - 2010,339112,Surgical and Medical,LO
"Archer Land Title, Inc.",Indianapolis,48,10/24/08,11/03/08-12/01/08,522190,Other Depository Credit Intermediation,LO
Salga Inc.,Fremont,83,10/21/08,12/20/08,326199,All Other Plastics Product Manufacturing,CL
Taylor University,Fort Wayne,93,10/16/08,11/01/08 - 5/31/09,611310,Colleges and Universities,CL
Sears Holdings Corporation,Indianapolis (2 locations),110,10/15/08,1/11/09,452111,"Department Stores, ex. Discount",CL
Kmart Corporation,Clarksville,53,10/15/08,12/18/08,452990,All Other General Merchandise Stores,CL
Great Dane Trailers,Terre Haute,108,10/09/08,10/17/08,336212,Truck Trailer Manufacturing,LO
Scott Brass Inc.,Mishawaka & New Carlisle,107,10/08/08,10/08/08,332618,Other Fabricated Wire Product Manufacturing,LO
Southwest Research Institute,Clinton,92,9/23/08,1/09/08 – 6/09/10,541990,All Other Professional & Technical Svc,LO
DriveSol Worldwide Inc.,Kendallville,157,9/11/08,12/21/08,336211,Motor Vehicle Body Manufacturing,CL
Flexsteel,New Paris,157,9/10/08,11/09/08,337125,"Household Furniture, Ex. Wood or Metal",CL
LEAR Corporation,Hammond,121,9/03/08,11/03/08,336399,Automotive Interior Systems and Components,LO
Kurz Kasch,Wabash,72,9/04/08,9/04/08 - 11/07/08,335931,Coil Manufacturing,LO
Eli Lilly and Company,"Indianapolis, 1400 West Raymond Street",98,8/28/08,10/30/08,325412,Pharmaceutical Preparation Manufacturing,LO
Eli Lilly and Company,"Indianapolis, Corporate Center",84,8/28/08,10/30/08,325412,Pharmaceutical Preparation Manufacturing,LO
PSC Metals Inc,Burns Harbor,108,8/28/08,10/14/08,331314,Secondary Smelting/Alloying of Aluminum,CL
"Driggs Farms of Indiana, Inc.",Decatur,200,8/27/08,8/26/08,31152,Ice Cream Manufacturing,CL
"MasterBrand Cabinets, Inc",Richmond,275,8/26/08,10/26/08,32199,Wood Product Manufacturing,LO
Atlantis Plastics (1121 Herman Street),Elkhart,20,8/17/08,10/31/08,326199,Plastics Manufacturing,CL
Atlantis Plastics (2965 La Vanture Place),Elkhart,78,8/17/08,10/31/08,326199,Plastics Manufacturing,CL
Atlantis Plastics (54500 Country Road 3),Elkhart,72,8/17/08,10/31/08,326199,Plastics Manufacturing,CL
Parsons,Newport,412,8/15/08,8/23/08 -2010,562211,Radioactive Material Disposal,CL
Trellborg Automotive,Peru,180,8/12/08,10/08/08,336312,Engine Parts Manufacturing,CL
Sundowner Trailers,Elkhart,80,8/01/08,10/03/08,336213,Motor Home Manufacturing,CL
GECOM Corp,North Vernon,136,7/29/08,9/28/08,336312,Engine Parts Manufacturing,LO
Monaco Coach,Elkhart & Napanee,1430,7/17/08,9/17/08,336213,Motor Home Manufacturing,CL
Republic Airways,Indianapolis,500 Nationwide,7/14/08,9/10/08,481111,Air Transportation,LO
"American Airlines, Inc.",Indianapolis,4,7/14/08,9/05/08,481111,Air Transportation,LO
"Mitsubishi Heavy Equipment Climate Control, Inc",Franklin,60,7/10/08,9/12/08,333999,Manufacturing,CL
PendaForm/Fabriform,Bluffton,75,01/24/17,03/25/17,326199,All Other Plastics Product Manufacturing,LO,N/A
Gannett Publishing Services,Evansville,48,01/25/17,03/27/17,511110,Newspaper Publishers,CL,N/A
"Eli Lilly and Company
Revised (2/3/17)",Nationwide,75 in Indiana,01/06/17,03/31/17,325412,Pharmaceutical Preparation Manufacturing,LO,N/A
United Technologies Electronic Controls,Huntington,738,01/05/17,03/08/17,334512,"Automatic Environmental Control Manufacturing for Residential, Commercial, and Appliance Use",LO,TAW #91714 - 06/20/2016
