Notice Date,"NAICS
                                  Code",Company,Location,"WIA
                                  Code","Total
                                  Employees","Effective
                                  Date","Type
                                  Code"
1/10/2020,452210,Macy's,"2304 N. Salisbury Blvd Salisbury, MD 21801",5,80,3/30/2020,1
1/15/2020,493110,"IAS Logistics DFW, LLC                           d/b/a                     Pinnacle Logistics","BWI Airport                 7050 Friendship Road Baltimore, MD 21240	1",1,"1,609",4/14/2020,2
1/29/2020,493110,Collington Distribution Center,"16020 Leeland Road Upper Marlboro, MD 20774",8,520,8/1/2020,1
1/29/2020,531311,Oakwood Worldwide (US) LP,"888 Airport Park Road Suite A                         Glen Burnie, MD 21061",1,2,3/30/2020,2
2/11/2020,492110,"Fedex Ground Package System, Inc.","4801 Hollins Ferry Road  Halethorpe, MD 21227",2,130,4/18/2020,1
2/18/2020,811111,Transform SR LLC-06063                  (Sears Auto Center),"11170 Mall Circle Waldorf, MD 20603",9,10,4/12/2020,1
2/18/2020,452210,Transform SR LLC-01074                  (Sears Department Store),"11170 Mall Circle Waldorf, MD 20603",9,58,4/12/2020,1
3/5/2020,624190,Salvation Army Adult Rehabilitation Centers,"10912 York Road     Cockeysville, MD 21030",2,11,5/30/2020,1
3/5/2020,624190,Salvation Army Adult Rehabilitation Centers,"2250 Gable Avenue     Baltimore, MD 21230",3,17,5/30/2020,1
3/5/2020,624190,Salvation Army Adult Rehabilitation Centers,"2700 W. Patapsco Ave  Baltimore, MD 21230",3,31,5/30/2020,1
3/9/2020,442110,Wolf Furniture,"2400 Churchville Road                   Bel Air, MD 21015",10,17,5/9/2020,1
3/9/2020,442110,Wolf Furniture,"6415 Baltimore National Pike   Catonsville, MD 21228",2,19,5/9/2020,1
3/9/2020,442110,Wolf Furniture,"1215 W. Patrick Street       Frederick, MD 21702",4,21,5/9/2020,1
3/9/2020,442110,Wolf Furniture,"900 Premimum Outlets Blvd.      Hagerstown, MD 21740",12,24,5/9/2020,1
3/9/2020,442110,Wolf Furniture,"8038 Ritchie Highway         Pasadena, MD 21122",1,27,5/9/2020,1
3/9/2020,442110,Wolf Furniture,"1530 E. Joppa Road                 Towson, MD 21286",2,26,5/9/2020,1
3/9/2020,442110,Wolf Furniture,"1030 Baltimore Blvd.         Westminster, MD 21157",6,17,5/9/2020,1
3/18/2020,611620,Silver Spring Gymnastics & Fitness,"2701 Pittman Drive           Silver Spring, MD 20910",7,88,3/16/2020,2
3/18/2020,812930,SP Plus Corporation,"101 MGM National Avenue   Oxon Hill, MD 20745",8,85,3/15/2020,2
3/19/2020,722515,Artifact Coffee,"1500 Union Avenue                                           Suite 1100                                       Baltimore, MD 21211",3,24,3/16/2020,2
3/19/2020,722511,"Foodshed, LLC","2031 Clipper Park Road                                        Baltimore, MD 21211",3,4,3/16/2020,2
3/19/2020,722511,Woodberry Kitchen,"2010 Clipper Park Road      Suite 118                                       Baltimore, MD 212110",3,76,3/16/2020,2
3/19/2020,721110,Hotel at UMCP,"7777 Baltimore Avenue                 College Park, MD 20740",8,150,3/19/2020,2
3/23/2020,713290,Delta Bingo & Gaming,"3605 Ft. Meade Road              Laurel, MD 20724",8,122,3/30/2020,2
3/25/2020,812331,ALSCO,"4900 Philadelphia Way Lanham, MD 20706",8,150,3/20/2020,2
3/25/2020,721110,Sheraton Columbia Hotel,"10207 Wincopin Circle Columbia, MD 21044",6,111,3/16/2020,2
3/26/2020,236118,Case Design/Remodeling,"4701 Sangamore Road      Suite P-40               Bethesda, MD 20816",7,16,3/23/2020,2
3/26/2020,236118,Case Design/Remodeling,"5030 Boiling Brook Parkway   Rockville, MD 20852",7,8,3/23/2020,2
3/26/2020,488119,Prosegur Services Group at BWI,"7050 Friendship Road Baltimore, MD 21240",1,53,3/25/2020,2
3/30/2020,561210,Maximus Federal Services,"1601 McCormick Drive     Largo, MD 20774",8,55,7/1/2020,2
3/30/2020,611430,Automotive Training Institute,"705 Digital Drive, Suite V Linthicum Heights, MD 21090",1,54,3/29/2020,2
3/30/2020,721110,Collegiate Hotel Group,"126 West Street              Annapolis, MD 21401",1,103,3/16/2020,2
3/31/2020,532412,"Ahern Rentals, Inc.","7910 Penn Randall Place            Upper Marlboro, MD 20772",8,1,3/30/2020,2
4/1/2020,512131,Cinemark Egyptian 24,"7000 Arundel Mills Circle         C-1                             Hanover, MD 21076",1,90,3/27/2020,2
4/1/2020,512131,Cinemark Egyptian 24,"111 East Joppa Road                         Towson, MD 21286",2,146,3/27/2020,2
4/1/2020,721110,Schulte Companies d/b/a Embassy Suites Inner Harbor Hotel,"222 St. Paul Place                 Baltimore, MD 212020",3,103,3/16/2020,2
4/1/2020,721110,Schulte Companies d/b/a Courtyard by Marriott,"128 Troopers Way                  Salisbury, MD 21804",5,32,3/16/2020,2
4/1/2020,721110,Schulte Companies d/b/a Residence Inn by Marriott,"140 Centre Road                    Salisbury, MD 21801",5,15,3/16/2020,2
4/1/2020,721110,Schulte Companies d/b/a Hampton Inn & Suites,"124 Womack Drive                              Annapolis, MD 21401",1,12,3/16/2020,2
4/1/2020,611699,"CorePower Yoga, LLC","727 West 40th Street                Suite 136                           Baltimore, MD 21211",3,27,3/30/2020,2
4/1/2020,611699,"CorePower Yoga, LLC","6708 Wisconsin Avenue                     Suite 300                        Chevy Chase, MD 20815",7,59,3/30/2020,2
4/1/2020,611699,"CorePower Yoga, LLC","1321 Dock Street                   Baltimore, MD 21231",3,31,3/30/2020,2
4/1/2020,611699,"CorePower Yoga, LLC","1420 Key Highway                   Suite 201                         Baltimore, MD 21230",3,42,3/30/2020,2
4/1/2020,611699,"CorePower Yoga, LLC","3700 Toone Street                                                                                                                     Suite D                                Baltimore, MD 21224",3,34,3/30/2020,2
4/2/2020,721110,Four Seasons Hotel Baltimore,"200 International Drive Baltimore, MD 21202",3,169,3/23/2020,2
4/3/2020,722511,Benihana,"7935 Wisconsin Avenue Bethesda, MD 20814",7,43,3/16/2020,2
4/3/2020,493110,Under Armour,"7030 Tradepoint Avenue           Edgemere, Md 21219",2,154,4/12/2020,1
4/3/2020,722511,Bond 45,"149 Waterfront Street              National Harbor, MD 20745",8,62,3/16/2020,2
4/4/2020,713210,"Caesars Baltimore Management Co., LLC                              d/b/a                      Horseshoe Baltimore","1525 Russell Street                     Baltimore, MD 21230",3,"1,230",3/16/2020,2
4/4/2020,621111,"Medical Faculty Associates, Inc.","4920 Elm Street                    Bethesda, MD 20814",7,2,7/5/2020,1
4/4/2020,621111,Capital Digestive Care,"10801 Lockwood Drive                     #200                                          Silver Spring, MD 20901",7,83,3/30/2020,2
4/6/2020,531110,"Meta Coastal, LLC","5200-B Coastal Highway             Ocean City, MD 21842",5,7,3/20/2020,2
4/6/2020,531110,"Meta Coastal, LLC","16 N. Washington Street               Suite 102                                                        Easton, MD 21601",11,4,3/20/2020,2
4/6/2020,561720,"Meta Coastal, LLC","350 N. Washington Street                      Easton, MD 21601",11,2,3/20/2020,2
4/6/2020,531311,"Meta Coastal, LLC","12815 Coastal Highway                   Unit #104                        Ocean City, MD 21842",5,9,3/20/2020,2
4/6/2020,721110,"Meta Coastal, LLC","19638 Garrett Highway             Oakland, MD 21150",12,8,3/20/2020,2
4/6/2020,541219,"Meta Coastal, LLC","1404 Crain Highway South      Suite 101                                    Glen Burnie, MD 21061",1,42,3/20/2020,2
4/6/2020,448310,The Silver Heron,"The Mall at Columbia         10300 Little Patuxent Parkway Columbia, MD 21044",6,4,4/4/2020,2
4/6/2020,448310,Pandora,"St. Charles Towne Center            11110 Mall Circle                   Waldorf, MD 20603",9,10,4/4/2020,2
4/6/2020,448310,Pandora,"The Mall at Columbia         10300 Little Patuxent Parkway Columbia, MD 21044",6,17,4/4/2020,2
4/6/2020,448310,Pandora,"The Gallery at Harborplace                300 East Pratt Street                  Baltimore, MD 21202",3,7,4/4/2020,2
4/8/2020,448120,RTW Retailwinds                                                            d/b/a Fashion to Figure,"Bowie Town Center                15402-B Emerald Way              Space 19A                         Bowie, MD 20716",8,8,3/29/2020,2
4/8/2020,448120,RTW Retailwinds                                                            d/b/a Fashion to Figure,"Westview Mall                           5816 Baltimore National Pike          Catonsville, MD 21228",2,10,3/29/2020,2
4/8/2020,448120,RTW Retailwinds                                                            d/b/a Fashion to Figure,"3317 Rosary Court                    Abingdon, MD 21009",10,1,3/29/2020,2
4/8/2020,448120,RTW Retailwinds                                                            d/b/a New York  & Company,"Annapolis Mall                          2002 Annapolis Mall                Annapolis, Md 21401",1,19,3/29/2020,2
4/8/2020,448120,RTW Retailwinds                                                            d/b/a New York  & Company,"Arunde Mills Mall                7000 Arundel Mills Circle               Hanover, MD 21076",1,12,3/29/2020,2
4/8/2020,448120,RTW Retailwinds                                                            d/b/a New York  & Company,"Harford Mall                       696A Bel Air Road                 Bel Air, MD 21014",10,9,3/29/2020,2
4/8/2020,448120,RTW Retailwinds                                                            d/b/a New York  & Company,"Bowie Town Center                   15443 Emerald Way                Bowie, MD 20716",8,16,3/29/2020,2
4/8/2020,448120,RTW Retailwinds                                                            d/b/a New York  & Company,"Columbia Mall                         10300 Little Patuxent Parkway       Columbia, MD 21044",6,31,3/29/2020,2
4/8/2020,448120,RTW Retailwinds                                                            d/b/a New York  & Company,"Hagerstown Premium Outlets   495 Premium Outlel Blvd.            Hagerstown, MD 21740",12,12,3/29/2020,2
4/8/2020,448120,RTW Retailwinds                                                            d/b/a New York  & Company,"Marley Station Mall                  7900 Ritchie Highway                     Suite E205                                              Glen Burnie, MD 21061",1,10,3/29/2020,2
4/8/2020,448120,RTW Retailwinds                                                            d/b/a New York  & Company,"National Harbor                        6800 Oxon Hill Road                National Harbor, MD 20745",8,16,3/29/2020,2
4/8/2020,448120,RTW Retailwinds                                                            d/b/a New York  & Company,"Centre at Salisbury                        2300 N. Salisbury Blvd.             Salisbury, MD 21801",5,10,3/29/2020,2
4/8/2020,448120,RTW Retailwinds                                                            d/b/a New York  & Company,"Downtown Silver Spring            937 Ellsworth Drive                Silver Spring, MD 20910",7,29,3/29/2020,2
4/8/2020,448120,RTW Retailwinds                                                            d/b/a New York  & Company,"Towson Town Center                  825 Dulaney Valley Road           Towson, MD 21204",2,23,3/29/2020,2
4/8/2020,448120,RTW Retailwinds                                                            d/b/a New York  & Company,"St. Charles Town Center                  11110 Mall Circle                     Waldorf, MD 20603",9,17,3/29/2020,2
4/8/2020,448120,RTW Retailwinds                                                            d/b/a New York  & Company,"TownMall of Westminster                    400 North Center Street               Westminster, MD 21157",6,6,3/29/2020,2
4/8/2020,448120,RTW Retailwinds                                                            d/b/a New York  & Company,"Wheaton Mall                         11160 Veirs Mill Road Wheaton, MD 20902",7,17,3/29/2020,2
4/8/2020,448120,RTW Retailwinds                                                            d/b/a New York  & Company,"White Marsh Mall                                8200 Perry Hall Blvd.                              Baltimore, MD 21236",2,17,3/29/2020,2
4/9/2020,711110,Medieval Times,"7000 Arundel Mills Circle                 Hanover, MD 21076",1,146,4/12/2020,2
4/13/2020,713910,The Bethesda Country Club,"7601 Bradley Boulevard              Bethesda, MD 20817",7,128,3/26/2020,2
4/22/2020,532111,Enterprise Holdings,"1861 South Club Drive            Landover, MD 20785",8,65,4/30/2020,2
4/23/2020,337920,Next Day Blinds,"8251 Preston Court               Jessup, MD 20794",6,453,4/14/2020,2
4/23/2020,532111,Enterprise Holdings,"2273 Research Blvd.                Floor 6 & 7                              Rockville, MD 20850",7,92,4/30/2020,2
4/23/2020,446130,Visionworks,"169 Jennifer Road                         Suite D                              Annapolis, MD 21401",1,10,4/4/2020,2
4/23/2020,446130,Visionworks,"8153-C Honeygo Blvd.                Baltimore, MD 21236",2,13,4/4/2020,2
4/23/2020,446130,Visionworks,"15431 Emerald Way                 Bowie, MD 20716",8,7,4/4/2020,2
4/23/2020,446130,Visionworks,"15902 Crain Highway SE         Suite F                                 Brandywine, MD 20613",8,15,4/4/2020,2
4/23/2020,446130,Visionworks,"23415 Three Notch Road             Suite 1101                          California, MD 20619",9,8,4/4/2020,2
4/23/2020,446130,Visionworks,"6427 Baltimore Pike                 Suite A                                               Catonsville, MD 21228",2,5,4/4/2020,2
4/23/2020,446130,Visionworks,"10112 York Road                      Cockeysville, MD 21030",2,3,4/4/2020,2
4/23/2020,446130,Visionworks,"6250 Columbia Crossing Circle Suite K                               Columbia, MD 21045",6,12,4/4/2020,2
4/23/2020,446130,Visionworks,"5509 Urbana Pike                  Frederick, MD 21704",4,5,4/4/2020,2
4/23/2020,446130,Visionworks,"631 N. Frederick Avenue             Gaithersburg, MD 20879",7,9,4/4/2020,2
4/23/2020,446130,Visionworks,"271 Kentlands Blvd.             Gaithersburg, MD 20879",7,5,4/4/2020,2
4/23/2020,446130,Visionworks,"1402 S. Main Chapel Way             Suite 114                             Gambrills, MD 21054",1,4,4/4/2020,2
4/23/2020,446130,Visionworks,"7000 Arundel Mills Circle             Space 404                         Hanover, MD 21076",1,11,4/4/2020,2
4/23/2020,446130,Visionworks,"2830 Campus Way N.                Suite 628                           Lanham, MD 20706",8,8,4/4/2020,2
4/23/2020,446130,Visionworks,"1003 Fairlawn Avenue                Suite 24A                             Laurel, MD 20707",8,5,4/4/2020,2
4/23/2020,446130,Visionworks,"10369 Reisterstown Road             Owings Mills, MD 21117",2,6,4/4/2020,2
4/23/2020,446130,Visionworks,"11802-B Rockville Pike             Rockville, MD 20852",7,11,4/4/2020,2
4/23/2020,446130,Visionworks,"8652 Pulaski Highway              Suite A                         Rosedale, MD 21237",2,11,4/4/2020,2
4/23/2020,446130,Visionworks,"8551 Fenton Street              Silver Spring, MD 20910",7,7,4/4/2020,2
4/23/2020,446130,Visionworks,"825 Dulaney Valley Road             Suite 1335                   Towson, MD 21204",2,15,4/4/2020,2
4/23/2020,446130,Visionworks,"11110 Mall Circle                      Waldorf, MD 20603",9,14,4/4/2020,2
4/23/2020,446130,Visionworks,"400 N. Center Street                  Suite 187                            Westminster, MD 21157",6,14,4/4/2020,2
4/23/2020,446130,Visionworks,"11160 Veirs Mill Road                                                             P203A                                             Wheaton, MD 20902",7,12,4/4/2020,2
4/23/2020,446130,Visionworks,"656 Bel Air Road                      Bel Air, MD 21014",10,10,4/4/2020,2
4/27/2020,722511,"OS Restaurant, LLC d/b/a Bonefish Grill","696J Bel Air Road                   #108                                   Bel Air, MD 21014",10,57,4/27/2020,2
4/27/2020,722511,"OS Restaurant, LLC d/b/a Bonefish Grill","15910 Crain Highway SE           Brandywine, MD 20613",8,46,4/27/2020,2
4/27/2020,722511,"OS Restaurant, LLC d/b/a Bonefish Grill","2381 Brandermill Boulevard         Gambrills, MD 21054",1,72,4/27/2020,2
4/27/2020,722511,"OS Restaurant, LLC d/b/a Bonefish Grill","6711 Governor Ritchie Hwy.          Glen Burnie, MD 21060",1,47,4/27/2020,2
4/27/2020,722511,"OS Restaurant, LLC d/b/a Bonefish Grill","10906 Boulevard Circle                  Owings Mills, MD 21117",2,58,4/27/2020,2
4/27/2020,722511,"OS Restaurant, LLC d/b/a Bonefish Grill","127 East Joppa Road          Towson, MD 21286",2,49,4/27/2020,2
4/27/2020,722511,"OS Restaurant, LLC d/b/a Bonefish Grill","1305 West 7th Street                 Frederick, MD 21702",4,54,4/27/2020,2
4/27/2020,722511,"OS Restaurant, LLC d/b/a Bonefish Grill","82 Market Street                   Gaithersburg, MD 20878",7,51,4/27/2020,2
4/27/2020,722511,"OS Restaurant, LLC d/b/a Carraba's","16431 Governor Bridge Road          Bowie, MD 20716",8,66,4/27/2020,2
4/27/2020,722511,"OS Restaurant, LLC d/b/a Carraba's","19935 Century Boulevard             Germantown, MD 20874",7,63,4/27/2020,2
4/27/2020,722511,"OS Restaurant, LLC d/b/a Carraba's","12728 Ocean Gateway            Ocean City, MD 21842",5,43,4/27/2020,2
4/27/2020,722511,"OS Restaurant, LLC d/b/a Carraba's","8030 Ritchie Highway                         Pasadena, MD 21122",1,63,4/27/2020,2
4/27/2020,722511,"OS Restaurant, LLC d/b/a Carraba's","3754 Crain Highway                   Waldorf, MD 20602",9,65,4/27/2020,2
4/27/2020,722511,"OS Restaurant, LLC d/b/a Carraba's","7600 Belair Road                      Baltimore, MD 21236",2,63,4/27/2020,2
4/27/2020,722511,"OS Restaurant, LLC d/b/a Carraba's","4430 Long Gate Parkway                Ellicott City, MD 21043",6,84,4/27/2020,2
4/27/2020,722511,"OS Restaurant, LLC d/b/a Carraba's","130 Shawan Road                Hunt Valley, MD 21031",2,68,4/27/2020,2
4/27/2020,722511,"OS Restaurant, LLC d/b/a Flemings","720 Aliceanna Street                Baltimore, MD 21202",3,48,4/27/2020,2
4/27/2020,722511,"OS Restaurant, LLC d/b/a Outback Steakhouse","2207 Forest Drive                     Annapolis, MD 21401",1,99,4/27/2020,2
4/27/2020,722511,"OS Restaurant, LLC d/b/a Outback Steakhouse","4215 Ebenezer Road               Baltimore, MD 21236",2,84,4/27/2020,2
4/27/2020,722511,"OS Restaurant, LLC d/b/a Outback Steakhouse","2400 Boston Street                  Baltimore, MD 21224",3,57,4/27/2020,2
4/27/2020,722511,"OS Restaurant, LLC d/b/a Outback Steakhouse","615 Bel Air Road                                        Bel Air, MD 21014",10,94,4/27/2020,2
4/27/2020,722511,"OS Restaurant, LLC d/b/a Outback Steakhouse","1007 West Patrick Street             Frederick, MD 21702",4,97,4/27/2020,2
4/27/2020,722511,"OS Restaurant, LLC d/b/a Outback Steakhouse","2507 Evergreen Road                   Gambrills, MD 21054",1,77,4/27/2020,2
4/27/2020,722511,"OS Restaurant, LLC d/b/a Outback Steakhouse","7744 Governor Ritchie Hwy.  Glen Burnie, MD 21061",1,127,4/27/2020,2
4/27/2020,722511,"OS Restaurant, LLC d/b/a Outback Steakhouse","240 Railway Lane                   Hagerstown, MD 21740",12,87,4/27/2020,2
4/27/2020,722511,"OS Restaurant, LLC d/b/a Outback Steakhouse","134 Shawan Road                Hunt Valley, MD 21030",2,66,4/27/2020,2
4/27/2020,722511,"OS Restaurant, LLC d/b/a Outback Steakhouse","6649 Crain Highway                 La Plata, MD 20646",9,65,4/27/2020,2
4/27/2020,722511,"OS Restaurant, LLC d/b/a Outback Steakhouse","12741 Ocean Gateway #920 Ocean City, MD 21842",5,68,4/27/2020,2
4/27/2020,722511,"OS Restaurant, LLC d/b/a Outback Steakhouse","10904 Boulevard Circle                   Owings Mills, MD 21117",2,75,4/27/2020,2
4/27/2020,722511,"OS Restaurant, LLC d/b/a Outback Steakhouse","8245 Dickerson Lane                 Salisbury, MD 21804",5,80,4/27/2020,2
4/27/2020,722511,"OS Restaurant, LLC d/b/a Outback Steakhouse","23415 Three Notch Road           California, MD 20619",9,87,4/27/2020,2
4/27/2020,722511,"OS Restaurant, LLC d/b/a Outback Steakhouse","3500 East West Highway              Hyattsville, MD 20782",8,82,4/27/2020,2
4/27/2020,722511,"OS Restaurant, LLC d/b/a Outback Steakhouse","80 Central Square Drive          Prince Frederick, MD 20678",9,88,4/27/2020,2
4/27/2020,722511,"OS Restaurant, LLC d/b/a Outback Steakhouse","3020 Crain Highway                         Waldorf, MD 20601",9,84,4/27/2020,2
4/27/2020,722511,"OS Restaurant, LLC d/b/a Outback Steakhouse","4420 Long Gate Parkway                 Ellicott City, MD 21043",6,144,4/27/2020,2
4/27/2020,722511,"OS Restaurant, LLC d/b/a Outback Steakhouse","12609 Wisteria Drive              Germantown, MD 20874",7,63,4/27/2020,2
4/27/2020,722511,"OS Restaurant, LLC d/b/a Outback Steakhouse","9660 Lottsford Court                Largo, MD 20774",8,76,4/27/2020,2
4/27/2020,722511,"OS Restaurant, LLC d/b/a Outback Steakhouse","14718 Baltimore Avenue             Laurel, MD 20707",8,84,4/27/2020,2
4/27/2020,722511,"OS Restaurant, LLC d/b/a Outback Steakhouse","6091 Oxon Hill Road                      Oxon Hill, MD 20745",8,87,4/27/2020,2
4/27/2020,722511,"OS Restaurant, LLC d/b/a Outback Steakhouse","13703 Georgia Avenue                Silver Spring, Md 20906",7,53,4/27/2020,2
4/27/2020,721110,Residence Inn at Hunt Valley,"45 Schilling Road                      Hunt Valley, MD 21031",2,34,3/23/2020,2
4/27/2020,532111,Enterprise Holdings,"7426 New Ridge Road                         Hanover, MD 21076",1,189,4/30/2020,2
4/27/2020,532111,Enterprise Holdings,"701 Wedeman Avenue               Linthicum Heights, MD 21090",1,220,4/30/2020,2
4/28/2020,541921,"Shutterfly Lifetouch, LLC",Statewide,13,413,3/12/2020,2
5/1/2020,722513,HMS Host,"6905 Rockledge Drive                     Bethesda, MD 20817",7,1,4/24/2020,2
5/4/2020,621111,Capital Digestive Care,"10215 Fernwood Road                  Suite 404                          Bethesda, MD 20817",7,3,3/30/2020,2
5/4/2020,621111,Capital Digestive Care,"4831 Tesla Drive                           Suite G                            Bowie, MD 20715",8,5,3/30/2020,2
5/4/2020,621111,Capital Digestive Care,"4861 Tesla Drive                          Suite K                              Bowie, MD 20715",8,4,3/30/2020,2
5/4/2020,621111,Capital Digestive Care,"5550 Friendship Boulevard                Suite T-90                             Chevy Chase, MD 20815",7,13,3/30/2020,2
5/4/2020,621111,Capital Digestive Care,"7350 Van Dusen Road                       Suite 210                                Laurel, MD 20707",8,18,3/30/2020,2
5/4/2020,621111,Capital Digestive Care,"15001 Shady Grove Road                     Suite 300                               Rockville, MD 20850",7,9,3/30/2020,2
5/4/2020,621111,Capital Digestive Care,"9711 Medical Center Drive                 Suite 308                              Rockville, MD 20850",7,11,3/30/2020,2
5/4/2020,621111,Capital Digestive Care,"10801 Lockwood Drive                     #200                                          Silver Spring, MD 20901",7,13,3/30/2020,2
5/4/2020,621111,Capital Digestive Care,"12510 Prosperity Drive                Suite 200                              Silver Spring, MD 20904",7,1,3/30/2020,2
5/7/2020,721110,Turf Valley Resort,"2700 Turf Valley Road                             Ellicott City, MD 21042",6,200,5/11/2020,2
5/8/2020,485999,"Transdev Services, Inc.","8401 D'Arcy Road                     Forestville, MD 20747",8,194,6/30/2020,1
5/8/2020,561422,"Protocall Communications, Inc.","204 Main Street                      Laurel, MD 20707",8,110,3/23/2020,2
5/8/2020,423110,Cox Automotive,"7120 Dorsey Run Road                  Elkridge, MD 21075",6,161,5/17/2020,2
5/11/2020,812930,"LAZ Parking Mid-Atlantic, LLC","300 E. Lombard Street                              Suite 930                                    Baltimore, MD 21202",3,90,3/18/2020,2
5/11/2020,339999,"E&G Corporation, LLC","8730 Greewood Place              Savage, MD 20763",6,22,3/30/2020,2
5/11/2020,721110,Delta Hunt Valley,"245 Shawan Road                       Hunt Valley, MD 21031",2,57,3/20/2020,2
5/12/2020,713210,"PPE Casino Resorts Maryland, LLC                 d/b/a                                            Live Casino & Hotel","7002 Arundel Mills Circle              Hanover, MD 21076",1,2400,3/16/2020,2
5/12/2020,452210,Nordstrom,"1880 Annapolis Mall                     Annapolis, MD 21401",1,237,6/1/2020,1
5/15/2020,721110,Cambria Suites - Rockville,"1 Helen Heneghan Way                 Rockville, MD 20850",7,25,3/23/2020,2
5/15/2020,512131,"Maryland Cinema Investments, LLC  d/b/a Cinépolis","629 Center Point Way                        Gaithersburg, MD 20878",7,65,3/23/2020,2
5/15/2020,721110,Crowne Plaza Hotel,"105 W. Fayette Street                Baltimore, MD 21201",3,6,3/21/2020,2
5/15/2020,721120,"Evitts Resort, LLC              d/b/a Rocky Gap Casino","16701 Lakeview Road                   Flintstone, Md 21530",12,461,3/16/2020,2
5/15/2020,722513,HMS Host,"107 Fuel Farm Road                 Baltimore, MD 21240",1,152,3/16/2020,2
5/15/2020,721110,Hyatt Regency Bethesda,"1 Bethesda Metro Center                      Bethesda, MD 20814",7,95,3/18/2020,2
5/15/2020,721110,Marriott Baltimore,"110 S. Eutaw Street                   Baltimore, MD 21201",3,120,3/21/2020,2
5/15/2020,721110,Radisson Hotel - Baltimore Inner Harbor,"110 W. Fayette Street                Baltimore, MD 21201",3,43,3/21/2020,2
5/15/2020,721110,The Westin - Baltimore Washington Airport,"1110 Old Elkridge Landing Rd   Linthicum Heights, MD 21090",1,71,3/27/2020,2
5/15/2020,721110,The Westin - Washington National Harbor,"170 Waterfront Street                National Harbor, MD 20745",8,68,3/28/2020,2
5/15/2020,722511,Uncle Julio's,"4870 Bethesda Avenue                   Bethesda, MD 20814",7,50,3/19/2020,2
5/15/2020,451140,"Guitar Center Stores, Inc.","7114 Geoffrey Way              Suite A                                Frederick, MD 21704",4,105,4/6/2020,2
5/15/2020,721110,Holiday Inn Gaithersburg,"2 Montgomery Village Avenue   Gaithersburg, MD 20879",7,57,3/24/2020,2
5/15/2020,722511,Miller's Ale House,"601 Baltimore Pike                      Bel Air, MD 21014",10,98,3/21/2020,2
5/15/2020,722511,Miller's Ale House,"1471 Rockville Pike                      Rockville, MD 20852",7,74,3/21/2020,2
5/15/2020,453998,Paper Source,"1809 Reisterstown Road                Baltimore, MD 21208",2,14,3/29/2020,2
5/15/2020,453998,Paper Source,"4805 Bethesda Avenue                 Bethesda, MD 20814",7,15,3/29/2020,2
5/15/2020,442299,"Pier 1 Imports, Inc.","500 Old Post Road                          Aberdeen, MD 21001",10,134,6/1/2020,1
5/15/2020,424470,Holly Poultry,"2121 Wicomico Street                       Baltimore, MD 21230",3,36,3/20/2020,2
5/15/2020,424470,Holly Poultry,"2221 Berlin Street                       Baltimore, MD 21230",3,7,3/20/2020,2
5/15/2020,722511,"Hooters of America, LLC","301 Light Street                            Suite 173                            Baltimore, MD 21202",3,18,3/16/2020,2
5/15/2020,722511,"Hooters of America, LLC","1600 Fedex Way                        Landover, MD 20785",8,18,3/16/2020,2
5/15/2020,722511,"Hooters of America, LLC","14707-A Baltimore Avenue            Laurel, MD 20707",8,18,3/16/2020,2
5/15/2020,722511,"Hooters of America, LLC","3600 Crain Highway                       Waldorf, MD 20603",9,17,3/16/2020,2
5/19/2020,448120,Charlotte Russe,"8200 Perry Hall Boulevard              Unit 2070                         Baltimore, MD 21236",2,13,3/27/2020,2
5/19/2020,448120,Charlotte Russe,"11160 Veirs Mill Road                     Unit 156                                 Wheaton, MD 20902",7,13,3/27/2020,2
5/19/2020,221112,"GenOn Energy Services, LLC","21200 Martinsburg Road                    Dickerson, MD 20842",7,63,8/1/2020,1
5/20/2020,621210,North American Dental Group,"1415 River Avenue                          Suite B                              Cumberland, MD 21502",12,3,3/23/2020,2
5/20/2020,621210,North American Dental Group,"13975 Connecticut Avenue            Suite 309                                  Silver Spring, MD 20906",7,4,3/23/2020,2
5/20/2020,621210,North American Dental Group,"16069 Comprint Circle                Gaithersburg, MD 20877",7,1,3/23/2020,2
5/20/2020,621210,North American Dental Group,"85 Thomas Court                 Suite A                                  Frederick, MD 21702",4,6,3/23/2020,2
5/21/2020,721110,Sheraton Silver Spring,"8777 Georgia Avenue                  Silver Spring, MD 20910",7,56,5/7/2020,2
5/27/2020,442299,"Bed, Bath & Beyond","1519 Rockville Pike                        Rockville, MD 20852",7,95,4/4/2020,2
5/27/2020,722310,Parkhurst Dining Services,"Loyola University                         4501 N. Charles Street                     Baltimore, MD 21210",3,230,4/17/2020,2
5/27/2020,722310,Parkhurst Dining Services,"Maryland Institute College of Art  140 W. Lafayette Ave.    Baltimore, MD 21217",3,50,4/17/2020,2
5/27/2020,488119,Prosegur Services Group at BWI,"7050 Friendship Road Baltimore, MD 21240",1,27,5/18/2020,2
1/3/2019,452210,Sears Department Store,"2306 N. Salisbury Blvd. Salisbury, MD 21801",5,51,3/24/2019,1
1/15/2019,493110,Staples Fulfillment Center,"7021 Dorsey Road Hanover, MD 21076",1,61,3/16/2019,1
1/23/2019,522110,Bank of America,"11333 McCormick Road Hunt Valley, MD 21031",2,74,4/30/2019,2
1/25/2019,531130,XPO Logistics Worldwide,"610 Chelsea Road Aberdeen, MD 21001",10,167,3/18/2019,1
2/14/2019,561612,"Centerra Group, LLC","11555 Rockville Pike Rockville, MD 2085",7,87,3/31/2019,2
2/25/2019,451110,Under Armour,"1020 Hull Street Baltimore, MD 21230",3,50,"3/8/19-
                                6/30/19",2
3/4/2019,336350,"General Motors, LLC","10301 Philadelphia Road White Marsh, MD 21162",2,296,5/4/2019,1
3/4/2019,561612,Omniplex World Services,"Anne Arundel County, Maryland",1,344,4/30/2019,2
3/4/2019,488510,"New England Motor Freight, INC","1508 John Avenue Baltimore, MD 21227",3,59,2/15/2019,1
3/4/2019,488510,"New England Motor Freight, INC","16503 Hunters Green Parkway             Hagerstown, MD",12,93,2/15/2019,1
3/4/2019,488510,"New England Motor Freight, INC","3 Center Drive Northeast, MD 21901",10,81,2/15/2019,1
3/8/2019,541618,"Livanta, LLC","10830 Guilford Road Suite 311             Annapolis Junction, MD 20701-1108",1,94,5/8/2019,2
3/15/2019,485991,MV Contract Transporation,"4501 Curtis Avenue Baltimore, MD 21226",3,249,4/19/2019,1
3/25/2019,4451100,Shop Rite Store,"6716 Governor Ritchie Highway                       Glen Burnie, MD 21061",1,134,5/24/2019,1
3/28/2019,522320,"PayPal, Inc.","101 Schilling Road Suite 40 Hunt Valley, MD 21031",2,180,7/8/2019,1
3/28/2019,522320,"PayPal, Inc.","55 Schilling Road Hunt Valley, MD 21031",2,200,7/8/2019,1
4/19/2019,541330,AECOM Management Services,"4600 Sangamore Road Bethesda, MD 20816",7,TBD,7/5/2019,1
4/19/2019,541330,AECOM Management Services,"Maryland Square Riverdale, MD",8,TBD,7/5/2019,1
4/30/2019,322121,Verso,"300 Pratt Street Luke, MD 21540",12,675,6/30/2019,1
5/16/2019,722310,"Aramark Educational Services, LLC","Coppin State University
                                  2500 W. North Avenue Baltimore, MD 21216",3,69,7/31/2019,2
5/28/2019,322211,Krafcor Industries,"6301 Seaforth Street Baltimore, MD 21224",3,40,7/15/2019,1
5/31/2019,444120,The Sherwin-Williams Company,"10406 Tucker Street Beltsville, MD 20705",8,64,8/2/2019,1
6/5/2019,452210,Lord and Taylor,"701 Russell Avenue, Lakeforest Blvd. Gaithersburg, MD 20877",7,73,9/15/2019,1
6/26/2019,524126,State Farm Mutual Automobile Insurance,"1 State Farm Drive Frederick, MD             21701-9332",4,205,8/31/2019,1
7/2/2019,621420,Meridian Behavioral Health,"2015 Martins Grant Ct Crownsville, MD 21032",1,65,8/31/2019,1
7/2/2019,339999,Chesapeake Bay Candle Company,"226 Dover Road Glen Burnie, MD 21061",1,120,9/13/2019,1
7/10/2019,333511,"RAMPF Molds Industries, Inc.","90 Western Maryland Parkway          Hagerstown, MD 21740",12,33,7/23/2019,2
7/10/2019,485999,"Transdev Services, Inc.","1601 Wicomico Street Baltimore, MD 21230",3,18,8/9/2019,1
7/15/2019,452210,JC Penney,"701 Russell Avenue Gaithersburg, MD 20877",7,113,7/5/2019,1
7/22/2019,311412,"DPI Foods Mid Atlantic, Inc.","1000 Prince Georges Blvd  Upper Marlboro, MD 20774",8,280,9/21/2019,1
7/22/2019,504701,"NovaSom, Inc","801 Cromwell Park Drive Glen Burnie, MD 21061",1,169,9/1/2019,1
7/23/2019,326111,"Amcor Flexibles, LLC","747 Bowman Avenue Hagerstown, MD 21740",12,74,12/31/2019,1
7/29/2019,541214,"ADP, LLC","11411 Red Run Boulevard Owings Mills, MD 21117",2,123,9/27/2019,1
9/4/2019,452210,KMART,"200 Kent Landing Stevensville, MD 21666",11,60,12/15/2019,1
9/5/2019,452210,Transform SR LLC-01754                  (Sears Department Store),"701 Russell Avenue Gaithersburg, MD 20877",7,80,12/1/2019,1
9/5/2019,811111,Transform SR LLC-06544                  (Sears Auto Center),"701 Russell Avenue Gaithersburg, MD 20877",7,14,12/1/2019,1
9/9/2019,311520,Nestlé Dreyer's Ice Cream Company,"9090 Whiskey Bottom Rd Laurel, MD 20723",6,69,11/1/2019,2
9/16/2019,488119,"PAE Applied Technologies, LLC","Patuxent River, MD",9,14,11/17/2019,2
9/30/2019,442110,Bob's Discount Furniture,"3015  Festival Way Waldorf, MD 20601",9,13,11/11/19,1
10/30/2019,511110,"Post Community Media, LLC","13501 Konterra Drive Laurel, MD 20707",8,34,12/31/2019,1
11/1/2019,621112,"Beacon Health Options, Inc.","1099 Winterson Road Suite 200                           Linthicum, MD 21090",1,65,12/31/2019,1
11/1/2019,531311,Oakwood Worldwide (US) LP,"888 Airport Park Rd Suite A                                Glen Burnie, MD 21061",1,1,12/31/2019,1
11/19/2019,524113,CEI Collision and Fleet Safety,"940 Ridgebrook Road Sparks, MD 21152",2,66,8/30/2019,2
11/22/2019,522292,Common Securizations Solutions,"7501 Wisconsin Avenue Suite 300-W                         Bethesda, MD 20814",7,36,11/22/2019,2
12/6/2019,445110,Shoppers Food & Pharmacy,"2371 Solomons Island Road                   Annapolis, MD 21401",1,72,2/5/2020,1
12/6/2019,445110,Shoppers Food & Pharmacy,"5722 Ritchie Highway Brooklyn Park, MD 21225",1,76,2/5/2020,1
12/6/2019,445110,Shoppers Food & Pharmacy,"22599 MacArthur Blvd.                      California, MD 20619",9,56,2/5/2020,1
12/6/2019,445110,Shoppers Food & Pharmacy,"4801 Marlboro Pike Capitol Heights, MD 20743",8,73,2/5/2020,1
12/6/2019,445110,Shoppers Food & Pharmacy,"6500 Eastern Avenue Baltimore, MD 21224",3,63,2/5/2020,1
12/6/2019,445110,Shoppers Food & Pharmacy,"7051 Martin Luther King Jr. Highway  Landover, MD 20875",8,72,2/5/2020,1
12/6/2019,445110,Shoppers Food & Pharmacy,"8212 Liberty Road       Baltimore, MD 21244",2,75,2/5/2020,1
12/6/2019,445110,Shoppers Food & Pharmacy,"6111 Livingston Road Oxon Hill, MD 20745",8,83,2/5/2020,1
12/6/2019,445110,Shoppers Food & Pharmacy,"6881 New Hampshire Avenue                             Takoma Park, MD 20912",7,67,2/5/2020,1
12/6/2019,445110,Shoppers Food & Pharmacy,"1170 West Smallwood Drive                       Waldorf, MD 20912",9,67,2/5/2020,1
12/6/2019,445110,Shoppers Food & Pharmacy,"2201 Randolph Road      Wheaton, MD 20902",7,81,2/5/2020,1
12/17/2019,451120,A.C. Moore Arts & Crafts,"5 Bel Air South Parkway Bel Air, MD 21015",10,33,2/28/2020,1
12/17/2019,451120,A.C. Moore Arts & Crafts,"7330 Guilford Drive Frederick, MD 21704",4,23,2/28/2020,1
12/17/2019,451120,A.C. Moore Arts & Crafts,"6625A Governor Ritchie Highway                       Glen Burnie, MD 21061",1,24,2/28/2020,1
12/17/2019,451120,A.C. Moore Arts & Crafts,"17656 Garland Groh Blvd                                 Hagerstown, MD 21740",12,25,2/28/2020,1
12/17/2019,451120,A.C. Moore Arts & Crafts,"10240 Mill Run Circle Suite 1                      Owings Mills, MD 21117",2,23,2/28/2020,1
12/17/2019,451120,A.C. Moore Arts & Crafts,"12013 Rockville Pike Rockville, MD 20852",7,40,2/28/2020,1
12/17/2019,451120,A.C. Moore Arts & Crafts,"571 Ritchie Highway Severna Park, MD 21146",1,27,2/28/2020,1
12/17/2019,451120,A.C. Moore Arts & Crafts,"3035 Waldorf Market Place Waldorf, MD 20603",9,40,2/28/2020,1
12/17/2019,451120,A.C. Moore Arts & Crafts,"8115 D Honeygo Blvd. White Marsh, MD 21236",2,24,2/28/2020,1
12/19/2019,445110,Shoppers Food & Pharmacy,"5110 Nicholson Lane Kensington, MD 20895",7,56,2/17/2020,1
12/26/2019,561920,Event Solutions                                   d/b/a Motus One,"8906 Yellow Brick Rd Suite 6                            Rosedale, MD 21237",2,9,12/20/2019,2
1/9/2018,336411,Lockheed Martin Aeronautics Division,"3136 Peary Road , Patuxent River, MD 20670",9,20,3/9/2018,2
1/10/2018,221118,Constellation,"1310 Point Street, Baltimore, MD 21231",3,25,12/31/2017,2
1/11/2018,452910,Sam's Club #4766,"9760 Reistertown Rd, Owings Mills, MD 21117",2,169,4/13/2018to 5/11/2018,1
1/19/2018,713210,"CBAC Borrower, LLC d/b/a Horseshoe Baltimore","1525 Russell Street, Baltimore, MD 21230",3,91,2/25/2018,2
2/1/2018,561110,"Compass Group, USA Inc.","10301 Philadelphia Road, White Marsh, MD 21162",2,5,4/1/2018,2
2/14/2018,524210,Transamerica Life Insurance Company,"100 Light Street, Baltimore, MD 21202",3,55,4/14/2018,2
3/5/2018,323111,Cenveo Corp. Port City Press,"1323 Greenwood Rd. Baltimore, MD 21208",2,113,3/5/2018to 5/4/2018,1
3/6/2018,541110,"Ameritox, LLC","7090 Samuel Morse Drive, Suite 300, Columbia, MD 21046",6,99,5/4/2018,1
3/7/2018,621511,"Nantomics, LLC","9600 Medical Center Dr #300 Rockville, MD 20850",7,52,5/8/2018,2
3/9/2018,488510,"Kane Freight Lines, Inc.","14557 Industrial Drive Hagerstown, MD 21740",12,53,5/31/2018,1
3/23/2018,621111,The Lash Group LLC,"9715 Key West Avenue Rockville, MD 20850",7,250,6/1/2018,1
3/23/2018,812331,Cintas Corporation,"136 Lafayette Avem, Laurel, MD 20707",8,47,3/30/2018 - 6/2018,2
4/9/2018,721110,Towson University Marriott Conference Hotel,"10 Burke Ave, Towson, MD 21204",2,60,6/30/2018,2
5/7/2018,485111,First Transit,"8210 Beechcraft Avenue Gaithersburg, MD 20879",7,221,7/1/2018,1
5/8/2018,522110,Howard Bank,"8820 Columbia 100 Parkway, Suite 400, Ellicott City, MD 21045",6,25,6/29/2018,1
5/25/2018,522110,Peoples Bank & Trust Co.,"90 Painters Mill Road, STE210-215, STE 200, Owings Mills, MD 21117",2,82,7/27/2018,1
6/8/2018,334220,AECOM,"20501 Seneca Meadows Parkway Germantown, MD 20876",7,173,"7/27/2018 -
                                 8/31/2018",2
6/12/2018,541511,"PESYSTEMS, INC.","1535 Command Drive Andrews AFB, MD 20762",8,4,8/10/2018,2
6/15/2018,541720,"Inovalon, Inc.","7120 Samuel Morse Drive, Columbia, MD 21046",6,70,8/17/2018,1
6/22/2018,523930,Wells Fargo & Company,"8480 Stagecoach Circle Frederick, MD 21701",4,61,8/19/2018,2
6/29/2018,531210,CoStar Group,"7120 Samuel Morse Drive, 3rd Floor, Columbia, MD 21046",6,104,8/31/2018,1
7/17/2018,451120 and 448130,"Toys ""R"" Us Babies ""R"" Us","7106 Geoffrey Way, Frederick, MD 21704",4,161,9/15/2018,1
7/30/2018,721110,DoubleTree by Hilton-Pikesville,"1726 Reisterstown Road Pikesville, MD 21208",2,130,9/20/18 - 9/30/18,2
8/27/2018,523930,Wells Fargo & Company.,"8435 Progress Dr. Frederick, MD 21701",4,42,10/23/2018,2
8/29/2018,518210,Discovery Inc.,"1 Discovery Place, Silver Spring, MD 20910",7,212,10/1/2018,1
8/31/2018,722310,MedStar Franklin Square Hospital,"9000 Franklin Square Dr                              Baltimore, MD 21237",2,102,10/31/2018,2
8/31/2018,722310,MedStar Good Samaritan,"5601 Loch Raven Blvd. Baltimore, MD 21239",3,51,10/31/2018,2
8/31/2018,722310,MedStar Harbor Hospital,"3001 S. Hanover St.             Baltimore, MD 21225",3,55,10/31/2018,2
8/31/2018,722310,MedStar Union Memorial Hospital,"201 E. University Parkway                      Baltimore, MD 21218",3,63,10/31/2018,2
9/27/2018,541330,CSRA (General Dynamics Information Technology),"9609 Medical Center Drive Rockville, MD 20850",7,122,11/26/2018,2
9/28/2018,523930,Wells Fargo & Company,"8480 Stagecoach Circle Frederick, MD 21701",4,61,11/25/2018,2
10/5/2018,445110,"Dawson's Market (Subsidiary of Ellwood Thompson, Inc.)","225 N. Washington Street Rockville, MD 20850",7,62,10/27/2018,2
10/19/2018,325413,"Lonza Walkersville, Inc.","8830 Biggs Ford Road Walkersville, MD 21793",4,60,12/31/2018,2
10/25/2018,452210,KMART,"835 Solomons Island Road North               Prince Frederick, MD 20678",9,82,1/13/2019,1
10/26/2018,452210,KMART,"6163 Oxon Hill Road Oxon Hill, MD 20745",8,96,1/13/2019,1
11/5/2018,485991,First Transit,"7409 Baltimore Annapolis Boulevard Glen Burnie, MD 21061",1,47,1/1/2019,1
11/8/2018,493110,Saks Fith Avenue (Distribution Center),"500 Hickory Drive Aberdeen, MD 21001",10,TBD,3/1/19 - 8/31/19,1
11/13/2018,812332,Crothall Healthcare Laundry Facility,"1350 Brass Mill Road Belcamp, MD 21017",10,152,1/7/2019,1
11/15/2018,423490,"Maintenance Supply Headquarters, LP","13401 Konterra Drive Laurel, MD 20707",8,51,11/9/2018,2
11/19/2018,722310,Sodexo at McDaniel College,"2 College Hill                  P.O. Box 13A Westminster, MD 21157",6,107,12/31/2018,1
11/19/2018,523930,Wells Fargo & Company,"8480 Stagecoach Circle Frederick, MD 21701",4,8,1/15/2019,2
11/27/2018,423450,GE Healthcare,"8880 Gorman Rd           Laurel, MD 20723",6,76,12/31/18 - 7/31/19,2
12/10/2018,424410,"Maines Paper & Food Service, Inc.","1501 Perryman Rd Aberdeen, MD 21001",10,106,2/10/2019,2
12/10/2018,522292,Bridgeview Bank Group,"8820 Columbia Parkway Suite 100 Columbia, MD 21045",6,41,11/11/18 - 12/31/18,2
1/18/2017,517919,Comcast,"8700 B Ritchie Drive, Capitol Heights, MD 20743",8,90,7/14/2017,2
1/20/2017,445110,Whole Foods Market,"1521 Cabin Branch Rd, Landover, MD 20785",8,136,2/12/2017,1
2/16/2017,624210,Good Shepherd Services,"4100 Maple Ave, Baltimore, MD 21227",2,230,4/17/2017,1
2/22/2017,337000,idX,"8901 Snowden River Pkwy, Ste. 100, Columbia, MD 21046",6,68,5/1/2017,1
2/27/2017,325411,"Cempra, Inc.","6320 Quadrangle Drive, Ste. 360, Chapel Hill, NC 27517",1,1,3/1/2017,2
3/1/2017,611430,"HealthStream, Inc.","7710 Montpelier Road, Laurel, MD 20723",6,134,4/30/2017,1
3/2/2017,443141,"HHGregg, Inc.","14301 Mattawoman Drive, Brandywine, MD 20613",8,63,4/30/2017,1
3/9/2017,332312,Canam Steel Corportation,"4010 Clay Street, Point of Rocks, MD 21777",4,80,3/10/2017,2
3/30/2017,453998,Dollar Express,"5110 Indian Head Hwy, Oxon Hill, MD 20745",8,22,6/30/2017,1
3/3020/17,453998,Dollar Express,"2201 Varnum St, Mt. Rainer, MD 20712",8,11,6/30/2017,1
3/30/2017,453998,Dollar Express,"9347 Annapolis Rd, Lanham, MD 20706",8,8,6/30/2017,1
3/30/2017,453998,Dollar Express,"3265 Brinkley Rd, Temple Hills, MD 20748",8,7,6/30/2017,1
3/30/2017,453998,Dollar Express,"9115 Central Ave, Capitol Heights, MD 20743",8,13,6/30/2017,1
3/30/2017,453998,Dollar Express,"5900 Reistertown Rd, Baltimore, MD 21215",3,13,6/30/2017,1
3/30/2017,453998,Dollar Express,"3824 Eastern Ave, Baltimore, MD 21224",3,7,6/30/2017,1
3/30/2017,453998,Dollar Express,"4206 Frankford Ave, Baltimore, MD 21206",3,15,6/30/2017,1
3/30/2017,453998,Dollar Express,"2429 Frederick Ave, Baltimore, MD 21223",3,16,6/30/2017,1
3/30/2017,453998,Dollar Express,"234 Tilghman Rd, Salisbury, MD 21804",5,5,6/30/2017,1
3/30/2017,453998,Dollar Express,"13817 Outlet Dr, Silver Spring, MD 20904",7,13,6/30/2017,1
5/2/2017,485990,"First Transit, Inc.","10745 DeMarr Road, White Plains, MD 20695",9,77,7/1/2017,1
5/17/2017,331420,"Kaydon Ring & Seal, Inc.","1600 Wicomico St, Baltimore, MD 21230",3,217,7/17/2017,1
5/26/2017,311999,Kellogg Company,"11841 Newgate Blvd, Hagerstown, MD 21740",12,76,7/29/2017,2
6/7/2017,541511,Inovalon,"7120 Samuel Morse Drive, Columbia, MD 21046",6,113,7/10/2017,2
6/29/2017,623110,NMS Healthcare of Hagerstown.,"14014 Marsh Pike, Hagerstown, MD 21742",12,approx. 150,6/30/2017,1
7/10/2017,541618,Locke Insulators,"2525 Insulator Dr, Baltimore, MD 21230",3,107,9/8/2017,1
7/25/2017,221118,Direct Energy,"7101 Riverwood Drive, Columbia, MD 21046",6,108,9/12/2017,1
7/27/2017,423120,Volvo Group North America,"7101 Troy Hill Drive Elkridge, MD 21075",6,30,7/28/2017,2
7/28/2017,5312100,First Potomac Realty Trust,"10320 Little Patuxent Parkway, Suite 600, Columbia, MD 21044",6,22,10/1/2017,2
7/28/2017,531110,First Potomac Realty Trust,"7600 Wisconsin Ave, Bethesda, MD 20814",7,50,10/1/2017,2
8/1/2017,443142,OrderUp (a subsidiary of Groupon),"2400 Boston St, 2nd Floor, Baltimore, MD 21224",3,70,9/30/2017,1
8/10/2017,236115,"Fibrwrap Construction Services, Inc.","709 East Ordnance Road, Baltimore, MD 21226",1,31,8/2017-12/2018,2
8/10/2017,323111,McArdle Printing Company,"800 Commerce Drive, Upper Marlboro, MD 20774",8,77,9/30/2017,1
8/17/2017,561720,"APTIM Services, LLC","Calvert Cliffs Nuclear Station,1560 Calvert Cliffs Pkwy, Lusby, MD 20657",9,36,8/18/2017,2
8/23/2017,561311,"Lutech Resources, Inc.","Calvert Cliffs Nuclear Station,1560 Calvert Cliffs Pkwy, Lusby, MD 20657",9,36,8/18/2017,2
8/28/2017,236118,Triumph Thermal Systems dba Triumph Electronics Control,"540 Highland Street, Frederick, MD 21701",4,96,12/2017-8/2018,1
11/13/2017,621511,"Charles River Laboratories, Inc.","8501 Progress Drive, Frederick, MD 21701",4,57,3/2018-8/2018,1
11/16/2017,452210,Lord & Taylor,"1600 Annapolis Mall Road, Annapolis, MD 21401",1,141,4/15/2018-4/28/2018,1
11/27/2017,522390,First Guaranty Mortgage Corporation,"5280 Corporate Drive, Suite B200,           Frederick, MD  21703",4,82,1/31/2018,2
11/27/2017,452210,The Bon-Ton Stores Inc.,"17301 Valley Mall Road, Hagerstown, MD 21740",12,47,2/22/2018,1
1/5/2016,541613,Acosta Sales & Marketing,"7455 New Ridge Road, Suite R, Hanover, MD 21076",1,7,2/29/2016,2
1/5/2016,541613,Acosta Sales & Marketing,"7455 New Ridge Road, Suite R, Hanover, MD 21076",1,93,2/27/2016,2
1/5/2016,562920,Sims Recycling Solutions,"7575 Washington Blvd, Elkridge, MD 21075",6,86,3/31/2016,1
1/15/2016,452112,Walmart,"2701 Port Covington Dr, Baltimore, MD 21230",3,196,4/15/2016,2
1/20/2016,424410,"C&S Wholesale Grocers, Inc.","100 Lums Road, North East, MD 21901",10,192,3/24/2016,1
2/19/2016,812930,Penn Parking,"9000 Rockville Pike, Bethesda, MD 20892",7,59,3/13/2016,2
2/29/2016,326112,"Graham Packaging Company, L.P.","210 Kane St, Baltimore, MD 21224",3,79,4/1/2016,1
3/9/2016,311615,"Allen Harim Foods, LLC","12041 Cordova Rd, Cordova, MD 21625",11,300,5/9/2016,1
3/30/2016,445110,Safeway,"13814 Outlet Drive, Silver Spring, MD 20904",7,25,5/30/2016,1
4/6/2016,424410,U.S. Foods,"8024 Telegraph Road, Severn, MD 21144",1,304,6/24/2016,1
4/26/2016,518210,Edaptive Systems,"400 Red Brook Blvd, Suite 120, Owings Mills, MD 21117",2,60,6/30/2016,2
4/27/2016,721110,Commune Hotels and Resorts,"612 Cathedral Street, Baltimore, MD 21201",3,49,6/30/2016,2
5/2/2016,541611,Aerospace Testing Alliance,"Tunnel 9 at Moffett Road, Silver Springs, MD 20904",7,23,6/30/2016,2
5/5/2016,445110,"Safeway, Inc","6300 Central Avenue, Seat Pleasant, MD 20743",8,94,7/2/2016,1
5/5/2016,445110,"Safeway, Inc","1902 Vier Mills Road, Rockville, MD 20851",7,70,7/2/2016,1
5/26/2016,518210,"Global Payments, Inc.","10705 Red Run Blvd, Owings Mills, MD 21117",2,334,7/30/2016,2
5/27/2016,44511003,"Mars Super Markets, Inc.","7200 Holabird Ave, Baltimore, MD 21222",2,84,7/31/2016,1
5/27/2016,44511003,"Mars Super Markets, Inc.","7848 Wise Ave Baltimore, MD 21222",2,119,7/31/2016,1
5/27/2016,44511003,"Mars Super Markets, Inc.","165 Orville Rd Baltimore, MD 21221",2,105,7/31/2016,1
5/27/2016,44511003,"Mars Super Markets, Inc.","9613 M Harford Rd Baltimore, MD 21234",2,104,7/31/2016,1
5/27/2016,44511003,"Mars Super Markets, Inc.","5-15 Padonia Rd Timonium, MD 21093",2,62,7/31/2016,1
5/27/2016,44511003,"Mars Super Markets, Inc.","9544 Philadelphia Rd Baltimore, MD 21237",2,52,7/31/2016,1
5/27/2016,44511003,"Mars Super Markets, Inc.","1811 York Road Timonium, MD 21093",2,78,7/31/2016,1
5/27/2016,44511003,"Mars Super Markets, Inc.","11953 Reisterstown Rd Reisterstown, MD 21136",2,72,7/31/2016,1
5/27/2016,44511003,"Mars Super Markets, Inc.","8667 Belair Rd Baltimore, MD 21236",2,75,7/31/2016,1
5/27/2016,44511003,"Mars Super Markets, Inc.","1401 Pulaski Hwy Edgewood, MD 21040",10,72,7/31/2016,1
5/27/2016,44511003,"Mars Super Markets, Inc.","1080 Maiden Choice Ln Arbutus, MD 21227",2,104,7/31/2016,1
5/27/2016,44511003,"Mars Super Markets, Inc.","9150 Baltimore National Pike, Ellicott City, MD  21042",6,70,7/31/2016,1
5/27/2016,44511003,"Mars Super Markets, Inc.","1700 E. Northern Pkwy Baltimore, MD 21239",3,75,7/31/2016,1
5/27/2016,44511003,MTC Facility,"8803 Kelso Drive  Essex, MD 21221",2,20,7/31/2016,1
5/27/2016,44511003,Main Office,"9627 Philadelphia Rd Baltimore, MD 21237",2,64,7/31/2016,1
6/23/2016,424410,U.S. Foods,"8024 Telegraph Road, Severn, MD 21144",1,147,6/24/2016,2
6/28/2016,326112,"The Hedwin Division of Zacros America, Inc.","1600 Roland Heights Ave, Baltimore, MD 21211",3,129,8/28/2016,1
8/22/2016,445110,"Safeway, Inc.","14100 Baltimore Ave, Laurel, MD 20707",8,75,10/22/2016,1
8/29/2016,561612,"SecTek, Inc.","8601 Adelphi Rd, College Park, MD 20740; and 
      700 Pennsylvania Ave, Washington, D.C. 20408",8,137,8/31/2016,2
8/31/2016,523920,American Capital,"2 Bethesda Metro Center, Bethesda, MD 20814",7,138,1/1/2017,2
9/1/2016,523140,"Finiti Title, LLC","7090 Samuel Morse Drive, Columbia, MD 21046",6,100,11/1/2016,1
9/20/2016,624310,"Adventist Healthcare, Inc.","821 Fieldcrest Rd, Cambridge, MD 21613",11,90,11/30/2016,2
9/28/2016,221114,"SunEdison, Inc.","7550 Wisconsin Ave, Bethesda, MD 20814",7,2,9/29/2016,2
9/28/2016,541613,"Harte Hanks Marketing, Inc.","4545 Annapolis Rd, Baltimore, MD 21227",2,112,11/18/2016,1
9/28/2016,561990,"Office Paper Systems, Inc.","7650 Airpark Road, Gaithersburg, MD 20879",7,29,9/9/2016,1
10/25/2016,624190,"Europ Assistance USA, Inc","4330 East-West Hwy, Bethesda, MD 20814",7,36,1/6/2017,2
10/25/2016,524113,Ameritas Insurance Company,"7315 Wisconsin Ave # 1000W, Bethesda, MD 20814",7,94,12/30/2016,2
11/4/2016,332722,"Simpson Strong-Tie, Inc.","3100 Falls Cliff Road, Baltimore, MD 21211",3,73,2/28/2017,1
11/11/2016,424420,Kraft Heinz Foods Company,"300 Reliance Ave, Federalsburg, MD 21632",11,73,1/13/2017,1
11/21/2016,54187,"Kenoc Logistic Services, LLC's","521 Chelsea Road, Aberdeen, MD 21001",10,115,1/22/2017,2
12/2/2016,524113,Transamerica Life Insurance Company,"100 Light St, Baltimore, MD 21202",3,25,2/3/2017,2
12/7/2016,561110,"CoreLogic, Inc.","7090 Samuel Morse Dr, Columbia, MD 21046",6,10,2/7/2017,2
12/13/2016,484122,The Kane Company,"6500 Kane Way, Elkridge, MD 21075",6,900,12/9/2016,1
1/7/2015,561499,"Market Day, LLC","8265 Patuxent Range Road, Ste L, Jessup, MD 20794",6,26,3/7/2015,2
1/9/2015,325412,"Actavis, Inc.","10065 Red Run Blvd, Owings Mills, MD 21117",2,33,3/9/2015,1
1/13/2015,541512,Ciena Corporation,"900 Elkridge Landing RD, Ste 120, Linthicum, MD 21090",1,57,5/29/2015,2
2/3/2015,488190,"DynCorp International, LLC","U.S.Navy's Fleet Readiness Center- Aviation Support Equipment, Solomons Complex, Bldg 105, B Ave, Solomons Island, MD 20688",9,121,3/4/2015,2
2/4/2015,443142,RadioShack Corporation,"100 Tandy Drive, Hagerstown, MD 21740",12,87,3/11/2015,1
3/27/2015,448110,Jos. A. Bank,"500 Hanover Pike, Hampstead, MD 21074",6,122,5/29/2015,2
4/8/2015,321211,AFP Logistics & Service,"2020 Washington Blvd, Baltimore, MD 21230",3,16,6/7/2015,2
4/8/2015,321211,"American Forest Products, LLC","1800 Washington Blvd, Ste 140, Baltimore, MD 21230",6,58,6/7/2015,2
4/21/2015,516110,"Riverbed Technology, Inc.","7255 Woodmont Ave, Bethesda, MD 20814",7,69,6/30/2015,2
4/28/2015,424410,Unilever,"3701 Southwestern Blvd, Baltimore, MD 21229",3,137,5/29/2015,1
5/6/2015,336411,Safran Labinal Power Systems,"600 Glen Ave, Salisbury, MD 21804",5,480,7/6/2015,1
5/22/2015,339910,Orion Safety Products,"28320 St. Michaels Road, Easton, MD 21601",11,54,8/28/2015,2
6/1/2015,523110,"T. Rowe Price Associates, Inc.","4515 Painters Mill Road, Owings Mills, MD 21117",2,211,7/31/2015,2
6/12/2015,541810,Prince George's County Gazette,"13501 Konterra Road, Laurel, MD 20707",8,15,8/11/2015,1
6/12/2015,541810,Montgomery County Gazette,"9030 Comprint Court, Gaithersburg, MD 20877",7,69,8/11/2015,1
6/25/2015,312140,"Diageo Americas Supply, Inc.","5001 Washington Blvd, Baltimore, MD 21227",2,64,8/31/2015,2
6/30/2015,518210,"Dunbar Armored, Inc.","4983 Mercantile Dr, White Marsh, MD 21236",2,100,8/24/2015,2
7/29/2015,452111,Kmart Corporation,"7923 Bel Air Rd,    Baltimore, MD 21236",2,102,11/1/2015,1
8/12/2015,445110,"Atlantic & Pacific Tea Company (c/o Superfresh Food Markets, Inc.)","3507 Coastal Hwy; and 12741 Ocean Gateway, Ocean City, MD 21842",5,157,11/12/2015,1
8/14/2015,518210,"ZeniMax Media, Inc.","101 Schilling Road, Hunt Valley, MD 21031",2,25,8/19/2015,2
8/31/2015,423840,"CROWN Cork and Seal USA, Inc.","8801 Citation Road, Baltimore, MD 21221",2,47,10/30/2015,1
9/1/2015,332999,Sonco Worldwide,"5000 Windom Rd, Bladensburg, MD 20710",8,100,10/31/2015,1
9/8/2015,444110,The Home Depot,"16500 Hunters Green Pkwy, Hagerstown, MD 21740",12,315,11/10/2015,2
9/9/2015,812930,Colonial Parking,"9000 Rockville Pike, Bethesda, MD 20892",7,60,10/14/2015,2
9/16/2015,521110,Branch Banking and Trust Corporation (BB&T),"13511 Label Lane, Hagerstown, MD 21470",12,126,10/9/2015,2
9/18/2015,622110,Dimensions Healthcare System,"Laurel Regional Hospital, 7300 Van Dusen Rd, Laurel, MD 20707",8,118,10/10/2015,2
10/6/2015,424410,"Collington Services, LLC","16020 Leeland Rd, Upper Marlboro, MD 20774; 6300 Columbia Park Rd, Landover, MD 20785",8,191,12/5/2015,1
11/3/2015,523110,"Calvert Investments, Inc.","4550 Montgomery Ave, Bethesda, MD 20814",7,41,12/31/2015,2
11/18/2015,335931,"Voltronics, LLC","2250 Northwood Drive, Salisbury, MD 21801",5,26,9/30/2016,2
11/19/2015,515120,"Scripps Networks Interactive, Inc.","5425 Wisconsin Ave, Ste. 500, Chevy Chase, MD 20815",7,78,1/19/2016,2
11/20/2015,561210,Aramark,"Mount St. Mary’s University, 16300 Old Emmitsburg Road,                     Emmitsburg, MD 21727",4,83,12/31/2015,2
1/3/2014,811412,Sears Holdings Corporation Product Rebuild Center,"2101 Brightseat Road, Landover, MD 20785",8,86,3/16/2014,1
1/8/2014,493110,Mars Super Markets Inc.,"1401 Edison Highway, Baltimore, MD 21213",3,78,3/9/2014,1
1/17/2014,541330,"PAE Applied Technologies, LLC","Patuxent River NAS 47758 Ranch Road, Building 1492, Patuxent River, MD 20670",9,105,2/24/2014,1
1/29/2014,42481,Winner Distributing Company,"7616 Canton Center Drive, Baltimore, MD 21224",2,125,2/29/2014,1
1/31/2014,812990,Ascend One,"9755 Patuxent Woods Drive, Suite 100, Columbia, MD 21046",6,147,3/31/2014,2
2/4/2014,453998,"HDA, Inc and N-Store Merchandising, Inc",No specific location,13,37,2/3/2014,2
2/11/2014,561110,Meritus Health,"11116 Medical Campus Road, Hagerstown, MD 21742",12,56,2/11/2014,1
2/12/2014,325611,Sun Products Corporation,"5300 Holabird Ave, Baltimore, MD 21224",3,300,4/1/2014,1
2/21/2014,517210,Verizon Wireless,"7401 Coca Cola Drive, Hanover, MD 20176",6,361,5/8/2014,2
2/21/2014,517210,Verizon Wireless,"7600 Montpelier Road, Laurel, MD 20723",6,11,5/8/2014,2
3/6/2014,522130,Emery Federal Credit Union,"90 Painters Mill Road, STE 215, Owings Mills, MD 21117",2,78,3/7/2014,1
3/11/2014,611699,Aramark Educational Services,"Frostburg State University, 101 Braddock Road, Chesapeake Hall, Frostburg, MD 21532",12,172,5/22/2014,1
3/26/2014,311513,Saputo,"14738 Warfordsburg Road, Hancock, MD 21750",12,60,6/27/2014,1
3/28/2014,561110,Crossroads Hospitality Management Co. (Sheraton Baltimore City Center),"101 W. Fayette Street, Baltimore, MD 21201",3,Initially 110 (Possibly as high as 160),5/29/2014,2 (Possibly turning into a closure)
4/15/2014,485999,First Transit,"6333 Macaw Court, Elkridge, MD 21075",6,150,7/1/2014,1
5/1/2014,541611,BAE Systems,"23481 Cottonwood Parkway, California, MD 20619",9,172,6/30/2014,1
5/6/2014,512110,Nielsen Audio Inc.,"9705 Patuxent Woods Drive, Columbia, MD 21046",6,325,8/31/2014,2
5/23/2014,423990,PetSmart,"16522A Huntersgreen Pkwy, Hagerstown, MD 21740",12,56,7/24/2014,1
7/9/2014,621511,Charles River Laboratories,"8501 Progress Drive, Frederick, MD 21701",4,76,9/25/2014,2
7/10/2014,424120,Office Depot Max,"6745 Business Parkway, Elkridge, MD 21075",6,54,9/5/2014,1
7/21/2014,522310,RoundPoint Mortgage Company,"15825 Shady Grove Road, Suite 20, Rockville, MD 20850",7,68,9/19/2014,2
8/12/2014,541519,Vencore Services,"8800 Greenbelt Road, Greenbelt, MD 20771",8,Unknown,9/30/2014,1
8/19/2014,541512,General Dynamics Information Technology,"2600 Tower Oaks Blvd, Ste 600, Rockville, MD 20852",7,61,10/18/14,2
9/10/2014,311615,Murry's Inc.,"8300 Pennsylvania Ave, Upper Marlboro, MD 20772",8,64,11/10/2014,2
9/19/2014,561422,"Nielsen Audio, Inc.","9705 Patuxent Woods Dr, Columbia, MD 21046",6,80,11/23/2014,2
9/22/2014,541618,CORIX Utilities,"8803 Kelso Dr., Essex, MD 21221",2,116,9/23/2014,1
9/23/2014,452112,Kmart,"5760 Wabash Ave, Baltimore, MD 21215",3,107,11/30/2014,1
10/22/2014,921190,"Dolce International/Potomac, Inc.","9600 Newbridge Dr, Potomac, MD 20854",7,261,12/31/2014,2
12/17/2014,311991,"Trinity Services Group, Inc","901 Greenmount Ave, Baltimore, MD",2,143,1/31/2015,2
3/6/2013,541614,Serco Inc.,"6731 Columbia    Gateway Drive Suite 300A, Columbia, MD 21046",6,308,Unknown at this    time,2
3/6/2013,541614,Serco    Inc.,"2099    Gaither Road, Third Floor, Rockville, MD 20850-4040",7,38,Unknown    at this time,2
3/6/2013,541614,Serco    Inc.,"4700    Silver Hill Road, Rm 3517 Suitland, MD 20746",8,82,Unknown    at this time,2
3/6/2013,541614,Serco    Inc.,"4305    Susquehanna Ave, Rm 145, Aberdeen Proving Ground, MD 21005-5001",10,27,Unknown    at this time,2
3/6/2013,541614,Serco    inc.,"8901    Wisconsin Avenue, Bld 17 Ste. 1B, Bethesda, MD 20889-5600",7,23,Unknown    at this time,2
1/11/2013,423110,American Suzuki Motor Corporation,"3251 E. Imperial Highway, Brea, CA",7&11,2,3/14/2013,2
2/7/2013,493110,"Eby F.A Davis, LLC","6610 Cabot Drive, Baltimore, MD 21226",1,194,4/22/2013,1
2/19/2013,722320,Flying Food Group LLC,"15800 Commerce Court, Upper Marlboro, MD 20774",8,68,4/22/2013,1
3/18/2013,454390,Sodexo Inc.,"Loyola College-Maryland, 4501 N. Charles St., Baltimore, MD 21210",3,190,5/31/2013,1
4/10/2013,485210,MV Transportation,"6500 Ammendale Road Beltsville, MD 20705",8,188,6/11/2013,1
4/12/2013,485210,MV Transportation,"8540 Ashwood Drive Capitol Heights, MD 20743",8,447,6/13/2013,1
4/22/2013,721110,"Marriott International, Inc.","10400 Fernwood Road, Bethesda, MD 20817",7,"Starting with
                 35 leading up to
                 several hundred by
                 December 2013",6/28/2013,1
4/22/2013,721110,"Marriott International, Inc.","9737 Washingtonian Boulevard, Suite 501, Gaithersburg, MD 20878",7,"Starting with
                 35 leading up to
                 several hundred by
                 December 2013",6/28/2013,1
4/22/2013,721110,"Marriott International, Inc.","7300 Crestwood Boulevard, Frederick, MD 21703",4,"Starting with
                 35 leading up to
                 several hundred by
                 December 2013",6/28/2013,1
4/29/2013,722514,"ARAMARK Educational Services, LLC","Johns Hopkins University, 3400 North Charles Street; AMR1-LL Basement Baltimore, MD 21218",2,202,6/30/2013,1
5/16/2013,515210,Comcast,"1301 McCormick Drive Largo, MD 20774",8,145,9/7/2013,2
7/8/2013,325510,Complementary Coatings Corp,"4701 O'Donnell Street, Baltimore, MD 21224",3,52,9/13/2013,1
7/16/2013,311611,Smithfield,"5801 Columbia Park Road Landover, MD 20785",8,156,9/14/2013,1
7/22/2013,561612,"MVM, Inc.","1325 East West Highway, Silver Spring, MD 20910",7,"Total 106 (at this time, number impacted at this location is unknown)",9/30/2013,2
7/22/2013,561612,"MVM, Inc.","1315 East West Highway, Silver Spring, MD 20910",7,"Total 106 (at this time, number impacted at this location is unknown)",9/30/2013,2
7/22/2013,561612,"MVM, Inc.","1305 East West Highway, Silver Spring, MD 20910",7,"Total 106 (at this time, number impacted at this location is unknown)",9/30/2013,2
7/22/2013,561612,"MVM, Inc.","5830 University Research Court, College Park, MD 20740",8,"Total 106 (at this time, number impacted at this location is unknown)",9/30/2013,2
7/31/2013,561440,NCO Financial Systems,"7595 Montevideo Road, Jessup, MD 20794",6,86,9/30/2013,1
9/10/2013,541618,Terrapin Systems LLC.,"1201 Seven Locks Road, Suite 300, Rockville, MD 20854",7,173,11/15/2013,1
10/21/2013,621511,"Laboratory Partners, Inc. (Suburban Medical Laboratory)","6800 Virginia Manor Road, Beltsville, MD 20705",8,Not sure of the number of impacted workers in MD at this time,12/13/2013,Unsure at this time
11/14/2013,512110,"Nielsen Audio, Inc.","9705, 9700, 9740 & 9830 Patuxent Woods Drive, Columbia, MD 21046",6,333,1/14/2014,2
11/27/2013,622110,MedStar Health,"MFSMC, 9000 Franklin Square Drive, Baltimore, MD 21237",2,43,1/31/2014,2
11/27/2013,622110,MedStar Health,"MGSH, 5601 Loch Raven Blvd., Baltimore, MD 21218",3,19,1/31/2014,2
11/27/2013,622110,MedStar Health,"MHH, 3001 S. Hanover St., Baltimore, MD 21225",3,29,1/31/2014,2
11/27/2013,622110,MedStar Health,"MMMC, 18101 Prince Phillip Drive, Olney, MD 20831",7,24,1/31/2014,2
11/27/2013,622110,MedStar Health,"MUMH, 201 E. University Parkway, Baltimore, MD 21218",3,26,1/31/2014,2
11/27/2013,622110,MedStar Health,"MedStar Health, 9105 Franklin Square Drive, Baltimore, MD 21237",2,4,1/31/2014,2
11/27/2013,622110,MedStar Health,"MedStar Health, 600 Pulaski Park Drive, Baltimore, MD 21220",2,2,1/31/2014,2
12/4/2013,452111,Saks Incorporated,"500 Hickory Drive, Aberdeen, MD 21001",10,191,1/3/2014,2
12/10/2013,331221,Worthington Industries,"8911 Kelso Drive, Baltimore, MD 21221",2,54,2/10/2014,1
12/10/2013,522110,Baltimore County Savings Bank,"4111 East Joppa Road, Suite 300, Baltimore MD 21236",2,53,2/14/2014,2
12/16/2013,522320,First National Bank,"9250 Rumsey Road, Suite 102, Columbia, MD 21045",6,11,2/20/2014,1
1/4/2012,452111,Bloomingdales,"11305 Rockville Pike, Kensington, MD",7,184,3/17/2012,1
1/6/2012,452111,Macy's,"14828 Baltimore-Washington Boulevard, Laurel, MD",8,113,3/9/2012,1
1/19/2012,722320,SSP America,"501 McCormick Drive #J, Glen Burnie, MD",1,112,1/3/2012,1
1/30/2012,623220,Adventist Behavioral Health,"14 Romig Drive, Crownsville, MD",1,100,3/31/2012,1
2/1/2012,561612,Stanley Black & Decker,"2631 Sisson Street, Baltimore MD",3,142,4/1/2012-11/6/2012,1
2/14/2012,443120,DocuLynx,"8007 Corporate Drive, Ste H, Baltimore, MD",2,19,7/31/2012,1
2/15/2012,561612,Northrop Grumman,"P.O. Box 100, Fort Meade, MD",1,224,4/20/2012,2
2/23/2012,312130,DIAGEO,"5001 Washington Blvd., Baltimore , MD",2,34,4/27/2012,2
3/8/2012,238990,"Science Systems and Applications, Inc.","10210 Greenbelt Road, Suite 600, Lanham, MD",8,117,4/30/2012,2
3/16/2012,424210,McKesson Pharmaceutical,"7721 Polk Street, Landover MD",8,106,4/20/2012,1
3/21/2012,722211,ARAMARK,"10000 New Hampshire Avenue, Silver Spring, MD",7,64,5/21/2012,1
4/2/2012,711190,HMS Host,"Maryland House Travel Plaza, I-95, JFK Memorial Highway, Mile Markers 82,       Aberdeen, MD &
                 Chesapeake House Travel Plaza, I-95, JFK Memorial Highway,       Mile Marker 96.5, North East, MD",10,396,9/15/2012,1
4/3/2012,323100,Harland Clarke Holdings Corp.,"1094 Park 100 Drive, Glen Burnie, MD",1,125,6/2/2012,2
4/14/2012,443112,Best Buy,"118 Shawan Road, Hunt Valley, MD",2,68,6/15/2012,1
4/16/2012,452111,Sears,"16331 Shady Grove Road, Gaithersburg, MD",7,82,6/16/2012,1
4/25/2012,493110,Jessup Logistics,"7805 Assateague Drive, Jessup, MD",6,244,6/30/2012,1
5/2/2012,522110,Capital One,"1352 ""A"" Charwood Road, Hanover, MD",1,40,4th quarter of this year,1
5/3/2012,311711,Phillips Foods Inc.,"1215 E. Fort Avenue, Baltimore, MD",3,100,7/1/2012,1
5/4/2012,423990,Saks Fifth Avenue,"500 Hickory Drive, Abredeen, MD",10,223,5/28/2012,2
5/4/2012,622310,University of Maryland Medical System chronic care programs offered at University Specialty        Hospital,"601 South Charles Street, Baltimore, MD",3,350,7/11/2012,1
5/4/2012,311811,Hostess Brands Inc.,"3675 Leonardtown Road, Waldorf, MD",9,158,7/3/2012,1
5/4/2012,311811,Hostess Brands    Inc.,"11400 Baltimore    Boulevard, Beltsville, MD",8,34,7/3/2012,1
5/9/2012,311520,Unilever Ice Cream,"1100 Frederick Street, Hagerstown, MD",12,420,7/27/2012,"1
                 *Note-This is an update to the WARN sent by the company on September 2, 2011"
5/23/2012,331111,RG Steel LLC,"1430 Sparrows Point Blvd., Sparrows Point, MD",2,1975,6/4/2012,"The company is idling the plant, unsure at this time if temporary or permanent"
6/4/2012,561210,iAP Worldwide Services,"8901 Rockville Pike, Bethesda, MD",7,99,6/18/2012,1,6/26/2012,522291,Capital One,"7501 Wisconsin    Ave., Bethesda, MD",7,80,11/5/2012,2,7/17/2012,522110,Bank of America,"11333 McCormick Road, Hunt Valley, MD",2,55,11/30/2012,2,8/2/2012,561612,G4S Government Solutions Inc.,"Fort Meade, 4217 Roberts Ave., Ste 320, Fort Meade, MD",1,62,9/30/2012,1,8/2/2012,561612,G4S Government Solutions Inc.,"Walter Reed Medical Center, Forest Glen Annex, 2460 Linden Lane, Bldg. #605, PMO/WSI, Silver Spring, MD",7,31,9/30/2012,1,8/14/2012,443130,Ritz Camera &    Image,"6711 Ritz Way,    Beltsville, MD",8,72,9/6/2012,1,8/24/2012,623110,Harborside    Nursing & Rehabilitation Center,"501 West    Franklin Street, Baltimore, MD",3,71,8/25/2012,2,8/30/2012,541711,Human Genome    Sciences,"14200 Shady    Grove Road, Rockville, MD",7,114,10/30/2012,2,9/7/2012,493110,"White Marsh    Distribution, LLC","10000 Franklin    Square Drive, White Marsh, MD",2,120,11/30/2012,1,9/24/2012,485210,MV Transportation,"11A Irongate    Drive, Waldorf, MD",9,68,10/31/2012,1,9/26/2012,493110,Eby-Brown,"6610    Cabot Dr. Baltimore, MD",1,112,11/2/2012,2,10/1/2012,325620,Sinful Colors    Inc.,"10721 Tucker    Street, Beltsville, MD",9,117,1/1/2013,1,10/15/2012,541711,Human Genome    Sciences,"14200 Shady    Grove Road, Rockville, MD",7,97,12/15/2012,2,10/26/2012,541511,Kratos Defense    and Security Solutions,"5200    Philadelphia Way, Lanham, MD",8,125,12/30/2012,2,10/29/2012,321991,Sotera Defense    Solutions,"24 S. Wisner    Street, Suite 110, Frederick, MD",4,25,12/31/2012,1,11/1/2012,722110,Clyde's of Columbia and the Tomato Palace Restaurants,"10221 Wincopin Circle, Columbia, MD",6,195,1/7/2013,1,11/27/2012,561730,Mercier's,"7442 Shipley    Avenue, Harmans MD",1,75,12/31/2012,2,12/20/2012,541618,URS Corporation,"MacArthur Road,    Ft. Meade, MD & 430 National Business Parkway, Suite 400, Annapolis    Junction, MD",1,Unknown at this    time,2/7/2013,2,12/27/2012,424910,Commerce    Corporation,"7603 Energy    Parkway, Baltimore, MD",1,60-70 in Maryland,12/28/2012,1,12/20/2012,541618,URS Corporation,"MacArthur Road, Ft. Meade, MD & 430 National Business Parkway, Site 400, Annapolis Junction, MD",1,31,2/27/2013,2,12/27/2012,424910,Commerce Corporation,"7603 Energy Parkway, Baltimore, MD",1,60-70 in Maryland,12/28/2012,1,12/27/2012,485510,Veolia Transportation,"2100 Huntingdon Ave, Baltimore, MD",3,78,3/3/2013,2
6/26/2012,522291,Capital One,"7501 Wisconsin    Ave., Bethesda, MD",7,80,11/5/2012,2
7/17/2012,522110,Bank of America,"11333 McCormick Road, Hunt Valley, MD",2,55,11/30/2012,2
8/2/2012,561612,G4S Government Solutions Inc.,"Fort Meade, 4217 Roberts Ave., Ste 320, Fort Meade, MD",1,62,9/30/2012,1
8/2/2012,561612,G4S Government Solutions Inc.,"Walter Reed Medical Center, Forest Glen Annex, 2460 Linden Lane, Bldg. #605, PMO/WSI, Silver Spring, MD",7,31,9/30/2012,1
8/14/2012,443130,Ritz Camera &    Image,"6711 Ritz Way,    Beltsville, MD",8,72,9/6/2012,1
8/24/2012,623110,Harborside    Nursing & Rehabilitation Center,"501 West    Franklin Street, Baltimore, MD",3,71,8/25/2012,2
8/30/2012,541711,Human Genome    Sciences,"14200 Shady    Grove Road, Rockville, MD",7,114,10/30/2012,2
9/7/2012,493110,"White Marsh    Distribution, LLC","10000 Franklin    Square Drive, White Marsh, MD",2,120,11/30/2012,1
9/24/2012,485210,MV Transportation,"11A Irongate    Drive, Waldorf, MD",9,68,10/31/2012,1
9/26/2012,493110,Eby-Brown,"6610    Cabot Dr. Baltimore, MD",1,112,11/2/2012,2
10/1/2012,325620,Sinful Colors    Inc.,"10721 Tucker    Street, Beltsville, MD",9,117,1/1/2013,1
10/15/2012,541711,Human Genome    Sciences,"14200 Shady    Grove Road, Rockville, MD",7,97,12/15/2012,2
10/26/2012,541511,Kratos Defense    and Security Solutions,"5200    Philadelphia Way, Lanham, MD",8,125,12/30/2012,2
10/29/2012,321991,Sotera Defense    Solutions,"24 S. Wisner    Street, Suite 110, Frederick, MD",4,25,12/31/2012,1
11/1/2012,722110,Clyde's of Columbia and the Tomato Palace Restaurants,"10221 Wincopin Circle, Columbia, MD",6,195,1/7/2013,1
11/27/2012,561730,Mercier's,"7442 Shipley    Avenue, Harmans MD",1,75,12/31/2012,2
12/20/2012,541618,URS Corporation,"MacArthur Road,    Ft. Meade, MD & 430 National Business Parkway, Suite 400, Annapolis    Junction, MD",1,Unknown at this    time,2/7/2013,2
12/27/2012,424910,Commerce    Corporation,"7603 Energy    Parkway, Baltimore, MD",1,60-70 in Maryland,12/28/2012,1
12/20/2012,541618,URS Corporation,"MacArthur Road, Ft. Meade, MD & 430 National Business Parkway, Site 400, Annapolis Junction, MD",1,31,2/27/2013,2
12/27/2012,424910,Commerce Corporation,"7603 Energy Parkway, Baltimore, MD",1,60-70 in Maryland,12/28/2012,1
12/27/2012,485510,Veolia Transportation,"2100 Huntingdon Ave, Baltimore, MD",3,78,3/3/2013,2
1/10/2011,312111,Pepsi Beverages Company,"1650 Union Avenue, Baltimore, MD",3,77,3/11/2011,1
1/12/2011,531210,ZipRealty Inc.,"1122 Kenilworth Drive, Suite 217, Towson, MD",2,2,3/14/2011,1
1/26/2011,541330,GE Aviation,"20501 Seneca Medows Pkwy, Germantown, MD",7,44,4/1/2011,2
2/28/2011,443120,Northrop Grumman,"7040 TroyHill Dr., Elkridge, MD",6,146,4/30/2011,2
3/4/2011,522110,Bank of America,"11333 McCormick Road, Hunt Valley, MD",2,39,4/30/2011,2
3/8/2011,541330,Honeywell,"7515 & 7535 Mission Dr, Lanhan-Seabrook and
                 8800 Greenbelt Road, Geenbelt, MD",8,190,4/82011,2
3/10/2011,423930,Cansa Hershman Recycling,"6401 Quad Avenue, Baltimore, MD",3,25,5/8/2011,2
3/14/2011,611699,ARAMARK Educational Services,"8000 York Road, Towson, MD",2,83,6/30/2011,1
3/22/2011,334512,"ITT, Global Information Services","7556 Teague Road, Suite 300, Hanover, MD",1,48,12/30/2011,1
3/22/2011,445110,Peapod by Giant,"211 Edison Park Drive, Gaithersburg, MD",7,120,5/31/2011,1
3/31/2011,323119,Editor's Press,"6200 Editors Park Drive, Hyattsville, MD",8,84,5/31/2011,1
4/11/2011,551112,Chubb & Son,"1800 Washington Boulevard, Baltimore MD",1,90,10/31/2011,1
4/19/2011,325131,"Cristal Global, Millennium Inorganic Chemicals","3901 Fort Armistead Road, Baltimore, MD",3,78,7/1/2011-12/2013,1
4/27/2011,522292,Bank of America,"6711 Columbia Gateway Drive, Columbia, MD",2,18,6/15/2011,2
4/29/2011,322215,Solo Cup,"10100 Reisterstown Road, Owings Mills, MD",2,101,6/30/2011,1
5/6/2011,445110,A&P /Super Fresh,"222 N Charles St. Baltimore, MD",3,44,7/62011,1
5/62011,445110,A&P/Super Fresh,"5101 East Drive, Arbutus, MD",2,37,7/6/2011,1
5/6/2011,445110,A&P/Super Fresh,"7005 Security Blvd., Woodlawn, MD",2,91,7/6/2011,1
5/6/2011,445110,A&P/Super Fresh,"1350 W. 41st Street, Baltimore, MD",3,95,7/6/2011,1
5/6/2011,445110,A&P/Super Fresh,"1763 Chesaco Ave., Rosedale, MD",2,65,7/6/2011,1
5/6/2011,445110,A&P/Super Fresh,"504 Ridgeville Blvd. Mount Airy, MD",6,58,7/6/2011,1
5/6/2011,445110,A&P/Super Fresh,"1238        Putty Hill, Towson, MD",2,75,7/6/2011,1
5/6/2011,445110,A&P/Super Fresh,"8905 Belair Road, Baltimore, MD",2,58,7/6/2011,1
5/6/2011,445110,A&P/Super Fresh,"Route 213, Wash Square, Chestertown, MD",11,61,7/6/2011,1
5/6/2011,445110,A&P/Super Fresh,"3301 North Ridge Road, Ellicott City, MD",6,83,7/6/2011,1
5/6/2011,445110,A&P/Super Fresh,"7280 Montgomery, Elkridge, MD",6,72,7/6/2011,1
5/6/2011,445110,A&P/Super Fresh,"780 Cambridge, Cambridge, MD",11,76,7/6/2011,1
5/6/2011,445110,A&P/Super Fresh,"125 West College St, Salisbury, MD",5,82,7/6/2011,1
5/6/2011,445110,A&P/Super Fresh,"37 W. Aylesbury Ave., Timonium, MD",2,98,7/6/2011,1
5/6/2011,445110,A&P/Super Fresh,"1155 Annapolis Road, Odenton, MD",1,64,7/6/2011,1
5/6/2011,445110,A&P/Super Fresh,"7440 Ritchie Hwy., Glen Burnie, MD",1,67,7/6/2011,1
5/6/2011,445110,A&P/Super Fresh,"1238 Bay Dale Drive, Arnold, MD",1,63,7/6/2011,1
5/6/2011,445110,A&P/Super Fresh,"7709 Harford Road, Parkville, MD",2,68,7/6/2011,1
5/6/2011,445110,A&P/Super Fresh,"RT 140, Englar Road, Westminster, MD",6,58,7/6/2011,1
5/6/2011,445110,A&P/Super Fresh,"Ballenger Creek Pkwy., Frederick, MD",4,34,7/6/2011,1
5/6/2011,445110,A&P/Super Fresh,"40 Souner Road, Brunswick, MD",4,44,7/6/2011,1
5/6/2011,445110,A&P/Super Fresh,"12028 Cherry Hill Road, White Oak, MD",7,84,7/6/2011,1
5/12/2011,541410,Worthington Industries,"8911 Bethlehem Blvd., Baltimore MD",2,59,7/13/2011,1
5/16/2011,488510,IAP Worldwide Services,"229 Chisholm Avenue, Fort Meade MD",1,144,6/30/2011,1
5/17/2011,541613,Coca-Cola Refreshments,"2556 Riva Road, Annapolis, MD",1,72,9/2/2011,1
5/25/2011,312130,DIAGEO,"5001 Washington Blvd., Baltimore, MD",2,55,7/29/2011,2
5/25/2011,334418,RTS,"2562 Solomons Island Road, Annapolis, MD",1,10,8/31/2011,2
5/25/2011,334418,RTS,"7900 Ritchie Hwy., Suite E 157 Marley Station Mall, Glen Burnie, MD",1,6,8/31/2011,2
5/25/2011,334418,RTS,"6711 Ritchie Hwy., Suite 625, Glen Burnie, MD",1,2,8/31/2011,2
5/25/2011,334418,RTS,"1852 Reisterstown Rd., Suite 105, Pikesville, MD",2,6,8/31/2011,2
5/25/2011,334418,RTS,"405 Williams Court, Stes., 116-120, Middle River, MD",2,12,8/31/2011,2
5/25/2011,334418,RTS,"1964 York Rd., Timonium, MD",2,5,8/31/2011,2
5/25/2011,334418,RTS,"8149 Honeygo Boulevard, Suite E, Baltimore, MD",2,11,8/31/2011,2
5/25/2011,334418,RTS,"6220 Baltimore National Pike, Catonsville, MD",2,8,8/31/2011,2
5/25/2011,334418,RTS,"1160 West Patrick, St., Frederick, MD",4,11,8/31/2011,2
5/25/2011,334418,RTS,"2720 North Salisbury Blvd., Salisbury, MD",5,14,8/31/2011,2
5/25/2011,334418,RTS,"9021 Snowden Square Drive, Columbia, MD",6,9,8/31/2011,2
5/25/2011,334418,RTS,"400 North Center St., Suite 167, Westminster, MD",6,6,8/31/2011,2
5/25/2011,334418,RTS,"1701-A Rockville Pike, Rockville, MD",7,9,8/31/2011,2
5/25/2011,334418,RTS,"472 North Frederick Ave., Gaithersburg, MD",7,6,8/31/2011,2
5/25/2011,334418,RTS,"6932 Wisconsin Ave., Chevy Chase, MD",7,4,8/31/2011,2
5/25/2011,334418,RTS,"21040 Frederick Road Unit G, Germantown, MD",7,6,8/31/2011,2
5/25/2011,334418,RTS,"8919 Woodyard Rd., Suite B, Clinton, MD",8,6,8/31/2011,2
5/25/2011,334418,RTS,"10250 Baltimore Ave., Ste. A, College Park, MD",8,4,8/31/2011,2
5/25/2011,334418,RTS,"15642 Emerald Way, Space A-1, Bowie, MD",8,7,8/31/2011,2
5/25/2011,334418,RTS,"23105 Three Notch Road, California, MD",9,9,8/31/2011,2
5/25/2011,334418,RTS,"2915 Crain Highway, Waldorf, MD",9,11,8/31/2011,2
5/25/2011,334418,RTS,"2 Bel Air South Parkway, Bel Air, MD",10,11,8/31/2011,2
5/31/2011,321992,Hometown America,"1901 Fernwood    Drive, Capitol Heights, MD",9,4,9/30/2011,2
6/2/2011,541618,General Dynamics Information Technology,"3071 Aberdeen Blvd., Aberdeen Proving Ground, MD",10,52,Starting 7/15/2011,1
6/9/2011,311615,"Allen Family Foods, Inc.","12041 Cordova Road, Cordova, MD",11,474,8/8/2011,1
6/13/2011,541611,Lockheed Martin,"7601 & 7615 Ora Glen Drive, Greenbelt, MD",8,95,8/12/2011,1
6/28/2011,621910,TransCare,"1125A Desoto Road, Baltimore, MD",3,55,8/31/2011,1
6/29/2011,561210,DEL-JEN,"3066 Perimeter Road, Andrews Air Force Base, MD",8,96,8/31/2011,1
6/29/2011,999990,"Gates, McDonald & Company Nationwide Better Heath","300 Clubhouse Lane, Hunt Valley, MD",2,96,8/29/2011,1
7/13/2011,722110,Phillips Seafood Restaurants,"301 Light Street, Baltimore MD",3,120,9/15/2011,6 week temporary lay off
7/18/2011,561720,Prestige Maintenance,Various-Workers were stationed in 17 different Target Stores around the state.,Various,54,8/1/2011,2
7/19/2011,334413,BP Solar,"630 Solarex Court, Frederick Business Center, Frederick, MD",4,58,10/18/2011,2
7/25/2011,523110,Legg Mason,"11155 Red Run Blvd., Owings Mills, MD",2,35,1/1/2012,2
7/25/2011,424420,DPI Specialty Foods,"1100 Mercantile Lane, Suite 100, Largo, MD",8,89,9/29/2011,2
7/28/2011,493190,Lockheed Martin,"US Naval Academy, 257 Longshaw Road, Annapolis MD",1,4,9/30/2011,2
7/28/2011,493190,Lockheed Martin,"Naval Observatory, 9500 MacArthur Blvd., Bethesda, MD",7,2,9/30/2011,2
7/28/2011,493190,Lockheed Martin,"Naval Support Activity, Carderock, 9500 MacArthur Blvd.,Bethesda, MD",7,8,9/30/2011,2
7/28/2011,493190,Lockheed Martin,"Naval Support Activity, Indian Head, 4386 Security Drive, Indian Head, MD",9,6,9/30/2011,2
7/28/2011,493190,Lockheed Martin,"Naval Air Station, Patuxent River, Sauffley Road, Bldg 3219, Lexington Park, MD",9,15,9/30/2011,2
8/1/2011,561210,Omni Corporation,"16825 S. Seton, Emmitsburg, MD",4,97,9/30/2011,1
8/3/2011,522320,Capital One,"6200 Chevy Dr., Laurel, MD",8,54,10/2/2011,2
8/3/2011,511210,elnstruction,"7125 Riverwood Dr., Columbia, MD",6,20,8/12/2011,1
8/22/2011,238210,L.H. Cranston & Sons,"1111 Pepper Rd., Hunt Valley, MD",2,unknown at this time,8/26/2011,2
8/26/2011,541712,SAIC,"NIH Femwood Building, 10401
                 Femwood Road, Bethesda, MD",7,83,10/28/2011,2
9/2/2011,311520,Unilever Ice Cream,"1100 Frederick Street, Hagerstown, MD",12,437,11/1/2011,1
9/20/2011,334413,BP Solar,"630 Solarex Court, Frederick Business Center, Frederick, MD",4,8 additional,12/20/2011,1
9/27/2011,522110,Bank of America,"5300 Westview Drive, Frederick, MD",4,20,11/7/2011,2
10/25/2011,327121,Redland Brick,"15718 Clear Spring Road, Williamsport, MD",12,60,12/23/2011,Temporary lay-off for a minimum of 60 days
11/3/2011,721110,Pillar Hotels & Resorts Holiday Inn (Frederick),"5400 Holiday Drive, Frederick, MD",4,87,12/31/2011,2
11/3/2011,721110,Pillar Hotels & Resorts Holiday Inn Express (Frederick),"5579 Spectrum Drive, Frederick, MD",4,19,12/31/2011,2
11/3/2011,721110,Pillar Hotels & Resorts Holiday Inn (Cumberland),"100 S. George Street, Cumberland, MD",12,53,12/31/2011,2
11/4/2011,448110,Filene's Basement-Syms Clothing,"600 East Pratt St., Baltimore, MD",3,31,1/9/2012,1
11/4/2011,448110,Filene's Basement-Syms Clothing,"1900 Chapman Avenue, Rockville, MD",7,37,1/9/2012,1
11/14/2011,488190,DynCorp International,"P.O. Box 469, Lexington Park, MD",9,74,12/31/2011,1
11/17/2011,721110,Interstate Hotels & Resorts Comfort Inn BWI,"6921 Baltimore-Annapolis Boulevard, Baltimore, MD",3,52,11/18/2011,2
12/1/2011,325199,"Transnuclear Inc., an Areva Company","7135 Minstrel Way, Suite 300 Columbia, MD",6,1,1/31/2012,2
12/7/2011,315225,Fechheimer,"11 Dorsey Hotel Road, Grantsville, MD",12,59,3/1/2012,2
12/22/2011,522110,"Susquehanna Bancshares, Inc.","2532 Baltimore Blvd., Mount Airy, MD",6,"Total 35 (At this time, number impacted at this location is unknown.)",2/17/2012,2
12/22/2011,522110,"Susquehanna Bancshares, Inc.","532 Baltimore Blvd., Ste 202, Westminster, MD",6,"Total 35 (At this time, number impacted at this location is unknown.)",2/17/2012,2
12/22/2011,522110,"Susquehanna Bancshares, Inc.","2101 Laurel Bush Road, Bel Air, MD",10,"Total 35 (At this time, number impacted at this location is unknown.)",2/17/2012,2
12/22/2011,522110,"Susquehanna Bancshares, Inc.","231 N. Main St., Boonsboro, MD",12,"Total 35 (At this time, number impacted at this location is unknown.)",2/17/2012,2
12/22/2011,522110,"Susquehanna Bancshares, Inc.","1101 Professional Court, Hagerstown, MD",12,"Total 35 (At this time, number impacted at this location is unknown.)",2/17/2012,2
12/22/2011,522110,"Susquehanna Bancshares, Inc.","940 Frederick Street, Hagerstown, MD",12,"Total 35 (At this time, number impacted at this location is unknown.)",2/17/2012,2
12/22/2011,522110,"Susquehanna Bancshares, Inc.","1800 Dual Highway, Ste. 100, Hagerstown, MD",12,"Total 35 (At this time, number impacted at this location is unknown.)",2/17/2012,2
12/22/2011,522110,"Susquehanna Bancshares, Inc.","17601 Virginia Ave., Hagerstown, MD",12,"Total 35 (At this time, number impacted at this location is unknown.)",2/17/2012,2
12/22/2011,522110,"Susquehanna Bancshares, Inc.","18233 Maugans Ave., Hagerstown, MD",12,"Total 35 (At this time, number impacted at this location is unknown.)",2/17/2012,2
12/22/2011,522110,"Susquehanna Bancshares, Inc.","13418 Marsh Pike, Hagerstown, MD",12,"Total 35 (At this time, number impacted at this location is unknown.)",2/17/2012,2
12/22/2011,522110,"Susquehanna Bancshares, Inc.","13511 Label Lane, Hagerstown, MD",12,"Total 35 (At this time, number impacted at this location is unknown.)",2/17/2012,2
12/22/2011,522110,"Susquehanna Bancshares, Inc.","1262 Vocke Road, LaVale, MD",12,"Total 35 (At this time, number impacted at this location is unknown.)",2/17/2012,2
12/22/2011,522110,"Susquehanna Bancshares, Inc.","963 National Highway, LaVale, MD",12,"Total 35 (At this time, number impacted at this location is unknown.)",2/17/2012,2
12/22/2011,522110,"Susquehanna Bancshares, Inc.","305 E. Oak Street, Oakland, MD",12,"Total 35 (At this time, number impacted at this location is unknown.)",2/17/2012,2
12/22/2011,522110,"Susquehanna Bancshares, Inc.","4204 Ebenezer Road, Baltimore, MD",2,"Total 35 (At this time, number impacted at this location is unknown.)",2/17/2012,2
12/22/2011,522110,"Susquehanna Bancshares, Inc.","307 International Circle, Suite 600, Hunt Valley, MD",2,"Total 35 (At this time, number impacted at this location is unknown.)",2/17/2012,2
12/22/2011,522110,"Susquehanna Bancshares, Inc.","10455 Mill Run Circle, Owings Mills, MD",2,"Total 35 (At this time, number impacted at this location is unknown.)",2/17/2012,2
1/7/2010,332116,"Marada Industries, Inc.",Westminster,6,117,3/9/2010,1
1/18/2010,722310 & 561720,ARAMARK Management Services University of Maryland Medical System,Baltimore City,3,411,4/12/2010,1
1/18/2010,722310 & 561720,ARAMARK Management Services University Specialty Hospital,Baltimore City,3,43,4/12/2010,1
1/20/2010,551114,Prime Retail Management,Baltimore City,3,Not known,3/15/2010,2
2/1/2010 to 2/28/2010,N/A,NO WARNS REPORTED,N/A,N/A,N/A,N/A,N/A
3/1/2010,561612,Wackenhut Services Inc.,Columbia,6,5,4/30/2010,1
3/5/2010,561499,Sears Holdings,Columbia,6,101,3/15/2010,1
3/8/2010,332722,General Dynamics,Westminster,6,80,3/8/2010,2
3/9/2010,522310,Capital One Bank,Laurel,8,179,7/1/2010,2
3/11/2010,811219,Northrop Grumman,Hagerstown,12,174,5/9/2010,2
3/26/2010,334413,BP Solar,Frederick,4,323,6/30/2010,2
4/15/2010,484220,Office Depot,Odenton,1,132,6/18/2010,1
4/21/2010,491110,Pitney Bowes Government Services Inc.,Rockville and Landover,7 & 8,21,4/30/2010,2
4/27/2010,541512,Science Applications International Corporation,Camp Springs,8,82,6/28/2010,2
4/30/2010,488320,Amports,Baltimore,3,116,7/1/2010,1
5/11/2010,522320,Capital One Bank,"6151 Chevy Chase Drive, Laurel, MD",8,134,11/5/2010,2
5/11/2010,522310,Capital One Bank,"7501 Wisconsin Ave., Bethesda, MD",7,68,9/17/2010,2
5/18/2010,332721,General Dynamics Land Systems,"1231 Tech Court, Westminster, MD",6,31,7/16/2010,2
5/25/2010,446199,Hanger Orthopedic Group Inc.,"2 Bethesda Metro Center, Bethesda MD",7,77,8/31/2010,1
6/3/2010,523110,Legg Mason,"11155 Red Run Blvd., Owings Mills, MD",2,141,7/1/2011,2
6/16/2010,722110,ESPN Zone,"601 East Pratt St. Baltimore, MD",3,161,8/15/2010,1
6/28/2010,518210,Northrop Grumman,"18450 Showalter Road, Hagerstown, MD",12,59,8/16/2010,2
7/7/2010,453998,Prime Retail,"217 E. Redwood St., 20th Floor, Baltimore, MD",3,44,9/5/2010,2
7/19/2010,561612,Wackenhut Services Incorporated,"P.O. Box 700, Suitland, MD",8 & 9,82,9/30/2010,2
7/27/2010,522110,JP Morgan Chase,"5202 Presidents Court, Frederick, MD",4,561,9/27/2010,1
7/29/2010,322215,Solo Cup Company,"10100 Reisterstown Road, Owing Mills",2,551,10/3/2010,1
7/30/2010,522110,Bank of America,"11333 McCormick Road, Hunt Valley",2,50,9/20/2010,2
8/4/2010,621399,"Ravenwood Healthcare, Inc.","501 West Franklin Street, Baltimore",3,Not known,8/3/2010,2
8/11/2010,423830,Apex Tool Group,"7200 Standard Drive, Hanover, MD",1,106,10/11/2010,1
8/13/2010,332912,Kongsberg Automotive,"101 Western Maryland Parkway, Hagerstown, MD",12,63,10/31/2010,1
8/31/2010,522110,Aramark @ Oriole    Park at Camden Yards,"555 Russell    Street, Suite B, Baltimore, MD",1,613,10/13/2010,1
8/31/2010,332721,General Dynamics,"1231 Tech Court, Westminster, MD",6,132,10/29/2010,2
9/17/2010,327121,Redland Brick,"15718 Clear Spring Road, Williamsport, MD",12,60,11/22/2010,"2
                 Temporary"
10/4/2010,333613,Kop-Flex/Emerson Power Transmission,"7565 Harmans Road, Hanover, MD",1,110,Start 12/1/10 End 9/2011,1
10/6/2010,511110,Homestead Publishing,"10 N. Hays Street, Bel Air, MD",10,52,12/10/2010,2
10/11/2010,524114,Principal Financial Group,"7125 Thomas Edison Dr., Suite 210, Columbia, MD",6,2,12/10/2010,2
10/15/2010,325414,Baxter Healthcare Corporation,"12140 Indian Creek Court, Beltsville, MD",8,106,12/15/2010,1
NOTE: possible event 10/22/2010,611699,ARAMARK Educational Services LLC,"8000 York Road, Towson, MD",2,84,12/31/2010,1
11/4/2010,33111,Severstal International,"1430 Sparrows Point Boulevard, Sparrows Point, MD",2,1012,12/31/2010,"2
                 NOTE:
                 Currently a temporary
                 lay-off
                 situation"
11/29/2010,531210,ZipRealty,"1122 Kenilworth Drive, Suite 217, Towson MD",2,75,1/31/2011,2
12/2/2010,111219,"LFC Agricultural Services, Inc.","9060 Crisfield Highway, Westover, MD",5,103,2/1/2011,1
12/3/2010,423310,ProBuild,"11850 Pika Drive, Waldorf, MD",9,27,12/7/2010,1
