COMPANY,CITY,EFFECTIVEDATE,WORKFORCEAFFECTED
118 Churchill Avenue Corporation,New Brunswick,12/12/2013,138
1230 Rt 22 Restaurant LLC,Mountainside,03/20/2020,51
1266 Apartment Corporation (Horizon House),Fort Lee,04/18/2019,78
986 Restaurant Corp,Parlin,03/20/2020,35
A & P,Bayonne,03/10/2012,89
A & P,Kearny,03/10/2012,129
A & P Store 698,Flanders,04/15/2011,80
"A Q L Decorating Company, Inc.",Fairview,11/28/2016,98
A Step Above Health Management Systems LLC,West Creek,04/17/2020,3
A-plus,wyckoff,03/20/2020,1
A. C. Moore Incorporated,Berlin,02/09/2020,383
"A.F.L. Quality, Inc.",Voorhees,11/27/2012,49
AARAMARK Sports @ Meadowlands Racetrack,East Rutherford,12/31/2009,253
ABC Supply Co. (Formerly Bradco Supply),Avenel,09/01/2010,86
ABM Aviation,Newark,11/01/2018,821
"AC Ocean Walk, LLC",Atlantic City,03/27/2020,2948
AC SLOTS,Pleasantville,03/04/2013,100
AFE Victory Inc.,Cherry Hill,09/30/2014,106
AFL Quality NY LLC,Secaucus,11/27/2012,14
AHG Montclair Beverage LLC,Montclair,03/21/2020,123
AHS Hospital Corporation (Atlantic Health),Morristown,01/09/2010,302
ARAMARK,New Brunswick,05/13/2011,46
ARAMARK -Johnson&Johnson Healthcare Systems,Piscataway,06/03/2011,11
ARAMARK Aviation Services Limited Partnership,Newark,05/17/2011,60
ARAMARK Cordis Warren,Warren,06/03/2011,62
ARAMARK Ortho-McNeil Pharmaceutical,Raritan,06/03/2011,62
ARAMARK Sports @ Monmouth Park,Oceanport,12/31/2009,229
"ARAMARK Sports, LLC",East Rutherford,01/02/2012,208
"ARAMARK Sports, LLC",Oceanport,01/02/2012,310
ARAMARK at Meadowlands Racetrack,East Rutherford,03/31/2011,216
ARAMARK- Ethicon,Somerville,06/03/2011,19
ATLANTIC HUMAN RESOURCES,atlantic city,04/19/2013,200
ATandT Corp,Wall Township,11/02/2010,58
AXEON,Paulsboro,05/01/2017,115
Abbott Point of Care,Princeton,03/31/2014,80
Abbott Point of Care,Princeton,09/30/2011,51
Abilities in Action,Shrewsbury,03/16/2020,48
Acuity Brands Lighting,Edison,08/16/2016,168
"Aerogroup International, Inc.",Edison,01/08/2018,141
"Aeropostale, Inc.",Lyndhurst,11/08/2016,105
Agfa Corporation,Somerville,12/26/2018,125
"Airway Cleaners, LLC",New York,06/17/2015,72
"Airway Cleaners, LLC",Rockville Centre,04/15/2016,81
Alcami Corporation,Edison,12/27/2019,27
Aldo US INC,Lake Saint Louis,03/31/2020,189
"Alko Distributors, Inc",ESSEX,03/17/2020,26
Allergan,Bridgewater,11/28/2014,69
"Allergan, Inc",Madison,03/16/2018,308
Allied Automotive Group,Ridgefield,04/01/2010,78
"Allied Beverage Group, LLC",Mt.  Laurel,03/20/2019,58
"Allied Beverage Group, LLC",Mt. Laurel,02/02/2019,37
"Allied Beverage Group, LLC",Trenton,03/20/2019,71
Allied Systems Holdings,Linden,12/10/2013,58
Allstate New Jersey Insurance Company,Paramus,11/15/2009,89
Alpha Entertainment,Stamford,04/10/2020,99
Altice,Edison,05/22/2017,64
Amazon,Jersey City,05/31/2018,77
Amcor Rigid Plastics,Cinnaminson,10/04/2011,188
Amcor Specialty Packaging Glass Tubing Americas,Millville,07/02/2011,412
American Airlines,Newark,11/16/2012,74
"American Airlines, Inc.",Newark,09/21/2012,2
American Bread Company LLC,Cleveland,03/20/2020,550
American Suzuki Motor Corporation,Brea,03/14/2013,1
AmerisourceBergen Drug Corporation,Thorofare,04/05/2013,72
"Amiee Lynn, Inc.",Ridgefield,07/01/2013,50
Anadigics,Warren,06/26/2014,100
Andrew LLC,Warren,02/04/2013,41
"Anheuser-Busch Sales of New Jersey,LLC",Jersey City,04/23/2019,80
Anthem Institute,Jersey City,09/15/2014,50
Anthem Institute,Cherry Hill,09/15/2014,30
Anthem Institute,North Brunswick,09/15/2014,48
Anthem Institute,Parsippany,09/15/2014,35
Anthony Robert Salon LLC,Verona,03/23/2020,9
Aphena Pharma Solutions,Whippany,03/17/2017,70
Apple Inc.,Atlantic City,07/25/2018,52
Aqua Products,Cedar Grove,04/01/2019,79
Aramark,Plainfield,06/29/2018,13
Aramark,Newark,07/11/2014,685
Aramark,West Long Branch,05/29/2015,87
Aramark,Philadelphia,03/31/2015,339
"Aramark Campus Services, LLC",Lawrenceville,06/30/2018,147
Aramark Management Services Limited Partnership at Drew University,Madison,07/10/2010,94
Aramark Sports @ Giants Stadium,E. Rutherford,01/04/2010,1689
"ArchBrook Laguna, LLC",Carlstadt,09/30/2011,172
Ardagh Glass Company,Salem,10/15/2014,288
Argix Logistics,Jamesburg,10/05/2015,164
Arrowhead Health & Racquet Club LLC,Princeton JCT,03/15/2020,5
Artistic Products LLC,Rahway,04/21/2020,10
Ashbrook Nursing Home and Rehabilitation Center/Saint Barnabas Health Care System,Scotch Plains,12/23/2009,149
Atlantic Coast Media Group,Jersey City,04/02/2012,90
"Atlantic Express of New Jersey, Inc.",New Brunswick,12/31/2013,73
"Atlantic Express of New Jersey, Inc.",Vincetown,12/31/2013,52
Atlantis Health Plan,Matawan,03/14/2011,16
Atrium at Hamilton Park,Jersey City,12/31/2012,75
Augie and Caarmine's Professional Hairstyle,Hillsdale,03/22/2020,2
"Avenue Stores, LLC",Rochelle Park,09/30/2019,152
Avis Budget Car Rental,Parsippany,06/30/2010,65
"Avis Budget Car Rental, LLC",Parsippany,09/01/2015,17
Axeon Specialty Products LLC,Paulsboro,02/01/2018,5
B & B Bachrach,Lawrence Twonship,08/06/2017,8
BAE Systems Technology Solutions & Services Inc. (,Mount Laurel,10/31/2014,90
BAE Systems Technology Solutions & Services Inc. (¿BAE Systems,Mount Laurel,09/30/2014,90
BASF,Somerset,08/01/2013,25
BASF Corporation,Florham Park,01/15/2016,92
"BATS Global Markets Holdings, Inc. and Direct Edge, Inc",Jersey City,01/30/2015,56
BOM CORP d.b.a. apexx fashion,Palisades Park,03/20/2020,3
"Back Thru The Future Computer Recycling, Inc.",Franklin,04/03/2020,15
Baker & Taylor,Bridgewater,07/03/2019,244
Baker & Taylor,Bridgewater,05/01/2019,244
Baltek Inc.,Northvale,02/28/2011,146
Bank of America,Marlton,12/06/2013,136
Bank of America,Piscataway,09/17/2010,89
Bank of America,Newark,05/31/2013,469
Barnabas Health,West Orange,12/31/2015,700
Barney's New York - Lyndhurst,Lyndhurst,11/01/2019,311
"Barney's, Inc.",Lyndhurst,02/13/2020,23
Barneys New York,New York,11/01/2019,311
Barneys New York,Lyndhurst,12/15/2019,263
Barneys New York,Lyndhurst,04/17/2020,6
Barneys New York  Lyndhurst,Lyndhurst,12/31/2019,215
"Barneys, Inc.",Lyndhurst,03/06/2020,21
"Beacon Health Options, Inc,",Boston,12/29/2019,175
Bed Bath & Beyond,Union,11/15/2019,80
"Bed, Bath & Beyond",Union,05/29/2020,58
Bemis,Flemington,01/02/2012,53
Bergen Regional Medical Center,Paramus,09/30/2017,0
Bergen Shippers,North Bergen,03/23/2020,93
Berry Global,Phillipsburg,04/22/2020,150
Berry Plastics Corporation,Elizabeth,08/01/2011,66
Berry Plastics Corporation,Piscataway,11/02/2009,79
Best of Princeton Inc,Princeton,10/12/2019,6
Bishop McCarthy Residence Inc.,Vineland,12/01/2015,50
"Black Millwork Co., Inc.",Allendale,01/29/2010,91
"Blackwell North America, Incorporated",Blackwood,02/05/2009,91
Blair Road Haulage LLC,Avenel,07/12/2015,22
Blair Road Logistics LLC,Avenel,07/12/2015,85
Blue Apron,Jersey City,10/06/2017,1270
Boardakan Restaurant Partners,Atlantic City,03/23/2020,143
"Book Covers, Inc.",Newark,08/28/2011,73
Boston Medical Group New Jersey Professional Association,Lundhurst,02/27/2020,2
"Bottom Dollar Food NE, LLC",Salisbury,12/31/2014,460
Bowhead Manufacturing Company Logistics Support,New Egypt,03/31/2010,17
Boy Scouts of America,Irving,12/31/2009,2
Briarwood Care & Rehabilitation Center,South Amboy,05/05/2014,209
Bridge Disposal LLC,New Brunswick,12/12/2013,28
Bristol Myers Squibb,Plainsboro,12/31/2012,479
Bristol Myers Squibb Company,Plainsboro,01/14/2013,137
Bristol-Myers Squibb,New Brunswick,12/31/2017,61
Bristol-Myers Squibb,Lawrence Township,10/06/2017,58
Bristol-Myers Squibb,Pennington,02/13/2017,2
Bristol-Myers Squibb,Hopewell,02/13/2017,2
Broadcom Corporation,Matawan,09/26/2014,51
Brodrick  Baptiste,Hackensack,02/16/2020,500
Brooks Brothers,Edison,01/27/2010,83
Brooks Brothers,Edison,10/13/2009,96
Brooks Brothers Customer Service,Edison,08/14/2010,85
C3i,Denville,07/31/2012,46
CA Technologies,Ewing,01/07/2019,54
CB&I,Moorestown,02/18/2014,30
"CDG Management, LLC (aka New Brunswick Call Center)",New Brunswick,12/06/2009,113
"CDG Management, LLC (aka Ocean Call Center)",Ocean,11/27/2009,107
"CDG Management, LLC - d/b/a Millenium Teleservices LLC",Edison,12/07/2009,75
"CENTRAL AC, LLC",ATLANTIC CITY,05/05/2013,65
CHRIST HOSPITAL,Jersey City,,433
CME Group,Monmouth Junction,07/02/2012,110
"CMX, INC",Manalapan,05/11/2010,196
COLMINEX USA LLC,ATLANTIC CITY,03/22/2020,1
CONAIR,East Windsor,11/29/2019,98
"COSCO Container Lines Americas, Inc.",Secaucus,12/31/2014,56
"CTSC, LLC",FORT MONMOUTH,04/11/2011,245
CVS Health,East Northport,12/15/2017,12
Cadbury Senior Lifestyles,Cherry Hill,04/30/2016,255
"Cadent, Inc.",Carlstadt,09/12/2012,106
Canberra Dover,Dover,08/31/2011,64
"Canon business Solutions, Inc.",Lyndhurst,01/14/2011,80
Capital Health,Trenton,03/08/2019,103
Capital One,Secaucus,11/09/2013,53
"CareFusion Resources, LLC",San Diego,08/08/2014,390
CarePoint Health Management Associates,Jersey City,01/13/2020,241
Carmine's Atlantic City LLC,ATLANTIC CITY,03/16/2020,181
"Cartondruck, USA, Inc.",Fairview,08/25/2011,77
"Catalent CTS (Kansas City), LLC",Mount Laurel,09/14/2012,97
"Catalent CTS (Kansas City), LLC",Allendale,05/20/2013,89
"Center State Health Group, Inc",Oceanport,10/31/2009,261
Centerplate,Newark,06/29/2012,643
"Central Lobby, LLC",Atlantic City,10/07/2012,120
Certified Dermatology Of New Jersey LLC,Toms River,03/16/2020,56
"Chanel, Inc",Piscataway,09/30/2016,75
Chartwells/Compass Group USA,Newark,09/01/2010,246
Chesapeake Pharmaceutical and Healthcare Packaging,Fairfield,06/30/2014,50
Church and Dwight,New Brunswick,11/01/2009,258
Cintas Corporation,Belleville,05/31/2018,49
"Cintas Corporation No, 2",Belleville,05/31/2018,49
Citicorp Data Systems,Englewood Cliffs,05/20/2011,276
"Citigroup Technology, Inc.",Weekhawken,10/19/2012,88
Clara Maass Continuing Care Center at Kearny,Kearny,11/30/2010,204
Clara Maass Continuing Care Center at West Hudson,Kearny,11/30/2010,143
Clover Health,Jersey City,05/28/2019,64
Coastal Learning Center Inc.,Point Pleasant,06/30/2010,25
"Coastal Learning Center, Inc.",Point Pleasant,06/30/2011,23
"Colgan Air, Inc.",Newark,09/09/2012,195
Colgate Paper Stock Company,New Brunswick,12/12/2013,17
Colgate-Palmolive,Morristown,06/15/2016,300
Comcast,Union,11/09/2012,66
Comcast,Union,12/09/2012,84
Comcast Cable,West Deptford,06/16/2017,88
"Comcast Cable Communications, Inc",Iselin,01/11/2010,66
Command Security Corporation,Los Angeles,08/31/2017,113
Command Web Offset Co.,Secaucus,11/15/2011,105
"Community Access Unlimited, Inc.",Cranford,03/31/2017,98
Community Development Institute,Absecon,10/31/2013,115
Community Development Institute Head Start,Newark,08/31/2016,237
Community Education Centers,Newark,05/31/2017,166
"Community Housecall Providers, LLC",Jersey City,01/13/2020,17
Compass Group USA d/b/a FLIK Lifestyles,Voorhees,08/26/2017,101
Computershare,Edison,05/24/2013,58
"Conagra Brands, Inc.",Cherry Hill,05/24/2019,196
"Conagra Brands, Inc.",Parsippany,03/22/2019,308
Concerned Parents for Head Start,Paterson,07/01/2013,63
Congoleum Corporation,Hamilton,09/01/2014,65
"Consolidated Services Group, Inc.",Cherry Hill,10/24/2011,106
Continental Airlines,Newark,09/23/2009,250
Continuum Health Alliance,Marlton,06/05/2015,88
Coperion Ktron,Ramsey,10/31/2015,34
"Cord Crafts, LLC",Wharton,11/23/2009,113
Cordis Corporation,Warren,08/19/2011,106
Cornell Hall Nursing Home and Rehabilitation Center/Saint Barnabas Health Care System,Union,12/23/2009,200
"Cosmetic Essence, LLC",Teterboro,04/30/2010,167
"Cosmetic Essence, LLC",Teterboro,08/31/2010,147
"Cosmetic Esssence, LLS",Edison,02/01/2016,100
Covance Laboratories,West Trenton,10/31/2017,39
Crestron Electronics,Rockleigh,02/02/2019,50
"Crestron Electronics, Inc,",ROCKLEIGH,06/27/2019,1
"Crowne Architectural Systems, Inc.",North Bergen,04/18/2017,200
Cumberland Farms,Farmingham,04/15/2014,176
"Customer Engineering Services, LLC",Edison,01/07/2019,35
"Customer Engineering Services, LLC",Edison,03/08/2019,35
"D2L Associates, Inc.",Cedar Grove,12/31/2012,31
"DGI Services, LLC",Swedesboro,12/05/2011,179
DGMG Casino d/b/a Resorts Casino Hotel,Atlantic City,03/16/2020,0
DOminos pizza,morristown,04/15/2020,1
DPT LAKEWOOD,LAKEWOOD,05/14/2010,74
"DSJ Holding, Inc. (f/k/a Bridgewater Wholesalers, Inc.)",Bridgewater,03/31/2019,133
"DSM Nutritional Products, LLC",Belvidere,06/01/2013,60
"Daiichi Sankyo, Inc.",Parsippany,02/10/2016,24
"Daiichi Sankyo, Inc.",Basking Ridge,10/07/2019,68
Daimler Buses North America,Secaucus,08/28/2012,7
Dale and Thomas Growers LLC,Englewood,03/27/2015,56
Dale and Thomas Popcorn,Englewood,08/28/2015,53
Darby Development  LLC,Oceanport,02/15/2020,80
Davlyn,Monroe Township,10/30/2017,115
DeRossi & Son Co.,Vineland,05/05/2020,175
Dedicated Management Group,Carneys Point,02/08/2019,107
"Delaware North Companies Travewl Hospitality Services, Inc.",Newark,12/31/2009,81
Dendreon,Morris Plains,11/06/2011,195
"Dessert Service, Inc.",Kearny,11/30/2013,85
Destination Maternity Corporation - Florence,Florence,12/21/2019,212
Destination Maternity Corporation - Moorestown,Moorestown,12/21/2019,430
DiNar Management Company,New Brunswick,12/12/2013,12
Direct Group,Robbinsville,11/30/2009,40
"Dolce International Seaview, Inc",Galloway,01/17/2011,195
Dollar Express - Belmar,Belmar,06/30/2017,5
Dollar Express - Brigantine,Brigantine,06/30/2017,8
Dollar Express - Elizabeth (1),Elizabeth,06/30/2017,7
Dollar Express - Elizabeth (2),Elizabeth,06/30/2017,10
Dollar Express - Ewing,Ewing,06/30/2017,9
Dollar Express - Glassboro,Glassboro,06/30/2017,5
Dollar Express - Hamilton Township,Hamilton Township,06/30/2017,9
Dollar Express - Irvington,Ivrington,06/30/2017,10
Dollar Express - Mt. Holly,Mt. Holly,06/30/2017,6
Dollar Express - Newark (1),Newark,06/30/2017,14
Dollar Express - Newark (2),Newark,06/30/2017,13
Dollar Express - Paterson,PatersoN,06/30/2017,8
Dollar Express - Pleasantville,Pleasantville,06/30/2017,9
Dollar Express - Vineland,Vineland,06/30/2017,7
Dollar Express- East Orange,East Orange,06/30/2017,11
Dow Jones,Monmouth Junction,04/15/2010,47
"Drs Zunger and James, LLP",Manalapan,03/29/2020,10
Dubell Lumber,Medford,02/09/2019,157
E.I.DuPont de Nemours and Company,Deepwater,05/31/2018,103
"ECSM Utility Contractors, Inc.",Englishtown,12/31/2011,88
"ELC Managment, LLC (Estee Lauder Companies)",Oakland,04/02/2010,77
EMBA Distributors (Vasaturo Brothers),Edison,07/20/2012,100
EMD Chemicals,Gibbstown,10/18/2009,50
EMD Chemicals,Gibbstown,12/31/2010,18
EPV Solar,Robbinsville,10/02/2009,60
Edward J Dooley DMD PC,Spring Lake,03/24/2020,6
Eisai Inc.,Woodcliff Lake,06/09/2015,153
Electro Rent Corporation,West Hills,05/13/2020,1
Electronic Mobility Corporation,Sewell,12/28/2010,55
Eli Lilly,Bridgewater,01/31/2018,78
Elizabeth Detention Center aka CorrectionsCorporation of America,Elizabeth,10/13/2012,148
"Empire International, Ltd.",Secaucus,03/15/2020,273
"Enclara Health, LLC",West Deptford,05/01/2016,100
Englewood Hospital & Medical Center,Englewood,10/01/2011,96
"Ethan Allen Operations, Inc.,",Passaic,06/15/2019,55
Eurest Services Inc/Compass Group USA,Dayton,06/01/2019,66
"Euromarket Designs, Inc. dba Crate and Barrel and CB2",Cranbury,03/09/2020,103
"Event Rentals, Inc. and CP OpCo, LLC d/b/a Classic Party Rentals",Englewood,08/08/2014,94
"Event Solutions International, Inc.*dba Motus One*",Somerset,12/20/2019,30
Exelon Generation,Forked River,06/30/2019,65
"Exelon Generation Company, LLC",Forked River,06/22/2018,84
Express Scripts,Franklin Lakes,04/21/2017,66
Exxon Mobil Corporation,Fairfax,01/22/2012,180
FIS Management Services,Carlstadt,08/06/2019,56
"FJC Security Services, Inc.",Jersey City,03/01/2014,594
FMC Corporation,Philadelphia,09/30/2018,53
Fairway Market,Woodland Park,06/05/2020,107
Family Promise of Passaic County,Passaic,07/31/2016,5
Farmland Dairies,Wallington,02/17/2014,323
"FedEX Ground Package System, Inc.",Edison,02/03/2020,0
Federation of Multicultural Programs of NJ,Belleville,06/30/2014,127
Fidelity Care Inc.,Garfield,02/17/2018,147
First Interstate Financial Corp,Shrewsbury,04/30/2010,170
First Student,Trenton,09/01/2015,135
First Student,Cologne,08/11/2016,65
First Student,Hampton,09/15/2019,95
First Transit,Lawnside,10/19/2019,203
"First Transit, Inc.",Egg Harbor Township,07/07/2013,40
Flextronics Americas LLC,Charlotte,08/31/2011,413
"Food Circus Super Markets, Inc.",Hazlet,02/25/2012,75
"Food Circus Super Markets, Inc.",Bayville,02/25/2012,75
Freshcut Produce,Newark,06/01/2015,100
Frutarom,Branchburg,05/31/2015,24
Frutarom,North Bergen,08/31/2015,50
"Futurewei Technologies, Inc.",Bridgewater,09/23/2019,49
G4S Secure Solutions,Hancocks Bridge,10/27/2014,369
"GARDEN STATE HEALTHCARE ASSOCIATES, LLC",Jersey City,01/13/2020,161
GE Healthcare Bio-Sciences Corp. (and other legal entities),Piscataway,01/01/2015,218
GENCO,Swedesboro,12/31/2011,90
GENCO,Avenel,08/02/2014,126
GEO REENTRY SERVICES LLC,Newark,06/08/2018,54
GRGAC1 (dba Amada),Atlantic City,09/10/2014,124
GRGAC2 (dba Whiskey Village),Atlantic City,09/10/2014,64
GRGAC3 (dba Distrito Cantina),Atlantic City,09/10/2014,29
"Gannett Satelilite Information Network, LLC",Woodland Park,03/25/2017,125
Gannett Satellite Information Network - Freehold,Freehold Township,06/04/2017,213
"Gannett Satellite Information Network, LLC",Rockaway,03/25/2017,16
"Gannett Satellite Information Network, LLC",Woodland Park,11/15/2016,426
"Gannett Satellite Information Network, LLC",Neptune,07/03/2017,88
Garden State Diner,Newark,03/17/2020,1
Gateway Community Action Partnership,Bridgeton,06/30/2019,169
"General Mills, Inc. (Progresso Soup)",Vineland,03/24/2017,338
Genuardi's,Egg Harbor Township,12/15/2012,84
Genuardi's,cherry hill,08/04/2012,78
Genuardi's,Barnegat,12/15/2012,66
Genuardi's,Marlton,12/29/2012,94
Genuardi's,Marlton,02/15/2013,98
"Georgia Pacific Gypsum, LLC",Camden,11/29/2010,50
Gerdau Ameristeel,Perth Amboy,08/01/2009,160
Gerresheimer Glass Inc.,Millville,07/27/2015,130
Gerresheimer Glass Inc.,Millville,07/27/2015,14
Gerresheimer Glass Inc.,Millville,01/05/2015,3
Gerresheimer Glass Inc.,Millville,01/05/2015,112
Giles & Ransome,Hammonton,02/05/2018,67
"Ginsburg Bakery, Inc.",Atlantic City,06/12/2015,159
Givaudan Flavors Corp. - Cranbury,Cranbury,12/13/2019,4
Givaudan Flavors Corportion - Middlesex,Middlesex,12/13/2019,100
GlaxoSmithKline,Clifton,06/30/2014,165
"GlaxoSmithKline Consumer Healthcare, LP",Parsippany,05/01/2015,350
Global Pharmaceutical Supply Group,Raritan,06/25/2010,54
"Gloucester Manor Health Care Center, Inc.",Sewell,08/02/2014,16
Gnutti Carlo USA,Northvale,07/01/2014,86
"Graham PackagingCompany, L.P.",Belvidere,09/26/2016,71
Graphic Packaging,Piscataway,07/16/2016,117
Great Atlantic & Pacific Tea Co. - Pathmark,Edison,09/19/2015,101
Green Sky Industries,Clifton,09/05/2014,76
Greenbrook Manor Nursing Home/Saint Barnabas Health Care System,Green Brook,12/23/2009,200
Grocery Haulers Inc.,Avenel,04/08/2011,329
"Guest Packaging, LLC",Rahway,05/14/2010,80
"Guest Packaging, LLC",Rahway,07/02/2010,40
"Gussco Manufacturing, LLC",Cedar Grove,06/16/2012,102
"H. D. Smith, LLC",Kearny,04/05/2019,66
"HAIER AMERICA COMPANY, LLC",WAYNE,12/31/2016,97
HGA Quest,Garden City,08/16/2009,81
"HH and P Manufacturing, LLC",Lawrenceville,01/10/2011,99
HMS Host,Trenton,09/06/2019,308
HMS Host,Newark,11/06/2014,108
HMS Host,Trenton,09/14/2018,287
HMS Host,Pomona,09/15/2014,53
HSBC,Bridgewater,11/16/2009,49
"HUMC Opco, LLC, d/b/a CarePoint Health ¿ Hoboken University Medical Center",Hoboken,01/13/2020,1038
Hackensack University Medical Center,Hackensack,12/31/2009,154
"Haier America Trading, LLC",Wayne,12/31/2015,137
Hamilton Park Health Care Center,Jersey City,12/31/2012,400
"Hamilton Park Renal Dialysis, Inc.",Jersey City,12/31/2012,27
"Hanjin Shipping America, LLC",Paramus,09/30/2016,127
Hard Rock Cafe,Atlantic City,11/01/2017,96
Hard Rock Cafe,Atlantic City,04/22/2015,73
Hard Rock Cafe,Atlantic City,10/05/2016,105
Hartz Mountain Corporation,Jersey City,07/19/2013,106
Harvest Time Bread Company,Woodbridge,03/29/2011,61
Havana Central NJ1.LLC,EDISON,03/15/2020,74
Healthcare Services Group,Barnegat,11/26/2013,150
Healthcare Services Group,Manchester,02/26/2014,33
"Healthcare Services Group, Inc.",Bensalem,04/27/2012,14
HearUSA. Inc,Various NJ locations,07/16/2011,31
"Hennes and Mauritz, L. P.",North Arlington,07/30/2016,156
Heritage Bag,Logan Township,05/18/2020,0
Hertz Corporation,Newark,05/20/2020,66
Hess Corporation,Port Reading,03/29/2013,170
"Heyco Products, Inc.",Toms River,09/30/2016,107
Highway Enterprises Inc.,Rockaway,04/03/2020,2
Hoffman-La Roche (Roche),Nutley,10/30/2012,1000
"Hoffman-La Roche, Inc.",Nutley,03/31/2010,600
Holiday Inn - Cherry Hill,Cherry Hill,06/29/2017,82
Holy Family School,Lakewood,06/30/2015,28
"Home Care Industries, Inc.",Clifton,07/15/2011,115
"Homecare Hospice of South Jersey, Inc.",Salem,11/30/2010,32
Hometown America,Whiting,09/30/2011,9
"Honeywell International, Inc - EMS Aviation",Moorestown,10/03/2014,3
Honeywell International-EMS Aviation,Moorestown,09/26/2014,50
Honeywell Scanning and Mobility,Blackwood,03/02/2010,7
Hopatcong Board of Education,Hopatcong,06/30/2019,1
Horizon America Supply Chain Solutions Inc.,Hamilton Township,04/30/2020,108
Horizon Blue Cross Blue Shield of New Jersey,Harrison,02/01/2013,62
Horizon Blue Cross Blue Shield of New Jersey,Newark,03/01/2013,96
Hospital Central Services Cooperative - Laundry,Camden,11/28/2017,81
Host International Inc,Newark,09/10/2010,135
Hostess Brands,Carlstadt,07/03/2012,70
Hostess Brands,Wayne,07/03/2012,320
Hostess Brands,Westville,07/03/2012,3
Hostess Brands,Neptune,07/03/2012,42
Hostess Brands,Hamilton,07/03/2012,24
Hostess Brands,Pleasantville,07/03/2012,16
Hostess Brands,Bellmawr,07/03/2012,32
Hostess Brands4,Somerset,07/03/2012,56
Houghton Mifflin Harcourt,Bellmawr,10/02/2009,60
Hub City Distributing Company,Lawrenceville,04/30/2017,101
"Hudson Hospital Opco LLC, d/b/a CarePoint Health ¿ Christ Hospital",Jersey City,01/13/2020,1074
Hudson News (Group),Newark,11/20/2014,75
I L Mulino,Atlantic City,10/10/2016,60
"IAP World Services, Inc",Fort Dix,06/30/2010,149
ICL Performance Products LP,Carteret,04/27/2012,70
IDT Corporation,Piscataway,01/04/2016,84
IESI Corporation,Jersey City,01/28/2011,58
"IQE RF, LLC",Somerset,01/31/2019,22
ITC - International Technidyne Corporation,Piscataway,12/31/2013,357
ImClone Systems Corporation,Branchburg,11/30/2010,141
ImClone Systems LLC,Branchburg,01/31/2018,77
Imagine Screen Printing & production LLC,Dayton,03/19/2020,25
Impax Laboratories,Middlesex,03/15/2017,207
Incarnation-Saint James School,Ewing,06/30/2015,28
Indochino Apparel (US) Inc,Seattle,03/25/2020,23
Inspira Health Network,Vineland,04/25/2016,105
Inspira Medical Center,Vineland,08/10/2016,22
Inspira Medical Center,Millville,08/10/2016,23
Inspira Medical Center,Bridgeton,08/10/2016,22
Intercapital Services North America LLC / NEX Group,Jersey City,04/24/2017,0
Interim Healthcare,Voorhees,01/24/2017,101
Interim Healthcare,Hamilton,01/24/2017,101
"Interline Brands, Inc.",Mount Laurel,05/21/2010,58
International Paint (aka Akzo Nobel),Union,07/07/2014,79
International Vitamin Corporation,Freehold,05/11/2018,160
International Vitamin Corportion,Irvington,06/01/2020,110
"Interstate Logistics, Inc.",North Bergen,11/15/2010,63
IntraPac,Swedesboro,03/09/2012,51
Investors Bank,Short Hills,11/15/2013,65
J P Morgan Chase,Iselin,08/13/2013,42
"J.C. Penney Corporation, Inc.",Mays Landing,07/06/2019,81
"J.C. Penney Corporation, Inc.",Paramus,03/11/2018,144
JACK DANIELS MOTORS,UPPER SADDLE RIVER,03/26/2020,101
JACK DANIELS MOTORS INC,upper saddle River,03/31/2020,90
JACK DANIELS MOTORS K,upper saddle River,03/31/2020,15
JACK DANIELS OF USR,UPPER SADDLE RIVER,03/26/2020,26
"JHT Corporation (f/k/a JPC Enterprises, Inc. t/a Jersey Paper Plus)",Edison,10/28/2017,111
JP Morgan Chase  & Company,Jersey City,08/12/2018,58
"Jersey City Child Development Centers, Inc.",Jersey City,06/30/2014,180
"Johnson & Johnson Consumer, Inc.",New Brunswick,07/15/2019,61
"Johnson Controls, Inc.",New Brunswick,07/31/2015,111
"Johnson Controls, Inc.",Plainsboro,07/31/2015,17
"Johnson Controls, Inc.",Pennington,07/31/2015,83
"Johnson Controls, Inc.",Bloomsbury,07/31/2015,11
"Johnson Controls, Inc.",Princeton,07/31/2015,56
"Johnson Controls, Inc.",Princeton,07/31/2015,32
Jordan Transportation,Parsippany,08/30/2016,81
Journal Register,Yardley,04/17/2013,83
K Mart (Sears Holdings),Brooklawn,10/31/2010,63
K. Hovnanian Company (Builder Services Division),Lakewood,02/18/2015,56
KNY 26671 LLC dba Cooperative Laundry,Kearny,03/21/2020,102
Kellogg's,Cranbury,07/29/2017,316
"Kenco Logistic Services, LLC",Robbinsville,01/29/2017,466
"Kenco Logistic Services, LLC",Robbinsville,09/18/2016,415
Kensington Manor Nursing and Rehabilitation Center,Toms River,11/30/2010,227
Kerry,Flemington,03/08/2014,42
Keurig Dr Pepper Inc.,Plano,07/31/2020,69
Keurig Dr Pepper Inc.,Plano,04/30/2020,73
"Kid Brands, Inc.",East Rutherford,06/18/2014,25
Kimball Medical Center,Lakewood,04/30/2014,73
Kimble Chase,Vineland,06/30/2010,85
"Kline Construction Co., Inc.",Galloway,12/19/2019,73
Kmart,North Plainfield,03/27/2011,64
Kmart,Clifton,09/02/2018,103
Kmart,Linden,01/20/2013,85
Kmart Corporation,Closter,08/08/2015,102
Kmart Corporation,Vineland,10/04/2015,74
Kmart Corporation,Lodi,04/17/2016,75
Kmart Corporation,Lawnside,01/13/2012,81
Knight Capital Group,Jersey City,02/12/2013,45
Kurt Versen Company,Westwood,02/09/2015,102
"L-3 Services, Inc",Eatontown,05/02/2011,150
La Plaza,Secaucus,12/12/2012,70
Lakewood Pathology Associates Inc. d/b/a Inform Diagnostics,Union,06/08/2018,117
Lakewood of Voorhees,Voorhees,08/01/2011,258
Lawns Etc.,Wildwood,12/31/2017,1
Leading Edge,Hamilton,07/20/2013,82
LexisNexis,New Providence,10/31/2013,92
"LiDestri Foods, Inc.",Pennsauken,07/22/2011,146
"Liberty House Nursing Home of Jersey City, Inc.",Jersey City,03/01/2015,162
Lions Gate,voorhees,11/01/2014,76
Little Servant Sisters St. Joseph's Home Assisted Living and Nursing Center,Woodbridge,03/26/2020,107
Llanfair House Nursing Home and Rehab Center/St. Barnabas Health Care System,Wayne,12/23/2009,208
"LogMeIn USA, Inc.",Jersey City,02/13/2020,20
Lord & Taylor,Moorestown,01/31/2020,81
Lord & Taylor,Woodbridge,12/24/2019,84
Lord & Taylor,Eatontown,01/31/2019,124
Loreal,EAST ORANGE,03/20/2020,0
Louis Vuitton USA Inc.,Atlantic City,01/03/2018,6
Lowe's,Old Bridge,12/16/2011,110
"Lundbeck Research USA, Inc.",Paramus,10/10/2011,45
"Lundbeck Research USA, Inc.",Paramus,10/19/2015,68
Lux Home,West Caldwell,01/19/2018,137
M & T Bank,Paramus,05/03/2013,356
MACYS,Woodbridge,03/18/2020,1
MIQ Logistrics,Jersey City,12/31/2011,65
MOL (America) Inc.,Woodbridge,03/30/2018,32
MONOC - Monmouth Ocean Hospital Services Corp.,Wall,04/01/2020,320
Macy's,Moorestown,03/19/2017,117
"Macy's Inc., Ledgewood Mall Store",Ledgewood,03/21/2015,79
Magellan Health Services,Parsippany,07/01/2014,137
"Maggy London International, Ltd.",East Rutherford,06/29/2018,80
Majestic Rehabilitation and Nursing Center,Jersey City,09/05/2018,166
Manufacturers & Trust Company (dba) M&T Bank,Buffalo,05/08/2020,149
Manufacturers and Traders Trust Company (dba,Buffalo,01/08/2016,366
Mark Machine Company - Division of Paragon Medical,Fairfield,09/30/2010,102
Marriott NJ Textile Services (Edison Laundry),Edison,05/30/2014,144
Marriott Teaneck at Glenpointe,Teaneck,08/13/2010,207
Masco Bath,Moorestown,07/23/2013,69
Masco Cabinetry,Lakewood,11/21/2012,190
Maserati North America,Englewood Cliffs,12/22/2017,1
Maserati North America,Englewood Cliffs,10/10/2017,2
"Maserati North America, Inc.",Englewood Cliffs,08/11/2017,32
Mater Dei Prep,Middletown,06/30/2015,46
McKesson Corporation,Delran,03/31/2018,102
"McKesson Medical-Surgical, Inc.",Swedesboro,03/14/2014,140
"MedPlast West Berlin, Inc.",West Berlin,06/30/2018,67
"Meda Pharmaceuticals, Inc.",Somerset,12/31/2016,94
"Medarex, a subsidiary of Bristol-Myers Squibb, Co.",West Bloomsbury,01/27/2010,158
Media Matters For America,WASHINGTON,08/01/2017,1
"Melinta Therapeutics, Inc.",Morristown,02/14/2020,61
Mennellas Super Chicken LLC,Paterson,07/01/2019,5
Mercedes-Benz,Montvale,06/29/2018,115
"Mercedes-Benz USA, LLC",Montvale,06/30/2015,259
Merck,Kenilworth,10/01/2013,113
Merck,Kenilworth,12/05/2012,150
Merck,Springfield,12/20/2011,50
Merck,Kenilworth,11/14/2016,64
"Merck (Merck, Sharp and Dohme Corporation)",Whitehouse Station,11/28/2014,50
Merck - Branchburg,Branchburg,03/16/2015,172
"Merck and Co, Inc.",Union,01/19/2011,54
Merck and Co. Inc.,Lafayette,09/27/2010,90
Meridian Services Group,Hamilton,06/30/2016,97
MetLife,Morristown,06/30/2012,496
MetLife,Somerset,10/31/2015,136
Middlesex Avenue Haulage LLC,Carteret,07/12/2015,45
"Middlesex Avenue Logistics, LLC",Carteret,07/12/2015,364
Millhouse Day Care,Trenton,04/27/2012,19
"Mimeo.com, Inc.",Newark,07/07/2018,116
MissaBay,Swedesboro,09/17/2012,305
Morgan Stanley,Princeton,09/30/2013,95
Mother Teresa Regional School,Atlantic Highlands,06/30/2016,24
Mount Laurel Center,Mount Laurel,07/16/2017,323
Mountainside Hospital,Montclair,07/01/2012,1575
My unique thrift,watchung,03/21/2020,0
Mylan Specialty L.P.,Basking Ridge,12/31/2013,117
Myroslaw Choma MD PhD PA,Hillside,01/01/2013,4
NBTY,So. Plainfield,07/19/2013,225
"NBTY Manufacturing New Jersey, Inc.",South Plainfield,09/30/2011,58
"NCO Customer Management, Inc.",Glassboro,10/24/2009,145
"NCO Financial Sytems, Inc.",Ramey,12/28/2013,67
NJ Certified Dermatology PC,Toms River,03/16/2020,82
"NJ EYE PROFESSIONALS, LLC",South Plainfield,03/22/2020,5
NJN Publishing,Flemington,06/06/2014,18
"NRG Energy, Inc.",Wall,06/23/2017,65
NSC National Wholesale Liquidators,Lodi,01/01/2019,152
"NYK (North America), Inc.",Secaucus,03/31/2018,75
NYK Line (North America) Inc.,Secaucus,10/16/2009,58
NYK Logistics,Port Murray,11/20/2009,24
National Distribution Centers,Burlington,06/15/2014,67
"National Vision, Inc.",Pennsauken,07/31/2011,213
"Natirar Resort Development, LLC",Peapack & Gladstone,09/30/2018,160
Nebraska Meat Corporation,Newark,06/02/2010,230
Neiman Marcus Last Call,Elizabeth,11/27/2019,25
"Nestle Waters North Ameriaca, Inc.",Kearny,10/01/2018,175
"Nestle, USA",Keasbey,10/18/2019,64
Nestlé Nutrition USA,Florham Park,04/01/2019,62
Nestlé USA,Florham Park,05/04/2019,2
"New Breed Leasing of NJ, Inc.",Kearny,08/14/2010,73
New Brunswick Scientific Inc.,Edison,11/30/2011,184
"New Century Transportation, Inc.",Westampton,06/09/2014,1577
New England Motor Freight,Elizabeth,02/15/2019,1690
"New Jersey Medical and Health Associates, LLC d/b/a CarePoint Health Medical Group",Old Bridge,01/13/2020,49
New Jersey Sports & Exposition Authority,East Rutherford,03/09/2015,1100
New Jersey Sports & Exposition Authority,East Rutherford,12/04/2011,450
New Jersey Sports & Exposition Authority - IZOD CENTER,East Rutherford,04/03/2015,1400
New Jersey Sports and Entertainment Authority,Fords,06/06/2011,60
New Jersey Sports and Entertainment Authority,Oceanport,06/06/2011,900
New Jersey Sports and Exposition Authority,East Rutherford,08/31/2011,800
New Road Pharmacy & Surgical,PARSIPPANY,04/13/2020,6
New York Life Insurance Company,Parsippany,02/17/2017,2
New York Life Insurance Company,Lebanon,07/22/2016,68
"Newace, LLC  T/A Newton Diner",Bellmawr,09/10/2010,21
Newark Preschool Council,Newark,06/30/2014,504
"Nine West Holdings, Inc.",West Deptford,06/04/2018,102
Nirvana Nails,Fair Haven,03/13/2020,1
Njswim Florham Park,Brielle,03/14/2020,19
"Njswim Lakeside, LLC",Brielle,03/14/2020,21
Njswim Sparta,Brielle,03/14/2020,18
"Njswim Warren, LLC",Brielle,03/14/2020,16
"Nonni's Food Company (Burns and Ricker, Inc.)",Dayton,08/31/2009,24
Nordstrom,Freehold,06/01/2020,252
"Norkus Enterprises, Inc. (NEI)",Point Pleasant Beach,05/17/2011,701
North Country BBQ Ventures Brick LLC,Brick,02/28/2010,47
North Country BBQ Ventures Hillsborough LLC,Hillsborough,02/28/2010,43
North Country BBQ Ventures Mays Landing LLC,Mays Landing,02/28/2010,48
North Country BBQ Ventures Mountainside LLC,Mountainside,02/28/2010,64
North Country BBQ Ventures New Brunswick LLC,New Brunswick,02/28/2010,42
North Country BBQ Ventures Woodbridge LLC,Metuchen,02/28/2010,36
Northrop Grumman,Mount Laurel,11/06/2012,61
Novartis Pharmaceuticals,East Hanover,06/30/2014,47
Novartis Pharmaceuticals Corporation,East Hanover,04/14/2014,8
Novartis Pharmaceuticals Corporation,East Hanover,04/14/2014,4
Novartis Pharmaceuticals Corporation,East Hanover,04/14/2014,561
Novartis Pharmaceuticals Corporation,East Hanover,06/08/2012,93
Novartis Pharmaceuticals Corporation,East Hanover,02/05/2014,4
Novartis Pharmaceuticals Corporation,East Hanover,04/14/2014,23
Novartis Pharmaceuticals Corporation,East Hanover,06/30/2014,2
Novartis Pharmaceuticals Corporation,East Hanover,06/30/2014,1
Novartis Pharmaceuticals Corporation,East Hanover,06/30/2014,15
Novartis Pharmaceuticals Corporation,East Hanover,06/30/2014,32
Novartis Pharmaceuticals Corporation,East Hanover,06/30/2014,38
Novartis Pharmaceuticals Corporation,East Hanover,06/30/2014,9
Novartis Pharmaceuticals Corporation,East Hanover,02/01/2012,38
Novartis Pharmaceuticals Corporation,East Hanover,04/30/2012,247
Novartis Pharmaceuticals Corporation,East Hanover,06/08/2012,5
Novartis Pharmaceuticals Corporation,East Hanover,04/14/2014,2
Novartis Pharmaceuticals Corporation,East Hanover,06/02/2014,2
Novartis Pharmaceuticals Corporation,East Hanover,06/30/2014,10
Novartis Pharmaceuticals Corporation,East Hanover,06/30/2014,3
Novartis Pharmaceuticals Corporation,East Hanover,02/16/2015,200
Novartis Pharmaceuticals Corporation,East Hanover,02/01/2012,145
Novartis Pharmaceuticals Corporation,East Hanover,01/31/2013,14
Novartis Pharmaceuticals Corporation,East Hanover,05/31/2014,2
Novartis Pharmaceuticals Corporation,East Hanover,06/08/2012,27
Novartis Pharmaceuticals Corporation,East Hanover,06/08/2012,45
Novartis Pharmaceuticals Corporation,East Hanover,06/08/2012,35
Novartis Pharmaceuticals Corporation,East Hanover,04/02/2012,43
Novartis Pharmaceuticals Corporation,East Hanover,06/08/2012,32
Novartis Pharmaceuticals Corporation,East Hanover,06/08/2012,1380
Novartis Pharmaceuticals Corporation:  Psychiatry/Neuroscience Business Unit,East Hanover,02/07/2011,11
"Novartis Pharmaceuticals Corporation: Primary Care Business Unit, Northeast Operating Unit",East Hanover,02/07/2011,31
Novartis Pharmceuticals Corporation,East Hanover,07/28/2017,204
"OKI Data Americas, Inc.",Mt. Laurel,09/30/2016,38
"OS Restaurant Services, LLC",Tampa,03/15/2020,0
OTTO HOME GOODS INC.,saddle brook,03/20/2020,1
Oakwood Worldwide,Totowa,02/03/2020,11
"Ocean Spray Cranberries, Inc.",Bordentown,05/02/2014,138
"Office Depot, Inc.",Westampton,05/24/2010,146
Omega Engineering,Swedesboro,05/26/2020,263
On Time Staffing,Camden,09/17/2012,50
Ophthotech Corporation,Princeton,03/17/2017,69
"Optimer Pharmaceuticals, Inc.",Jersey City,06/30/2014,177
"Optimer Pharmaceuticals, Inc.",New Jersey,06/30/2014,184
Orthofix,Wayne,06/30/2010,20
Our Lady's Residence,Pleasantville,12/01/2015,50
"PHH Home Loans, LLC",Mt. Laurel,03/23/2018,78
PHH Mortgage Corporation,Mount Laurel,03/13/2017,33
Pactiv,Kearny,11/16/2012,79
Palombo's Med-Rite Pharmacy,Northfield,07/16/2010,73
Paper Source,Summit,03/29/2020,0
Papetti's Hygrade Egg Products,Elizabeth,10/12/2012,57
"Paramount Medical Group, P.C.",Warren,09/30/2011,108
Party Rental Ltd,Teterboro,03/14/2020,825
Paterson Ecumenical Preschool,Paterson,06/30/2011,14
Pathmark,Camden,09/06/2013,109
Pathmark,Lawnside,05/06/2012,122
Pathmark,Edgewater Park,09/06/2013,123
Pathmark,Cherry Hill,09/06/2013,123
Pathmark - Howell,Howell,10/19/2013,103
Pathmark STore 440,Hillsborough,04/15/2011,104
Pathmark Store 116 (The Great Atlantic and Pacific Tea Co),South Plainfield,10/13/2010,91
Pathmark Store 125 (The Great Atlantic and Pacific Tea Co).,Bellevillle,10/13/2010,97
Pathmark Store 155,Hackensack,04/15/2011,104
Pathmark Store 177 (The Great Atlantic and Pacific Tea Co.),Fort Lee,10/13/2010,81
Pathmark Store 180 (The Great Atlantic and Pacific Tea Co),North Bergen,10/13/2010,125
Pathmark Store 196 (The Great Atlantic and Pacific Tea Co),Woodland Park,10/13/2010,121
Pathmark Store 281,Livingston,04/15/2011,77
Pathmark Store 287,Whippany,04/15/2011,80
Pathmark Store 425,South Plainfield,04/15/2011,109
Pathmark Store 437,Gillette,04/15/2011,82
Pathmark Store 452 (The Great Atlantic and Pacific Tea Co),Union,10/13/2010,118
Pathmark Store 536 (The Great Atlantic and Pacific Tea Co),North Brunswick,10/13/2010,108
Pathmark Store 539,Deptford,04/15/2011,100
Pathmark Store 571 (The Great Atlantic and Pacific Tea Co),Englishtown,10/13/2010,108
Pathmark Store 577,Middletown,04/15/2011,93
Pathmark Store 886(The Great Atlantic and Pacifice T,East Brunswick,10/13/2010,81
"Pathmark Stores, Inc and Blair Distributors",Edison,10/27/2015,168
Pathmark store 595 (The Great Atlantic and Pacific Tea Co),Millville,10/13/2010,80
Pediatric Day Health Center at Galloway,Galloway,06/13/2013,25
Pediatric Day Health Center at Manchester,Manchester,02/26/2014,29
Pendry Natirar LLC,Peapack,03/27/2020,122
Personal Touch HOme Care,Neptune,05/18/2018,53
Personal Touch Home Care,Roselle Park,05/18/2018,100
Personal Touch Home Care of NJ,Union City,05/18/2018,28
"Personal-Touch Home Care of N.J., Inc.",Bloomfield,05/18/2018,276
Peserico USA Inc,hackensack,04/01/2020,2
Petland Discounts,Elizabeth,03/19/2019,30
Petland Discounts,Paterson,03/19/2019,30
Petland Discounts,Jersey City,03/19/2019,30
Petland Discounts,Orange,03/19/2019,30
Petland Discounts,Irvington,03/19/2019,30
Petland Discounts,Bayonne,03/19/2019,30
Petland Discounts,West New York,03/19/2019,30
Petland Discounts,North Bergen,03/19/2019,30
Petland Discounts,Newark,03/19/2019,30
Petland Discounts,Westwood,03/19/2019,30
Pfizer,Monmouth Junction,01/31/2009,22
PharMEDium Healthcare Corporation,Dayton,04/20/2020,287
Phelan Hallinan Diamond & Jones,Philadelphia,03/27/2020,50
Philadelphia Media Holdings (The Inquirer),Cherry Hill,07/07/2010,96
Philips electronics North America,Union,09/10/2010,82
Phoenix Color Corporation,Rockaway,03/04/2012,47
Pictorial Offset Corporation,Carlstadt,02/06/2015,113
"Pochet of America, Inc.",Wayne,06/30/2017,30
Port Carteret Drive Logistics LLC,Carteret,07/12/2015,81
Port Jersey Transportation,Monroe,12/30/2011,6
Post Foods,Parsippany,09/30/2015,48
Precision Motor Transport Group LLC,Jersey City,06/30/2016,69
"Preferred Display, Inc.",Clifton,08/30/2018,75
Premier Distribution Services,Somerset,10/16/2009,96
President Container Group,Moonachie,10/01/2010,234
"Prestige Maintenance USA, LP",Plano,03/19/2020,49
"Prime Flight Aviation Services, Inc.",Newark,10/08/2019,735
Princeton Healthcare System - Merwick Care Center,Princeton,10/01/2010,148
PrintBuyer LLC dba Zoo Printing,West Deptford,03/31/2017,65
"Prospect Airport Services, Inc.",Des Plaines,03/24/2020,255
"Publishers Circulation Fulfillment, Inc.",Rockleigh,06/15/2012,80
"Publishsers Circulation Fulfillment, Inc.",Rockleigh,01/15/2010,97
Purdue Pharma,Cranbury,08/22/2014,59
QVR International LLC,Edison,01/17/2020,2
"Qualcomm Atheros, Inc.",Red Bank,09/23/2016,76
"Quality Care Associates, LLC",Jersey City,01/13/2020,159
Quality Packaging Specialist International LLC,Moonachie,07/31/2012,160
Quidsi,Jersey City,06/02/2017,263
"Quixote Studios, LLC",Carlstadt,03/20/2020,3
R&R AUTO GROUP,Pitman,03/18/2020,2
RAB Lighting,Northvale,03/09/2018,121
RDSL Urban NY LLC,Carlstadt,11/14/2017,8
"Rafaella Apparel Group, Inc.",Bayonne,08/16/2010,66
"Raymours Furniture Company, Inc., d/b/a Raymour & Flanigan",Liverpool,11/15/2012,91
Red Bank Acquisition 1 LLC DBA Chapin Hill @ Red Bank,Red Bank,08/01/2015,0
"Red and Tan Charter, Inc.",Elizabeth,03/31/2010,45
Registrar & Transfer Company,Cranford,12/31/2014,171
"Reiss Manufacturing, Inc.",Englishtown,03/21/2016,125
"Resorts International Hotel, Inc.",Atlantic City,12/01/2010,2022
Restaurant Associates,East Rutherford,07/31/2018,73
"Retail Logistics, LLC",Wayne,06/19/2017,68
RevIgnition,Temecula,04/01/2020,1
"Revel Entertainment Group, LLC",Atlantic City,08/18/2014,3286
Rich Products Corporation,Buffalo,03/10/2014,238
"Ricoh USA, Inc.",West Caldwell,06/02/2017,77
Robert Wood Johnson Hospital,Hamilton,12/31/2014,87
Roma Bank,Robbinsville,05/31/2013,57
Roselle Paper Company,Roselle,11/29/2014,162
Royal Ingredients LLC,Swedesboro,05/20/2016,80
Ryder,Avenel,08/02/2019,44
S.S. White Technologies,Piscataway,10/15/2017,126
"SBLI USA Mutual Life Insurance Co., Inc.",Newark,06/30/2010,70
SGS,Mawah,05/22/2017,37
"SHOPRITE OF OAKLAND, INC.",Oakland,06/22/2020,352
SYMS Corporation,Secaucus,01/30/2011,108
Saint Barnabas Assisted Living at Lakewood,Lakewood,11/30/2010,29
Saint Barnabas Nursing and Rehabilitation Center,Union,11/30/2010,23
Saint Barnabas Rehabilitation Affiliates,Union,11/30/2010,64
Saint Clare's Health Services,Denville,06/30/2015,2511
Saint Clare's Health System,Denville,11/18/2011,26
Saint Clare's Health System,Denville,06/01/2012,31
Saint Clare's Health Systems,Denville,12/09/2011,12
Saint Michael's Medical Center,Newark,10/09/2015,1445
Saks Fifth Avenue,Hackensack,01/24/2015,94
Saks Fifth Avenue,Short Hills,09/10/2016,137
Salem Clinic Corporation,Salem,12/31/2018,11
Salem Clinic Corporation,Salem,12/31/2018,28
Salem County Improvement Authority,Salem,06/01/2011,92
"Salem Home Care Services, LLC",Salem,12/31/2018,19
Salem Hospital Corporation,Salem,12/31/2018,339
"Salem Medical Professionals, P.C.",Salem,12/31/2018,11
Sam's Club,Budd Lake,01/11/2018,144
Sam's Club,Linden,01/11/2018,187
Sam's Club,Princeton,01/26/2018,196
"Sandoz, Inc.",Princeton,12/14/2012,84
Sbar's Incorporated,Moorestown,02/13/2020,82
"Schwan Cosmetics USA, Inc.",Piscataway,04/24/2015,111
Science Applications International Corp (SAIC),Piscataway,09/18/2010,49
Sea Gull Lighting Products,Riverside,10/28/2011,73
Seabrook House,Seabrook,12/31/2009,52
Sears Auto Center,Mays Landing,11/25/2018,12
Sears Auto Store 06494,Deptford,12/31/2018,10
Sears Holdings,Marlton,05/09/2010,82
Sears Holdings,South Plainfield,05/09/2010,10
Sears Holdings,Watchung,09/17/2017,126
Sears Holdings,Toms River,04/08/2018,49
"Sears, Roebuck and Co.",Mays Landing,11/25/2018,51
"Sears, Roebuck and Company",Deptford,12/31/2018,77
"Sears, Roebuck and Compay",Middletown,12/31/2018,57
Seaview Dolce Hotel,Galloway,11/26/2018,229
Senneca / Thermoseal,Gloucester City,06/30/2020,47
"Sheppard Bus Service, Inc",Bridgeton,03/19/2020,672
"Shiel Holdings, LLC",Rockleigh,01/31/2018,538
"Shiel Holdings, LLC",Rockleigh,12/31/2017,538
Showboat Casino,Atlantic City,08/31/2014,2139
"Siemens Demag Delaval Turbomachinery, Inc",Hamilton,03/29/2019,35
"Siemens PPAL, LLC (Newark Internation Airport O & M Contract)",Newark,08/31/2017,63
Sisters of Charity of Saint Elizabeth/Saint Anne Villa,Florham Park,08/01/2016,135
Sixth Avenue Electronics,Springfield,12/10/2011,100
Smiths Detection,Morristown,03/30/2012,100
Sodexo,Matawan,06/30/2020,71
Sodexo,Lakewood,06/30/2020,53
Sodexo,Blackwood,11/12/2013,80
Sodexo -West Orange,West Orange,07/22/2019,75
Sodexo Campus Services @ Rowan University,Glassboro,06/30/2014,281
Sodexo Dining Services,Hoboken,07/01/2015,116
"Sodexo Management, Inc.",Englishtown,06/30/2014,71
Sodexo Services,Montclair,06/30/2014,372
"Sodexo, Inc.",Summit,11/05/2010,38
"Sodexo, Inc.",Union,11/12/2010,18
"Sodexo, Inc.",Williamstown,11/30/2010,68
"Sodexo, Inc.",Kenilworth,11/12/2010,99
"Sodexo, Inc.",Springfield,11/12/2010,4
"Solgar, Inc.",Lyndhurst,05/17/2013,107
Solix,Parsippany,12/31/2018,149
Sony Electronics,Park Ridge,05/02/2014,100
Sony Music Entertainment,Lyndhurst,08/28/2011,70
Sony Music Holdings Inc.,Pitman,04/30/2010,162
Sony Music Holdings Inc.,Pitman,03/18/2011,300
South Jersey Times,Woodbury,06/06/2014,46
Southwest Airlines Co.,Dallas,11/03/2019,118
"Specialty MD, Inc.",South Plainfield,03/22/2020,28
Spectrum Pharmaceuticals,Henderson,03/15/2019,2
"Sports Authority, Inc. - New Jersey Distribution Center #843",Burlington,06/10/2016,88
Squeezed,East Rutherford,03/09/2020,0
St Jude Medical (SJM),West Berlin,06/30/2010,31
St. Denis School,Manasquan,06/30/2015,25
St. Francis Life Care Corporation (dba Franciscan Oaks),Denville,04/30/2016,257
St. Joseph's Regional Medical Center:DSS Program,Paterson,10/13/2017,8
St. Mary's Catholic Home,Cherry Hill,12/01/2015,50
St. Mary's Hospital,Passaic,03/17/2014,1179
Staples,Monroe,10/26/2012,110
Star Ledger,Newark,06/06/2014,470
State Farm Insurance,Parsippany,02/29/2012,500
State Farm Mutual Automobile Insurance Company,Parsippany,10/31/2016,77
State Street Bank & Trust,Princeton,05/02/2011,270
Stockton University compass group,Egg Harbor Township,03/11/2020,4
Strauss Auto,South River,06/04/2012,384
Summit Medical Group,Berkeley Heights,06/09/2012,7
"Sun Microsystems, Inc.",Santa Clara,01/03/2010,8
Sun Pharma,Cranbury,01/31/2019,96
Sunoco,Bloomfield,03/18/2020,1
Sunoco - Eagle Point Refinery,Westville,12/13/2009,400
Super Fresh Food Markets-Ocean City,Ocean City,11/26/2015,171
Super Fresh Store 404,East Windsor,04/15/2011,83
Super Fresh Store 420,Hamilton Twp,04/15/2011,80
Super Fresh-Manahawkin,Manahawkin,11/26/2015,75
Superfresh,Marlton,01/11/2013,48
Superfresh,Westmont,01/11/2013,98
Superfresh,Plainsboro,01/11/2013,89
Susquehanna,Vineland,12/07/2011,32
Syms Corporation and Filene's Basement,Paramus,01/09/2012,60
Syms Corporation and Filene's Basement,Cherry Hill,01/09/2012,27
Syms Corporation and Filene's Basement,Secaucus,01/09/2012,106
Syms Corporation and Filene's Basement,Woodbridge,01/09/2012,37
T & M Repair Company,New Brunswick,12/12/2013,14
TE Connectivity,Morristown,11/19/2012,20
TE Connectivity,Budd Lake,08/31/2018,43
TECOM-Vinnell Services,Ft. Monmouth,04/11/2011,130
TREESDALE PARTNERS LIMITED LIABILITY COMPANY,New York,11/18/2019,1
TSuper Fresh Food Markets-Wildwood,Wildwood,11/26/2015,138
Tahari ASL LLC,Millburn,07/30/2018,101
Takasago,Northvale,09/08/2013,80
Teleflex,Lumberton,02/01/2013,153
Teleperformance USA,Mahwah,07/31/2020,72
Tessler & Weiss,Union,12/31/2017,150
Teva Pharmaceuticals,Parsippany,01/04/2018,46
Teva Pharmaceuticals,Elizabeth,05/15/2018,101
"Textiles from Europe, Inc. d/b/a Victoria Classics",Edison,09/21/2015,14
The Atlantaic Club Casino,Atlantic City,03/29/2013,1729
The Bank of New York Mellon,Lodi,08/12/2011,98
The Bank of New York Mellon,Lodi,11/26/2010,98
The Bank of New York Mellon,Lodi,08/27/2010,146
The Bank of New York Mellon,Lodi,12/17/2010,98
The Bank of New York Mellon,Lodi,07/29/2011,98
The Bank of New York Mellon Corporation,Lodi,08/27/2010,39
The Brunswick School,Jersey City,03/31/2020,123
The Children's Place,Monroe,12/31/2012,86
"The Dress Barn, Inc.; DBX, Inc., a subsidiary of The Dress Barn, Inc.; Ascena Retail Group, Inc.",Mahwah,07/22/2019,61
"The Dress Barn, Inc.; DBX, Inc., a subsidiary of The Dress Barn, Inc.; Ascena Retail Group, Inc.",Mahwah,07/22/2019,212
"The Dress Barn, Inc.; DBX, Inc., a subsidiary of The Dress Barn, Inc.; Ascena Retail Group, Inc.",Mahwah,07/22/2019,167
The Estee Lauder Companies Inc.,Oakland,04/01/2013,116
The GEO Company,Boca Raton,06/04/2017,84
The Great Atlantic & Pacifi Tea Company - Pathmark,Old Bridge,09/19/2015,95
The Great Atlantic & Pacific Tea Co- A&P-Allendale,Allendale,11/26/2015,104
The Great Atlantic & Pacific Tea Co. - A&P-Basking Ridge,Basking Ridge,11/26/2015,66
The Great Atlantic & Pacific Tea Co. - A&P-Belvidere,Belvidere,11/26/2015,64
The Great Atlantic & Pacific Tea Co. - A&P-Blairstown,Blairstown,11/26/2015,102
The Great Atlantic & Pacific Tea Co. - A&P-Bloomfield,Bloomfield,11/26/2015,46
The Great Atlantic & Pacific Tea Co. - A&P-Boonton Township,Boonton Township,11/26/2015,99
The Great Atlantic & Pacific Tea Co. - A&P-Bricktown,Bricktown,11/26/2015,80
The Great Atlantic & Pacific Tea Co. - A&P-Califon,Califon,11/26/2015,55
The Great Atlantic & Pacific Tea Co. - A&P-Clark,Clark,11/26/2015,125
The Great Atlantic & Pacific Tea Co. - A&P-Clinton,Clinton,11/26/2015,54
The Great Atlantic & Pacific Tea Co. - A&P-Closter,Closter,11/26/2015,92
The Great Atlantic & Pacific Tea Co. - A&P-Denville,Denville,11/26/2015,111
The Great Atlantic & Pacific Tea Co. - A&P-Edison,Edison,11/26/2015,72
The Great Atlantic & Pacific Tea Co. - A&P-Fairview,Fairview,11/26/2015,100
The Great Atlantic & Pacific Tea Co. - A&P-Fanwood,Fanwood,11/26/2015,72
The Great Atlantic & Pacific Tea Co. - A&P-Fort Lee,Fort Lee,11/26/2015,145
The Great Atlantic & Pacific Tea Co. - A&P-Hackettstown,Hackettstown,11/26/2015,6
The Great Atlantic & Pacific Tea Co. - A&P-Haskell,Haskell,11/26/2015,7
The Great Atlantic & Pacific Tea Co. - A&P-Hewitt,Hewitt,11/26/2015,85
The Great Atlantic & Pacific Tea Co. - A&P-Hoboken,Hoboken,11/26/2015,104
The Great Atlantic & Pacific Tea Co. - A&P-Jersey City,Jersey City,11/26/2015,103
The Great Atlantic & Pacific Tea Co. - A&P-Kenilworth,Kenilworth,11/26/2015,157
The Great Atlantic & Pacific Tea Co. - A&P-Ledgewood,Ledgewood,11/26/2015,13
The Great Atlantic & Pacific Tea Co. - A&P-Little Silver,Little Silver,11/26/2015,62
The Great Atlantic & Pacific Tea Co. - A&P-Mahwah,Mahwah,11/26/2015,138
The Great Atlantic & Pacific Tea Co. - A&P-Marlboro,Marlboro,11/26/2015,64
The Great Atlantic & Pacific Tea Co. - A&P-Metuchen,Metuchen,11/26/2015,13
The Great Atlantic & Pacific Tea Co. - A&P-Midland Park,Midland Park,11/26/2015,162
The Great Atlantic & Pacific Tea Co. - A&P-Milltown,North Brunswick,11/26/2015,103
The Great Atlantic & Pacific Tea Co. - A&P-Montclair,Montclair,11/26/2015,76
The Great Atlantic & Pacific Tea Co. - A&P-Mt Olive,Mt Olive,11/26/2015,88
The Great Atlantic & Pacific Tea Co. - A&P-Navesink,Navesink,11/26/2015,38
The Great Atlantic & Pacific Tea Co. - A&P-New Providence,New Providence,11/26/2015,102
The Great Atlantic & Pacific Tea Co. - A&P-Oak Ridge,Oak Ridge,11/26/2015,98
The Great Atlantic & Pacific Tea Co. - A&P-Old Bridge,Old Bridge,11/26/2015,116
The Great Atlantic & Pacific Tea Co. - A&P-Old Tappan,Old Tappan,11/26/2015,76
The Great Atlantic & Pacific Tea Co. - A&P-Ortley Beach,Ortley Beach,11/26/2015,164
The Great Atlantic & Pacific Tea Co. - A&P-Park Ridge,Park Ridge,11/26/2015,88
The Great Atlantic & Pacific Tea Co. - A&P-Point Pleasant Beach,Point Pleasant Beach,11/26/2015,13
The Great Atlantic & Pacific Tea Co. - A&P-Pompton Lakes,Pompton Lakes,11/26/2015,100
The Great Atlantic & Pacific Tea Co. - A&P-Randolph,Randolph,11/26/2015,87
The Great Atlantic & Pacific Tea Co. - A&P-Saddle Brook,Saddle Brook,11/26/2015,97
The Great Atlantic & Pacific Tea Co. - A&P-South Plainfield,South Plainfield,11/26/2015,117
The Great Atlantic & Pacific Tea Co. - A&P-Summit,Summit,11/26/2015,10
The Great Atlantic & Pacific Tea Co. - A&P-Sussex,Sussex,11/26/2015,107
The Great Atlantic & Pacific Tea Co. - A&P-Tinton Falls,Tinton Falls,11/26/2015,76
The Great Atlantic & Pacific Tea Co. - A&P-Township of Washington,Township of Washington,11/26/2015,81
The Great Atlantic & Pacific Tea Co. - A&P-Vernon,Vernon,11/26/2015,122
The Great Atlantic & Pacific Tea Co. - A&P-Wall Township,Wall Township,11/26/2015,135
The Great Atlantic & Pacific Tea Co. - A&P-Warren,Warren,11/26/2015,82
The Great Atlantic & Pacific Tea Co. - A&P-Washington,Washington,11/26/2015,58
The Great Atlantic & Pacific Tea Co. - A&P-Wayne,Wayne,11/26/2015,81
The Great Atlantic & Pacific Tea Co. - A&P-West New York,West New York,11/26/2015,87
The Great Atlantic & Pacific Tea Co. - A&P-Westwood,Westwood,11/26/2015,12
The Great Atlantic & Pacific Tea Co. - A&P-Woodcliff Lake,Woodcliff Lake,11/26/2015,176
The Great Atlantic & Pacific Tea Co. - A&P-Woodland Park,Woodland Park,11/26/2015,128
The Great Atlantic & Pacific Tea Co. - Food Basics-Belleville,Belleville,11/26/2015,73
The Great Atlantic & Pacific Tea Co. - Food Basics-Fairview,Fairview,11/26/2015,82
The Great Atlantic & Pacific Tea Co. - Food Basics-Glen Rock,Glen Rock,11/26/2015,67
The Great Atlantic & Pacific Tea Co. - Food Basics-North Bergen,North Bergen,11/26/2015,96
The Great Atlantic & Pacific Tea Co. - Food Basics-Passaic,Passaic,11/26/2015,63
The Great Atlantic & Pacific Tea Co. - Food Basics-Paterson,Paterson,11/26/2015,81
The Great Atlantic & Pacific Tea Co. - Food Basics-Paterson,Paterson,11/26/2015,101
The Great Atlantic & Pacific Tea Co. - Pathmark,Toms River,09/19/2015,121
The Great Atlantic & Pacific Tea Co. - Pathmark-Avenel,Avenel,11/26/2015,86
The Great Atlantic & Pacific Tea Co. - Pathmark-Bergenfield,Bergenfield,11/26/2015,132
The Great Atlantic & Pacific Tea Co. - Pathmark-Bricktown,Bricktown,11/26/2015,101
The Great Atlantic & Pacific Tea Co. - Pathmark-Edgewater,Edgewater,11/26/2015,160
The Great Atlantic & Pacific Tea Co. - Pathmark-Elmwood Park,Elmwood Park,11/26/2015,121
The Great Atlantic & Pacific Tea Co. - Pathmark-Fairlawn,Fairlawn,11/26/2015,101
The Great Atlantic & Pacific Tea Co. - Pathmark-Garwood,Garwood,11/26/2015,98
The Great Atlantic & Pacific Tea Co. - Pathmark-Hackensack,Hackensack,11/26/2015,86
The Great Atlantic & Pacific Tea Co. - Pathmark-Hazlet,Hazlet,11/26/2015,82
The Great Atlantic & Pacific Tea Co. - Pathmark-Hopelawn,Hopelawn,11/26/2015,82
The Great Atlantic & Pacific Tea Co. - Pathmark-Irvington,Irvington,11/26/2015,145
The Great Atlantic & Pacific Tea Co. - Pathmark-Jersey City,Jersey City,11/26/2015,155
The Great Atlantic & Pacific Tea Co. - Pathmark-Jersey City,Jersey City,11/26/2015,99
The Great Atlantic & Pacific Tea Co. - Pathmark-Kinnelon,Kinnelon,11/26/2015,108
The Great Atlantic & Pacific Tea Co. - Pathmark-Lake Hopatcong,Lake Hopatcong,11/26/2015,86
The Great Atlantic & Pacific Tea Co. - Pathmark-Ramsey,Ramsey,11/26/2015,87
The Great Atlantic & Pacific Tea Co. - Pathmark-South Orange,South Orange,11/26/2015,119
The Great Atlantic & Pacific Tea Co. - Pathmark-Ventnor,Ventnor,11/26/2015,125
The Great Atlantic & Pacific Tea Co. - Pathmark-Weehawken,Weehawken,11/26/2015,124
The Great Atlantic & Pacific Tea Co. -Pathmark-Elizabeth,Elizabeth,11/26/2015,76
The Great Atlantic & Pacific Tea Co. -Pathmark-Garwood,Garwood,11/26/2015,98
The Great Atlantic & Pacific Tea Co. -Pathmark-Landing,Landing,11/26/2015,79
The Great Atlantic & Pacific Tea Co. -Pathmark-Middlesex,Middlesex,11/26/2015,82
The Great Atlantic & Pacific Tea Co. -Pathmark-Montclair,Montclair,11/26/2015,106
The Great Atlantic & Pacific Tea Co. -Pathmark-Newark,Newark,11/26/2015,128
The Great Atlantic & Pacific Tea Co. -Pathmark-Palisades Park,Palisades Park,11/26/2015,8
The Great Atlantic & Pacific Tea Co. -Pathmark-Parsippany,Parsippany,11/26/2015,84
"The Great Atlantic & Pacific Tea Co., -Pathmark",Belleville,09/19/2015,113
The Great Atlantic & Pacific Tea Co.-Pathmark-Newark,Newark,11/26/2015,124
The Great Atlantic & Pacific Tea Company - A & P,Holmdel,09/19/2015,87
The Great Atlantic & Pacific Tea Company - Pathmark,Clifton,09/19/2015,125
The Great Atlantic & Pacific Tea Company - Pathmark,East Brunswick,09/19/2015,105
The Great Atlantic & Pacific Tea Company - Pathmark,Linden,09/19/2015,120
"The Great Atlantic & Pacific Team Company, Inc.",Montvale,10/21/2015,144
The Great Atlantic and Pacific Tea Company (3),Montvale,12/18/2015,187
"The Great Atlantic and Pacific Tea Company, Inc. (2)",Montvale,11/23/2015,319
The Hartz Mountain Corporation,Bloomfield,08/09/2010,226
The Health Center at Bloomingdale,Bloomingdale,06/18/2014,165
The Health Center at Galloway,Galloway,06/13/2013,187
The Hertz Corporation,Park Ridge,03/31/2016,63
The Medicines Company,Parsippany,02/14/2018,18
The Medicines Company,Parsippany,08/01/2017,52
The Press of Atlantic City Media Group,Pleasantville,07/08/2013,43
The Times of Trenton,Trenton,06/06/2014,27
The Wanaque Center,Haskell,06/19/2014,378
Thomson Inc,Princeton,08/27/2010,62
ThyssenKrupp,Moonachie,02/28/2014,50
"Tommy Hilfiger USA, Inc.",Cranbury,10/31/2010,87
Tory Burch LLC,Jamesburg,07/31/2018,64
"Toshiba America Consumer Products, LLC",Wayne,09/30/2010,60
"Total Airport Services, LLC",Newark,07/07/2017,34
Toys,Wayne,08/15/2018,184
Toys,Wayne,08/15/2018,212
Toys R Us,Wayne,05/14/2018,1159
Toys R Us,Flanders,05/14/2018,473
"Transdev Services, Inc.",Union,03/31/2017,64
Transform SR LLC,New Brunswick,04/12/2020,48
"Tree of Life, Inc.",North Bergen,10/23/2009,10
Trenton Convalescent Center Operating Co.,Trenton,01/31/2012,173
"Trenton Head Start, Inc.",Trenton,06/30/2014,77
Tri-County Community Action Partnership,Bridgeton,10/01/2009,81
"Tri-State Transportation, Inc.",Newark,10/30/2009,62
Tropicana Atlantic City Corp.,Atlantic City,04/11/2020,2704
"Trump Entertainment Resorts Holdings, L.P.",Atlantic City,11/13/2014,8
"Trump Marina Associates, LLC",Atlantic City,05/25/2011,1730
"Trump Plaza Associates, LLC",Atlantic City,09/16/2014,1153
"Trump Taj Mahal Assoc, LLC",Atlantic City,10/10/2016,2848
"Trump Taj Mahal Associates, LLC",Atlantic City,11/13/2014,3101
"Trump Taj Mahal Associates, LLC d/b/a Trump Administration",Atlantic City,05/31/2011,28
Tyco International Management Company,Princeton,01/02/2017,6
Tyco International Management Company,Princeton,12/01/2016,4
Tyden Brooks Security Products Group,Livingston,05/12/2010,74
Tyden Brooks Security Products Group,Phillipsburg,07/01/2010,67
TydenBrooks,Phillipsburg,07/01/2010,91
TydenBrooks Security Products Group,Newton,04/30/2011,52
"USM, Inc.",Red Bank,03/08/2010,71
Unilever United States In,Englewood Cliffs,06/30/2016,106
Union Ink Company,Ridgefield,01/03/2014,48
United Airlines,Newark,03/04/2013,472
"United Bank Card, Inc.",Clinton,07/01/2011,106
"Universal Lighting Technologies, Inc.",Lincoln Park,12/31/2010,6
Universal Technical Institute,Bloomfield,04/24/2020,35
"University Health Plans, Inc..",Edison,02/01/2010,82
VALID USA,So. Plainfield,07/08/2016,144
VALID USA,So. Plainfield,03/31/2017,76
"VSM-Rostra, LLC",Newark,07/15/2020,87
Value Options,Hamilton,09/07/2009,66
"Van Dyk Health Care, Inc.",Ridgewood,09/12/2018,216
"Veltri, Inc.",Kearny,10/31/2016,77
Verizon,Ewing,04/03/2012,336
Verizon Connected Solutions,Fort Lee,12/19/2009,30
Verizon Connected Solutions,Ewingville,12/19/2009,23
Verizon Connected Solutions Inc.,Secaucus,12/19/2009,51
Verizon Connected Solutions Inc.,Passaic,12/19/2009,73
Vertis Communicaton,North Brunswick,04/01/2013,133
Viking Yacht Company,New Gretna,08/31/2010,219
Vineland Kosher Poultry,Vineland,12/11/2010,50
"Vira Manufacturing Company, LLC",Perth Amboy,03/13/2015,148
Virtua Center for HealthFitness Washington Township,Sewell,12/31/2018,125
Virtua Medical Group,Marlton,12/31/2012,445
"Vitamin Shoppe Industries, Inc.",North Bergen,12/01/2017,139
"Vu enterprise, inc",Egg Harbor Twp,07/01/2019,0
WALMART INC,BRANCHBURG,04/13/2018,149
"WARNER CHILCOTT (US), LLC",Rockaway,11/30/2013,88
"WARNER CHILCOTT (US), LLC",Rockaway,01/31/2014,46
"WORLDWIDE FLIGHT SERVICES, INC",NEWARK,05/20/2014,32
"WORLDWIDE FLIGHT SERVICES, INC",NEWARK,05/20/2014,42
"WRDH Mt. Laurel Operations, LLC (The ML Hotel)",Mt. Laurel,03/16/2020,178
WSFS Bank,Burlington,08/30/2019,14
Wagner Spray Tech (Titan Tools),Oakland,06/30/2014,80
Walgreen Co,Swedesboro,05/24/2017,133
Walmart Inc.,Ledgewood,04/10/2019,143
Warren Distributing Company,Blue Anchor,04/30/2017,128
Warren Hospital,Phillipsburg,06/23/2010,20
Welch Allyn (Trimline Medical Products),Branchburg,08/01/2010,148
Wellness Center at Hamilton Park,Jersey City,12/31/2012,5
Wells Fargo and Company,Charlotte,03/14/2010,86
West-Ward Pharmacueticals Corp,Eatontown,07/02/2018,38
"WestRock, CP, LLC",Newark,12/21/2019,114
"Western Union, LLC and Western Union Business Solutions  USA",Montvale,10/13/2019,192
Willowbrook chicken LLC,Edisom,03/17/2020,1
Willowbrook chicken llc,Edison,03/17/2020,1
Winberie's Restaurant and Bar,Princeton,01/21/2019,43
"Winsale, Inc.",Jersey City,12/31/2013,168
Wolfgang's Steakhouse Grill,Somerville,03/16/2020,55
Woodbridge Logistics LLC,Avenel,02/06/2011,1114
"Wyndham Worldwide Operations, Inc.",Parsippany,04/21/2018,134
XPO Logistics,Swedesboro,08/16/2019,269
YM LLC,Totowa,06/19/2014,69
YRC Inc. dba YRC Freight,Carlstadt,05/12/2013,69
YRC Inc. dba YRC Freight,Elizabeth,05/12/2013,114
Zenith Education Group,South Plainfield,01/08/2018,41
"Zoetis, Inc.",Florham Park,08/11/2015,165
"Zucker, Goldberg and Ackerman, LLC",Mountainside,08/24/2015,289
"arrow fastener co, LLC",paterson,03/07/2020,1
ePATHUSA Inc,West Des Moines,01/10/2019,1
east rutherford me llc,edison,03/15/2020,20
force transfer,jersey city,03/13/2020,0
hikma,Eatontown,09/21/2018,78
metrofuser,elizabeth,03/23/2020,15
sanofi-aventis U.S. Inc.,Bridgewater,03/12/2012,391
stockton compass group,Galloway,03/11/2020,4
"usi  services  group , inc.",chattanooga,03/20/2020,23695
wilkin management group inc,mahwah,12/07/2009,1
GROCERY HAULERS,S. KEARNY,1/31/09,138
ABBOTT LABORATORIES,EDISON,2/4/09,143
GRIFFIN PIPE,FLORENCE,2/27/09,200
MARRIOTT,GALLOWAY,2/13/09,66
MARRIOTT,ABSECON,2/13/09,68
PRESS RELAY,NEWARK,3/11/09,101
CLARA MAAS CONTINUING CARE AT BELLEVILLE,BELLEVILLE,1/26/2009,208
JOHNSON CONTROLSÂ,NEW BRUNSWICKÂ,3/4/07Â,102Â
EQUITY ONEÂ,PARSIPPANYÂ,3/11/07Â,44Â
POPULAR FINANCIALÂ,MARLTON/CHERRY HILLÂ,3/11/07Â,207Â
GMAC MORTGAGEÂ,MOUNTAINSIDEÂ,3/16/07Â,85Â
BERLEXÂ,WAYNEÂ,2/28/07Â,50Â
JOHNSON & JOHNSONÂ,MORRIS PLAINSÂ,3/23/07Â,512Â
JPMORGAN CHASEÂ,MAYWOODÂ,3/25/07Â,160Â
R.A.B. FOOD GROUPÂ,JERSEY CITYÂ,3/26/07Â,96Â
NEW COMMUNITY CAREÂ,NEWARKÂ,3/26/07Â,190Â
MCDATAÂ,LUMBERTONÂ,1/26/07Â,59Â
COTYÂ,MT. OLIVEÂ,3/30/07Â,360Â
TOYS R USÂ,SOMERSETÂ,3/31/07Â,18Â
MAYNE PHARMAÂ,PARAMUSÂ,4/6/07Â,67Â
ARAMARKÂ,PLAINSBOROÂ,2/16/07Â,Â Â
WASHINGTON MUTUALÂ,CLARKÂ,4/16/07Â,60Â
H.C. STARCKÂ,E. RUTHERFORDÂ,4/30/07Â,67Â
H.C. STARCKÂ,CARLSTADTÂ,4/30/07Â,58Â
MELLON INVESTORÂ,JESEY CITYÂ,4/30/07Â,187Â
DAILY RECORD,PARSIPPANY,5/13/07,63
REVLON,IRVINGTON,6/15/07,118
MASONITE,LOGAN TOWNSHIP,5/21/07,103
IPC COMMAND SYSTEMS,MT. LAUREL,6/1/07,10
DECEUNINCK,POMPTON PLAINS,5/31/07,36
PT PETROL,NEWARK/PAULSBORO,5/31/07,47
DAL GLOBAL SERVICES,NEWARK,5/1/07,69
LABOR SERVICES,HOWELL,6/10/07,206
ARAMARK,MADISON,6/30/07,83
LIZ CLAIBORNE,SECAUCUS,8/3/07,54
IMAGE SCREEN PRINTING,PASSAIC,7/16/07,265
DESIMONE GROUP,MT. LAUREL,8/6/07,205
ROCKAWAY BEDDING,RANDOLPH,8/21/07,72
CORVEST,THOROFARE,9/17/07,127
TEST TECHNOLOGY,MARLTON,8/3/07,58
SELECT MEDICAL,FREEHOLD,8/1/07,52
TD WATERHOUSE,JERSEY CITY,4/1/07,131
ARAMARK,SOUTH ORANGE,7/1/07,125
ALCATEL-LUCENT,HOLMDEL,8/31/07,57
SHOREWOOD PACKAGING,EDISON,8/31/07,72
ST. BARNABAS HEALTH,UNION,10/1/07,820
HOLIDAY INN,ATLANTIC CITY,9/4/07,145
HOWARD JOHNSON HOTEL,ATLANTIC CITY,9/4/07,43
COOKSON ELECTRONICS,JERSEY CITY,9/7/07,75
LAFARGE,PORT NEWARK,8/6/07,70
PEARSON EDUCATION,PARSIPPANY,9/1/07,54
STOP & SHOP,STATEWIDE,9/4/07,920
COMPASS PHARMA,CLIFTON,9/16/07,Â
ST. BARNABAS HEALTH,TOMS RIVER/NEWARK,10/1/07,90
FABRICATED PLASTICS,MORRISTOWN,9/24/07,80
CIT TECHNOLOGY,MAHWAH,9/28/07,137
MEDCO HEALTH,PINE BROOK,10/5/07,64
ADVOGENT,PISCATAWAY,9/30/07,200
LIZ CLAIBORNE,NO. BERGEN,8/31/07,145
TINNERMAN PALNUT,MOUNTAINSIDE,10/22/07,114
FIRST MAGNUS,PARSIPPANY/C. HILL,8/17/07,93
GREENPOINT MORTGAGE,MT. LAUREL/FAIRFIELD,8/24/07,55
OSI COLLECTION,EDISON,10/31/07,89
ST. JOHN'S COMMUNITY SVS,STATEWIDE,9/30/07,141
ANGELICA TEXTILE,EDISON,11/5/07,297
EMPIRE BEEF,E. RUTHERFORD,11/6/07,252
HUNTLEIGH HEALTHCARE,EATONTOWN,11/16/07,140
LIBERTY HEALTH SYSTEM,JERSEY CITY,11/18/07,382
PASCACK VALLEY HOSPITAL,WESTWOOD,11/21/07,1006
FOXTONS,STATEWIDE,9/26/07,350
BERNERT HOSPITAL,PATERSON,11/30/07,819
3M,BELLE MEAD,11/5/07,87
COMPUCOM SYSTEMS,PARSIPPANY,11/30/07,110
AFFINITY DIRECT,ENGLEWOOD,12/2/07,147
AGC CHEMICALS,BAYONNE,12/31/07,157
MORGAN STANLEY,JERSEY CITY,11/30/07,94
TOPPS MEAT COMPANY,ELIZABETH,10/5/07,80
VICTORY BOX,ROSELLE,10/1/07,85
JONES APPAREL,EDISON,6/2/08,157
KING PHARMACEUTICALS,WAYNE/POMPTON PLNS,12/28/07,15
HOBOKEN WOOD FLOORING,BRIDGEWATER,10/29/07,221
AFFINITY DIRECT,ENGLEWOOD,1/4/08,23Â
BAYONNE MEDICAL CTR.,BAYONNE,1/3/08,1020Â
"PLVTZ, INC.",ROBBINSVILLE,1/9/08, 224
MCNEIL CONSUMER,PARSIPPANY,1/11/08, 296
GMAC RESCAP,PARSIPPANY,10/19/07, 56
SULTAN HEALTHCARE,ENGLEWOOD,2/1/08, 64
GREENPOINT MORTGAGE,MT. LAUREL,1/15/08, 12
FLEXSOL PACKAGING,NEWARK,10/26/07, 63
US PIPE & FOUNDRY,BURLINGTON,2/1/08, 180
VALUE CITY,IRVINGTON,1/7/08, 101
YARDVILLE NATIONAL,HAMILTON,1/19/08, 8
PATHMARK,CARTERET,1/26/08, 557
FLOORSERVE,STATEWIDE,1/31/08,4
IDEAL MERCHANDISING,STATEWIDE,1/30/08,22
PHYTON BIOTECH,EAST WINDSOR,12/31/07,47
HONEYWELL,TETERBORO,2/29/08,7
CETEC,ASBURY PARK,10/19/07,90
POPULAR FINANCIAL,MARLTON,12/7/07,50
LIZ CLAIBORNE,DAYTON,3/10/06,144
CARDINAL HEALTH 200,EDISON,3/10/06,76
KONICA MINOLTA,MT. LAUREL,3/19/06,83
GENERAL MILLS,SWEDESBORO,3/20/06,94
MACY’S/STRAWBRIDGE’S,DEPTFORD,3/21/06,313
MACY’S/STRAWBRIDGE’S,CHERRY HILL,3/21/06,419
G+G RETAIL,NORTH BERGEN,1/20/06,285
KONICA MINOLTA,MAHWAH,3/31/06,217
DAIICHI PHARMACEUTICAL,MONTVALE/PARK RIDGE,3/31/06,24
UNITED STATIONERS,PENNSAUKEN,3/24/06,110
RHODIA,DEEPWATER,3/31/06,68
NORTHROP GRUMMAN,NEWARK/CHERRY HILL,3/31/06,Â
LAIDLAW TRANSIT,HACKENSACK,4/15/06,62
JOHNSON & JOHNSON,RARITAN,4/14/06,226
MAUSER CORP.,S. BRUNSWICK,4/17/06,48
"PDI, INC.",SADDLE RIVER,4/30/06Â,39Â
CARAUSTAR,PINE BROOK,4/28/06,52
OSI COLLECTION SERVICES,EDISON,5/24/06,64
OSI COLLECTION SERVICES,E. WINDSOR,5/24/06,95
CIENA,SHREWSBURY,3/21/06,89
ROSE ART INDUSTRIES,WOOD RIDGE,5/12/06,57
TARGET SOURCING,PISCATAWAY,4/3/06,32
UNITED,NEWARK,6/1/06,349
POPULAR CLUBÂ,GARFIELDÂ,5/30/06Â,46Â
AMERICAN AIRLINESÂ,NEWARKÂ,5/29/06Â,33Â
SUN MICROSYSTEMSÂ,CRANFORD/SOMERSETÂ,7/2/06Â,10Â
FIBERMARKÂ,BLOOMSBURYÂ,6/4/06Â,64Â
COTT ESSEX DISTRIBUTORSÂ,NORTH BERGENÂ,6/16/06Â,139Â
SANDVIKÂ,FAIR LAWNÂ,6/16/06Â,102Â
RUGGIERO SEA FOODÂ,NEWARKÂ,6/26/06Â,111Â
SIMKINS INDUSTRIESÂ,RIDGEFIELDÂ,5/15/06Â,83Â
GUSMER CORPORATIONÂ,LAKEWOODÂ,12/29/06Â,94Â
IDTÂ,NEWARKÂ,6/28/06Â,320Â
SANDOZÂ,DAYTONÂ,6/30/06Â,66Â
SODEXHOÂ,RIDGEWOODÂ,6/30/06Â,71Â
UPS SUPPLY CHAINÂ,CRANBURYÂ,-Â,94Â
DJ ORTHOÂ,SUMMIT/N. PROVIDENCEÂ,5/12/06Â,196Â
AICPAÂ,JERSEY CITYÂ,6/30/06Â,266Â
FMCÂ,PLAINSBOROÂ,4/12/06Â,73Â
AMERISOURCEBERGENÂ,PINE BROOKÂ,7/22/06Â,128Â
TITAN TOOLSÂ,OAKLANDÂ,7/1/06Â,50Â
FDR SERVICESÂ,CAMDENÂ,7/5/06Â,117Â
UNITED WIRE HANGERÂ,HASBROUCK HEIGHTSÂ,6/30/06Â,81Â
STERICYCLEÂ,FRANKLINÂ,10/3/06Â,104Â
SCHAWKÂ,CARLSTADTÂ,7/31/06Â,60Â
SCHERING-PLOUGHÂ,KENILWORTHÂ,6/1/06Â,76Â
EATON FILTRATIONÂ,ELIZABETHÂ,8/15/06Â,89Â
CRYSTAL CLEAR IND.Â,RIDGEFIELD PARKÂ,8/12/06Â,128Â
DEL MONTE FOODSÂ,SECAUCUSÂ,8/30/06Â,77Â
PHASE ONE MARKETINGÂ,GIBBSBOROÂ,5/30/06Â,160Â
VERIZON WIRELESSÂ,BRANCHBURGÂ,8/31/06Â,48Â
DUERR TOOL & DIE,UNION,8/31/06,83
SOVEREIGN BANCORP,NEWARK,6/1/06,Â
HEINZ,PENNSAUKEN,9/11/06,82
SOUTH SHORE FORD,MARMORA,7/14/06,87
L.A. DREYFUS,EDISON,10/1/06,158
INVERNESS CORPORATIONÂ,FAIR LAWNÂ,9/28/06Â,142Â
VERSACOLDÂ,SECAUCUSÂ,10/21/06Â,53Â
SETONÂ,NEWARKÂ,10/27/06Â,65Â
ACME MARKETS,MARLBORO,11/5/06,100
ACME MARKETS,FREEHOLD,11/5/06,79
SANDS HOTEL & CASINO,ATLANTIC CITY,11/10/06,2167
HARVE BENARD,CLIFTON,11/10/06,100
VERTIS COMMUNICATIONS,NO. BRUNSWICK,11/10/06,65
SHORE MEM. HEALTH SYS.,SOMERS POINT,11/18/06,Â
WACHOVIA,NO. BRUNSWICK,11/1/06,138
St. Barnabas Health Care,Toms River,12/31/06,161
Victoria Manor,No. Cape May,10/4/06,Â
Altana Pharma US,Florham Park,12/31/06,350
Dendrite,Piscataway,12/29/06,80
Datascope,Mahwah,12/19/06,88
Intel,Parsippany,12/20/06,55
Versacold,Secaucus,12/23/06,211
Ward Packaging,No. Brunswick,12/29/06,100
Aramark,Hoboken,12/31/06,54
Ferrero USA,Somerset,1/31/07,25
GLAXOSMITHKLINE,PARSIPPANY,12/30/06,Â
ALUTIIQ-WACKENHUT,FT. MONMOUTH,1/1/2007,65
TD WATERHOUSE,JERSEY CITY,1/31/06,385
"G&G, INC.",ATLANTIC CITY,1/14/07,56
"H&G, INC",ATLANTIC CITY,1/14/07,128
"PDI, INC.",SADDLE RIVER,12/31/06,21
"PDI, INC.",SADDLE RIVER,12/26/06,4
CDC SYSTEMS,HAMILTON,11/30/06,132
ALCAN PACKAGING,LINCOLN PARK,1/13/07,69
DECEUNINCK,OAKLAND,1/16/07,74
SMURFIT-STONE CONTAINER,TETERBORO,1/13/07,132
DATA COMMUNIQUEÂ,CARLSTADTÂ,1/31/07Â,92Â
SCHERING-PLOUGHÂ,KENILWORTHÂ,1/31/07Â,73Â
GE STRUCTURED SERVICESÂ,MT. LAURELÂ,1/31/07Â,56Â
"SAKS, INC.Â",LAWRENCEVILLEÂ,3/30/07Â,47Â
HOFFMAN-LAROCHEÂ,NUTLEYÂ,2/5/07Â,56Â
AUTOMATED DISTRIBUTIONÂ,EDISONÂ,2/4/07Â,399Â
BIOVAILÂ,BRIDGEWATERÂ,2/11/07Â,60Â
AFG INDUSTRIESÂ,CINNAMINSONÂ,2/5/07Â,188Â
LAWRENCE ERLBAUMÂ,MAHWAH/NORWOODÂ,2/15/07Â,105Â
CHAMPION MORTGAGEÂ,PARSIPPANYÂ,2/16/07Â,349Â
PBI MEDICAL CENTERÂ,PASSAICÂ,2/28/07Â,890Â
SODEXHOÂ,PASSAICÂ,2/28/07Â,142Â
CINGULAR WIRELESS,PARAMUS/B. RIDGE,3/7/05,32
F. SCHUMACHER & CO.,CRANBURY,3/7/05,57
CHUBB & SON,STATEWIDE,3/6/05,46
MARRIOTT INT.,SOMERSET,3/25/05,182
CANNON EQUIPMENT,PASSAIC,3/11/05,70
CINGULAR WIRELESS,PARAMUS/B. RIDGE,3/7/05,14
AMERICAN WATER,WESTFIELD,3/31/05,56
CINGULAR WIRELESSÂ,PARAMUS/B. RIDGEÂ,3/7/05Â,67Â
PCFÂ,HACKENSACKÂ,4/3/05Â,92Â
CINGULAR WIRELESSÂ,PARAMUS/B. RIDGEÂ,4/15/05Â,34Â
POPULAR CLUB PLANÂ,GARFIELDÂ,3/8/05Â,26Â
MASCO CONTRACTOR SVS.Â,FAIR HAVENÂ,4/15/05Â,90Â
CHEF SOLUTIONSÂ,THOROFAREÂ,4/21/05Â,100Â
CINGULAR WIRELESSÂ,PARAMUS/B. RIDGEÂ,4/29/05Â,13Â
CITICORP DATA SERVICESÂ,ENGLEWOOD CLIFFSÂ,5/13/05Â,363Â
TIER TECHNOLOGIESÂ,TRENTONÂ,5/15/05Â,63Â
CINGULAR WIRELESSÂ,PARAMUS/B. RIDGEÂ,5/13/05Â,2Â
STURTEVANT MILLWORKÂ,PINE BROOKÂ,5/16/05Â,80Â
COUPON SERVICESÂ,JERSEY CITYÂ,5/20/05Â,434Â
AURORA LOAN SERVICESÂ,BRANCHBURGÂ,4/8/05Â,55Â
DEROSSI & SONÂ,VINELANDÂ,5/23/05Â,Â Â
STYLEMARKÂ,SECAUCUSÂ,5/23/05Â,289Â
GALILEO INT.Â,PARSIPPANYÂ,5/23/05Â,35Â
VERIZON WIRELESSÂ,MORRISTOWNÂ,5/31/05Â,240Â
ASHLEY FURNITUREÂ,MONROE TWPÂ,6/19/05Â,53Â
CROWN CLOTHINGÂ,VINELANDÂ,6/21/05Â,Â Â
LOGISTICS SERVICESÂ,AVENELÂ,5/31/05Â,67Â
CINGULAR WIRELESSÂ,PARAMUS/B. RIDGEÂ,6/7/05Â,3Â
MAXIMUSÂ,E. WINDSORÂ,5/27/05Â,179Â
METRO F.I.R.S.T. TEAMÂ,MONTVALEÂ,5/15/05Â,148Â
PANASONICÂ,SECAUCUSÂ,6/30/05Â,226Â
CASA DIBERTACCHIÂ,VINELANDÂ,6/15/05Â,40Â
KMC TELECOMÂ,BEDMINSTERÂ,6/30/05Â,30Â
SERTAÂ,LINDENÂ,6/21/05Â,113Â
CINGULAR WIRELESSÂ,PARAMUS/B. RIDGEÂ,6/21/05Â,5Â
PANASONICÂ,SECAUCUSÂ,6/30/05Â,140Â
ST. FRANCIS MEDICAL CTR.Â,JERSEY CITY,7/1/05,221
CINGULAR WIRELESSÂ,PARAMUSÂ,7/3/05Â,8Â
US ALUMINUMÂ,HASKELLÂ,7/29/05Â,14Â
BIOVAIL PHARMÂ,BRIDGEWATERÂ,7/13/05Â,340Â
ODYSSEY PHARM.Â,FLORHAM PARKÂ,7/15/05Â,51Â
TUSCAN,UNIONÂ,7/19/05Â,388Â
ATLANTIC & PACIFIC TEAÂ,EDISONÂ,7/19/05Â,230Â
CINGULAR WIRELESSÂ,PARAMUSÂ,7/19/05Â,19Â
CHUBB & SONÂ,STATEWIDEÂ,7/25/05,17Â
PENSKE LOGISTICSÂ,EDISONÂ,7/22/05Â,88Â
INTERSTATE BRANDSÂ,STATEWIDEÂ,7/29/05,100Â
DURAMED RESEARCHÂ,PLAINSBOROÂ,5/31/05,47Â
UNITED WIRE HANGERÂ,HASBROUCK HTS.Â,8/5/05Â,169Â
FIFTH ROCÂ,MORRISTOWNÂ,8/31/05Â,225Â
P.F. LABORATORIESÂ,TOTOWA/W. PATERSONÂ,8/25/05Â,132Â
ENGLEHARDÂ,CARTERETÂ,8/23/05Â,126Â
BERNARD CHAUSÂ,SECAUCUSÂ,8/31/05Â,66Â
CAPGEMINI AMERICAÂ,SECAUCUSÂ,7/31/05Â,133Â
AKER KVAERNERÂ,BRIDGEWATERÂ,9/6/05Â,24Â
LIBERTY SCIENCE CNTR.Â,JERSEY CITYÂ,9/5/05Â,85Â
PFIÂ,EDISONÂ,7/15/05Â,401Â
GOOD TIMES ENT.Â,JERSEY CITYÂ,9/18/05Â,320Â
SAICÂ,PISCATAWAYÂ,9/18/05Â,64Â
GUSMERÂ,LAKEWOODÂ,10/3/05Â,66Â
FIBERMARKÂ,MILFORD/BLOOMSBURYÂ,9/26/05Â,101Â
POPULAR CLUB PLANÂ,GARFIELDÂ,9/27/05Â,14Â
DSM NUTRITIONAL,BELVIDERE,10/4/05,180
CLASSAIC SANITATION,JERSEY CITY,10/4/05,61
GLASS GROUP,WILLIAMSTOWN,8/31/05,145
GLASS GROUP,MAYS LANDING,8/31/05,145
GLASS GROUP,MILLVILLE,8/31/05,600
FBN N.J. HOLDINGS,EWING,9/30/05,183
SOLECTRON,LUMBERTON,2/28/05,119
INTERSTATE BRANDS,STATEWIDE,11/12/05,59
PRUDENTIAL FINANCIAL,HOLMDEL,9/12/05,48
SAINT-GOBAIN CONTAINERS,CARTERET,12/10/05,200
LENOX CHINA,POMONA,11/14/05,285
GETRONICS,WAYNE,11/15/05,4
P.F. LABORATORIES,TOTOWA/W. PATERSON,11/16/05,38
VIRGIN ATLANTIC AIRWAYS,NEWARK,11/25/05,42
KULLMAN INDUSTRIES,LEBANON,9/30/05,Â
MEADWESTVACO,PINE BROOK,11/27/05,133
SKYLINE PORT NEWARK,LINDEN,11/25/05,73
DEGUSSA,PARSIPPANY,11/30/05,58
NJ PORCELAIN COMPANY,TRENTON,11/25/05,34
OâCONNORSÂ,WATCHUNGÂ,12/23/05,Â Â
FUJICOLOR PHOTO,HACKENSACK,12/11/05,169
ST. BARNABAS HEALTH,IRVINGTON,12/16/05,485
BANCROFT NEUROHEALTH,CHERRY HILL,12/18/05,15
ARAMARK HEALTHCARE,PASSAIC,12/31/05,  61
ARAMARK HEALTHCARE,PASSAIC,12/31/05,91
AXA EQUITABLE,SECAUCUS,1/2/06,58
SANTA’S BEST,VINELAND/MILLVILLE,12/31/05,89
VALUE CITY,PARAMUS,1/7/06,139
CENTRAL PARKING,ATLANTIC CITY,1/15/06,98
RCN TELECOM SERVICES,PRINCETON,1/13/06,115
METRO ONE,SECAUCUS,1/9/06,150
TD WATERHOUSE,JERSEY CITY,1/31/06,3
ABLE LABORATORIES,STATEWIDE,12/31/05,Â
PFIZER,PARSIPPANY,3/20/06,Â
FORMAN MILLS,TOTOWA,2/15/06,65
INSERVE SUPPORT,SADDLE RIVER,12/31/05,7
AEGIS CORRESPONDENT,TOMS RIVER,Â,23
INTERBAKE FOODS,ELIZABETH,3/1/06,119
PNC FINANCIAL,BRIDGEWATER,3/19/04,131
PNC FINANCIAL,PHILLIPSBURG,3/19/04,63
L’OREAL USA,NO. BRUNSWICK,3/31/04,95
MEDIQ,PENNSAUKEN,4/2/04,150
SI BANK & TRUST,HOWELL,4/2/04,11
BLIS TECH,FAIRFIELD,4/16/04,91
KENNETH COLE,SECAUCUS,4/24/04,134
SIB MORTGAGE,BRANCHBURG,4/30/04,93
JOHNSON & JOHNSON,NO. BRUNSWICK,4/30/04,488
MISSA BAY,SWEDESBORO,4/26/04,100
LIBERTY MUTUAL,HOLMDEL,4/30/04,37
GOODRICH,ENGLEWOOD,5/8/04,120
BIFLEX,MOONACHIE,5/8/04,105
INFORMATION RES,FAIRFIELD,9/30/04,11
SIERRA MILITARY HEALTH,STATEWIDE,7/23/04,9
ULINE,DAYTON,5/28/04,80
ALLIANCE DATA,VOORHEES,5/19/04,68
LINDEN MOTOR FREIGHT,LINDEN,5/24/04,91
SIEMENS MED. SOLUTION,ISELIN,5/31/04,50
FOOTSTAR,MAHWAH,5/31/04,108
EPSTEIN’S,MORRISTOWN,6/20/04,145
JOHNSON & JOHNSON,BRIDGEPORT,6/19/04,96
ORGANON,WEST ORANGE,6/15/04,157
DEL MONTE FOODS,SWEDESBORO,6/25/04,50
DUPONT,DEEPWATER,6/30/04,43
GLAXO SMITH KLINE,PISCATAWAY,7/30/04,133
DOW CHEMICAL,BOUND BROOK,6/30/04,60
HEALTH NET,NEPTUNE,7/6/04,105
PTEK HOLDINGS,WAYNE,7/1/04,37
NORVERGENCE,NEWARK,2/24/04,358
NORVERGENCE,NEWARK,4/30/04,86
NORVERGENCE,NEWARK,5/7/04,90
SHORE MEMORIAL,SOMERS POINT,7/21/04,140
HUNTSMAN POLYURETHANE,WEST DEPTFORD,7/31/04,
MATTEL,MT. LAUREL,7/31/04,106
BOC GASES,LEBANON,7/31/04,93
BAXTER HEALTHCARE,NO. BRUNSWICK,7/30/04,42
PURDUE PHARMA,CRANBURY,6/16/04,66
MEDCO HEALTH SOLUTION,PARSIPPANY,8/17/04,461
MEDCO HEALTH,PARSIPPANY,8/17/04,246
NORVERGENCE,NEWARK,6/24/04,140
PUERTO RICAN ACTION BD.,NEW BRUNSWICK,8/30/04,50
RIVERIA TRADING,SECAUCUS,7/2/04,60
UNICCO SERVICE CO.,EAST RUTHERFORD,8/20/04,429
BROWN & WILLIAMSON,BRIDGEWATER,8/31/04,62
BROWN & WILLIAMSON,PRINCETON,8/31/04,58
QUALEX,FAIR LAWN,8/29/04,230
NJ ACD. FOR AQUATIC SCI.,CAMDEN,9/7/04,246
NORVERGENCE,NEWARK/JERSEY CITY,6/30/04,800
GENERAL MILLS,SWEDESBORO,7/13/04,105
SHARP CORPORATION,WEST CALDWELL,9/8/04,250
BREUNERS HOME FURN.,LINDEN,7/12/04,173
PERMACEL,NORTH BRUNSWICK,9/20/04,149
CHEF SOLUTIONS,BURLINGTON,9/30/04,75
GUIDANT SALES,MARLTON,9/27/04,1
SUNGARD POWERPARTNER,MT. LAUREL,7/7/04,61
ST. IVES BURRUPS,MARLTON,10/4/04,55
LEISURE TIME TOURS,PARAMUS,10/2/04,164
CC&P,WEST PATERSON,10/1/04,50
SETON COMPANY,NEWARK,10/8/04,96
JOHNSON & JOHNSON,SKILLMAN,10/22/04,109
APL LOGISTICS,MONROE,10/1/04,187
PRESSMAN TOY,NEW BRUNSWICK,11/30/04,130
FUJITSU NETWORK,SWEDESBORO,10/22/04,93
DALLAS AIRMOTIVE,MILLVILLE,11/30/04,240
VERIZON WIRELESS,MORRISTOWN,11/30/04,195
ALCAN PACKAGING,MAYS LANDING,9/12/04,134
ETIENNE AIGNER,EDISON,11/7/04,67
BRISTOL MEYERS SQUIBB,PLAINSBORO,11/22/04,500
CINGULAR WIRELESS,WOODBRIDGE,11/30/04,387
GENPAK,CEDAR GROVE,12/16/04,60
POPULAR CLUB PLAN,GARFIELD,12/13/04,75
SIMMONS MANUFACTURING,PISCATAWAY,12/20/04,99
SCHNABEL ENGINEERING,NEW BRUNSWICK,12/31/04,13
CHARLES SCHWAB,JERSEY CITY,11/1/04,131
ETS,LAWRENCE TWP.,12/31/04,254
LANTIS EYEWEAR,SECAUCUS,12/27/04,91
CROTHALL SERVICES,NUTLEY,1/15/05,119
NEXPAK,SO. HACKENSACK,2/14/05,102
PURDUE PHARMA,CRANBURY,1/19/05,36
BRISTOL MYERS SQUIBB,PLAINSBORO,1/1/05,2
NY WATERWAY,STATEWIDE,1/15/05,313
BASF,JAMESBURG,4/29/05,74
SERTA MATTRESS,LINDEN,1/4/05,92
NEIGHBORCARE,MOORESTOWN,2/1/05,101
VERIZON WIRELESS,MOORESTOWN,1/31/05,37
CHUBB & SON,STATEWIDE,1/4/05,261
MACY’S,PARAMUS,2/23/05,210
LSG SKY CHEFS,NEWARK,1/13/05,149
VERIZON WIRELESS,MORRISTOWN,1/15/05,20
LIZ CLAIBORNE,SECAUCUS,1/15/05,165
CHUBB & SON,STATEWIDE,2/1/05,28
RUTHERFORD MACHINERY,E. RUTHERFORD,3/4/05,86
JOHNSON CONTROLS,DAYTON,2/7/05,82
GENERAL MOTORS,LINDEN,2/7/05,950
CENDANT,PARSIPPANY,3/1/05,32
PERFORMANCE TRANS.,LINDEN,2/28/05,97
SANOFI-AVENTIS,BRIDGEWATER,12/15/04,689
UNIVERSAL FOLDING BOX,HOBOKEN,1/31/05,-
