Company,Location,Layoff Start Date,# of Workers,Closure Layoff,Type of Layoff,Received Date
Aviation Technical Services,Everett,6/4/2020,142,Layoff,Permanent,6/2/2020
WHC Payroll Co Sheraton Grand Seattle,Seattle,3/21/2020,503,Layoff,Temporary,6/1/2020
"Coast Wenatchee, LLC",Wenatchee,6/1/2020,58,Layoff,Permanent,6/1/2020
WHC Payroll Company / W Seattle,Seattle,3/21/2020,203,Layoff,Temporary,6/1/2020
"Marriott International Inc., dba Seattle Marriott Waterfront",Seattle,3/21/2020,166,Layoff,Temporary,6/1/2020
"Marriott Hotel Services, Inc., dba Seattle Marriott Bellevue",Bellevue,3/21/2020,129,Layoff,Temporary,6/1/2020
Hyatt Corporation / Thompson Seattle,Seattle,6/1/2020,49,Layoff,Temporary,5/29/2020
Hyatt Corporation / Thompson Seattle,Seattle,6/1/2020,50,Layoff,Permanent,5/29/2020
"Loews Seattle Operating Company, LLC",Seattle,5/27/2020,12,Layoff,Permanent,5/29/2020
"Loews Seattle Operating Company, LLC",Seattle,5/27/2020,55,Layoff,Temporary,5/29/2020
Happy Guests International d/b/a Salty's,"Seattle, Des Moines",3/15/2020,282,Layoff,Temporary,5/29/2020
Saint-Gobain,Puyallup,6/30/2020,96,Closure,Permanent,5/28/2020
Service Labs Inc. dba Pro.com,Seattle,5/22/2020,52,Layoff,Permanent,5/27/2020
Holland America Line NV,Seattle,6/2/2020,583,Layoff,Permanent,5/27/2020
Princess Cruise Lines Ltd,Seattle,6/2/2020,122,Layoff,Permanent,5/27/2020
Hyatt Corporation / Hyatt Regency Seattle,Seattle,5/31/2020,106,Layoff,Permanent,5/27/2020
Hyatt Corporation / Hyatt Regency Seattle,Seattle,5/31/2020,276,Layoff,Temporary,5/27/2020
Hyatt Corporation / Grand Hyatt Seattle,Seattle,5/30/2020,152,Layoff,Temporary,5/27/2020
Hyatt Corporation / Grand Hyatt Seattle,Seattle,5/30/2020,44,Layoff,Permanent,5/27/2020
Hyatt Corporation / Hyatt at Olive 8,Seattle,5/29/2020,123,Layoff,Temporary,5/27/2020
Hyatt Corporation / Hyatt at Olive 8,Seattle,5/29/2020,29,Layoff,Permanent,5/27/2020
"Gate Gourmet, Inc",Seattle,5/20/2020,207,Layoff,Permanent,5/20/2020
YMCA of Greater Seattle,Seattle,5/9/2020,122,Layoff,Temporary,5/19/2020
Renaissance Seattle Hotel,Seattle,6/1/2020,190,Layoff,Permanent,5/19/2020
"WeDriveU, Inc",Renton and Mukilteo,5/15/2020,73,Closure,Permanent,5/15/2020
Saalex Solutions Inc,Keyport,7/31/2020,51,Layoff,Permanent,5/15/2020
"Flying Food Group, LLC",Seattle,4/17/2020,153,Layoff,Permanent,5/14/2020
Electro Rent Corporation,Redmond,5/13/2020,1,Layoff,Temporary,5/13/2020
"Crest Logistics, LLC","Burbank, WA",5/11/2020,68,Closure,Permanent,5/11/2020
Cox Automotive,Kent,5/17/2020,123,Layoff,Temporary,5/11/2020
Lee Johnson Auto Family,"Everett, Kirkland, and Monroe",3/30/2020,169,Layoff,Temporary,5/8/2020
"Visionworks, Inc","Spokane, Vancouver, and Renton",4/4/2020,28,Layoff,Temporary,5/7/2020
"HDI Landing Gear USA, Inc",Everett,5/5/2020,3,Layoff,Permanent,5/5/2020
"Crescent Hotels & Resorts, LLC",Bellevue,3/11/2020,42,Layoff,Temporary,5/4/2020
"Cosmo Specialty Fibers, Inc",Cosmopolis,5/1/2020,132,Layoff,Temporary,5/1/2020
Regal Cinemas,Mountlake Terrace,3/16/2020,84,Layoff,Temporary,4/29/2020
Karcher North America,Camas,5/29/2020,95,Closure,Permanent,4/29/2020
IVI Hotel Management of Washington,Various locations in Washington,3/20/2020,337,Layoff,Permanent,4/29/2020
IVI Hotel Management of Washington,Various locations in Washington,3/20/2020,20,Layoff,Temporary,4/29/2020
Alcoa Intalco Works,Ferndale,6/21/2020,700,Layoff,Permanent,4/29/2020
The Hertz Corporation,Seattle,4/14/2020,111,Layoff,Permanent,4/28/2020
"Magic Leap, Inc",Seattle,6/21/2020,39,Closure,Permanent,4/27/2020
"Northwest Aerospace Technologies, Inc",Everett,4/24/2020,10,Layoff,Permanent,4/24/2020
"Safran Cabin Bellingham, Inc",Bellingham,4/23/2020,205,Layoff,Permanent,4/23/2020
"Hard Rock Cafe International STP, Inc",Seattle,4/13/2020,62,Layoff,Temporary,4/22/2020
Seattle Tennis Club,Seattle,5/1/2020,112,Layoff,Temporary,4/21/2020
Hexcel Corporation,Kent,4/20/2020,160,Layoff,Permanent,4/20/2020
Hexcel Corporation,Burlington,4/20/2020,128,Layoff,Permanent,4/20/2020
"G2 Secure Staff, LLC",Seattle,3/27/2020,232,Layoff,Temporary,4/17/2020
"IKO Pacific, Inc",Sumas,4/6/2020,37,Layoff,Temporary,4/17/2020
"Pier 1 Imports, Inc",DuPont,6/1/2020,49,Closure,Permanent,4/15/2020
"Guess, Inc",Tulalip,4/2/2020,30,Layoff,Temporary,4/14/2020
FS US Services Limited,Seattle,4/13/2020,2,Layoff,Permanent,4/14/2020
"PSF Mechanical, Inc",Seattle,3/25/2020,124,Layoff,Temporary,4/13/2020
"Leggett & Platt, Inc",Kirkland,4/13/2020,50,Layoff,Temporary,4/13/2020
"Warwick Corp, dba Warwick Seattle Hotel",Seattle,4/6/2020,106,Layoff,Temporary,4/13/2020
"Soundair Repair Group, LLC",Snohomish,4/12/2020,51,Layoff,Temporary,4/10/2020
Spokane Eye Clinic,Spokane,3/23/2020,294,Layoff,Temporary,4/10/2020
"Integrated Technologies, Inc dba LMI Aerospace",Everett,4/13/2020,25,Layoff,Temporary,4/10/2020
"Leonard's Metal Inc, dba LMI Aerospace",Auburn,4/13/2020,74,Layoff,Temporary,4/10/2020
Prospect International Airport Services Corp,Seattle,3/21/2020,125,Layoff,Temporary,4/9/2020
Oki Developments Inc,Various locations in Washington,3/17/2020,416,Layoff,Temporary,4/9/2020
"Toray Composite Materials America, Inc",Tacoma,4/9/2020,361,Layoff,Temporary,4/9/2020
"Superior Linen Service, Inc",,4/9/2020,57,Layoff,Temporary,4/9/2020
Tool Gauge and Machine Works,Tacoma,4/16/2020,1,Layoff,Temporary,4/9/2020
Pacific Northwest Ballet,Seattle,4/6/2020,733,Layoff,Temporary,4/9/2020
VSPOne Olympia,Lacey,4/10/2020,78,Layoff,Temporary,4/9/2020
Olympic Sports & Spine,King and Pierce Counties,4/13/2020,100,Layoff,Temporary,4/9/2020
Sellen Construction,Seattle,4/8/2020,262,Layoff,Temporary,4/8/2020
Suit Supply (USA),Bellevue,3/29/2020,18,Layoff,Temporary,4/8/2020
"Avis Budget Car Rental, LLC","Seattle, Tukwila",3/10/2020,173,Layoff,Temporary,4/8/2020
"Renaissance Marine Group, Inc",Clarkston,4/13/2020,97,Layoff,Temporary,4/8/2020
"Foushee and Associates Company, Inc",Bellevue,4/8/2020,83,Layoff,Temporary,4/8/2020
Seattle Goodwill Industries,Western Washington,4/3/2020,2192,Layoff,Temporary,4/8/2020
Spokane Industries,Spokane Valley,4/8/2020,113,Layoff,Temporary,4/7/2020
YMCA of Greater Seattle,Seattle,3/28/2020,2222,Layoff,Temporary,4/7/2020
"Cinemark USA, Inc","Federal Way, Olympia, Tacoma, Walla Walla, and Bellevue",3/26/2020,303,Closure,Permanent,4/7/2020
"Northwest Aerospace Technologies, Inc",Everett,4/6/2020,92,Layoff,Temporary,4/6/2020
"Universal Aerospace Co, Inc",Arlington,3/27/2020,150,Layoff,Temporary,4/3/2020
"Pac-12 Enterprises, dba Pac-12 Networks","Seattle, Pullman",3/14/2020,531,Layoff,Temporary,4/3/2020
"Riverence Brood, LLC",Rochester,4/3/2020,5,Layoff,Temporary,4/3/2020
Wendle Motors Incorporated,Spokane,3/20/2020,59,Layoff,Temporary,4/2/2020
Rover.com,Seattle,4/1/2020,163,Layoff,Permanent,4/2/2020
"Western Tile & Marble Contractors, Inc",Redmond,3/26/2020,157,Layoff,Temporary,4/2/2020
King & Prince Seafood,Bellingham,4/6/2020,31,Layoff,Temporary,4/1/2020
Open Square LLC,Seattle,4/1/2020,70,Layoff,Temporary,4/1/2020
Rebound Orthopedics & Neurosurgery,Vancouver,2/25/2020,163,Layoff,Temporary,4/1/2020
Bethlehem Construction,Cashmere,3/25/2020,67,Layoff,Temporary,3/31/2020
"Northwest Aerospace Technologies, Inc",Everett,3/30/2020,73,Layoff,Permanent,3/31/2020
"Eye Associates Northwest, PC","Seattle, Kirkland",3/21/2020,106,Layoff,Temporary,3/31/2020
YMCA of Snohomish County,Everett,3/30/2020,38,Layoff,Temporary,3/31/2020
"ALSCO, Inc",Kent,3/23/2020,84,Layoff,Temporary,3/30/2020
"Collegiate Hotel Group, LLC",Seattle,3/16/2020,45,Layoff,Temporary,3/30/2020
RL Hotel Olympia,Olympia,3/12/2020,35,Layoff,Temporary,3/30/2020
"Big Al's, Inc",Vancouver,3/18/2020,117,Layoff,Temporary,3/30/2020
Paper Source,"Seattle, Bellevue",3/29/2020,52,Layoff,Temporary,3/30/2020
"Kirkland Automotive Holdings I, LLC",Kirkland,3/25/2020,46,Layoff,Temporary,3/30/2020
"Kirkland Automotive Holdings II, LLC",Kirkland,3/25/2020,75,Layoff,Temporary,3/30/2020
"Gee Automotive Liberty Lake, LLC",Liberty Lake,3/25/2020,97,Layoff,Temporary,3/30/2020
"Ahern Rentals, Inc","Arlington, Fife",3/30/2020,2,Layoff,Permanent,3/30/2020
"365 Hospitality Associates, LLC",Seattle,3/16/2020,84,Layoff,Temporary,3/27/2020
"National Products, Inc",Seattle,3/27/2020,169,Layoff,Permanent,3/27/2020
King & Prince Seafood,Redmond,3/30/2020,116,Layoff,Temporary,3/27/2020
Electronic Recyclers International Inc,Sumner,3/23/2020,15,Layoff,Temporary,3/27/2020
"Earl's Restaurants USA, Inc",Bellevue,3/25/2020,114,Layoff,Permanent,3/26/2020
YMCA of the Inland Northwest,Spokane,3/29/2020,509,Layoff,Temporary,3/26/2020
"Contemporary Home Services, Inc",Auburn,3/26/2020,124,Layoff,Permanent,3/26/2020
SHG Hotel SPE LLC,Seattle,3/18/2020,310,Layoff,Temporary,3/26/2020
Ascend Hospitality Group,"Everett, Tukwila, Tacoma, Bellevue, Seattle",3/12/2020,401,Layoff,Temporary,3/26/2020
Quarry Tile Company,Spokane,3/25/2020,116,Layoff,Temporary,3/25/2020
Pineapple Hospitality Company,Seattle,3/15/2020,156,Layoff,Temporary,3/25/2020
HMSHost,Spokane,3/18/2020,71,Layoff,Temporary,3/24/2020
HMSHost,SeaTac,3/18/2020,354,Layoff,Temporary,3/24/2020
Four Points by Sheraton,Des Moines,3/23/2020,60,Layoff,Temporary,3/24/2020
"onni Properties, LLC",Seattle,3/31/2020,7,Layoff,Permanent,3/24/2020
Leafly Holdings Inc,Seattle,3/23/2020,71,Layoff,Permanent,3/23/2020
"Westport, LLC","Westport, Port Angeles, Seattle",3/23/2020,335,Layoff,Permanent,3/23/2020
Edgewater Hotel,Seattle,3/22/2020,227,Layoff,Temporary,3/23/2020
"Feast Restaurants, LLC","Wenatchee, Spokane, Sunnyside",3/17/2020,147,Layoff,Temporary,3/20/2020
Service Linen,Renton,3/20/2020,106,Layoff,Temporary,3/20/2020
Harbor Foodservice of Seattle LLC,Kent,3/22/2020,200,Layoff,Temporary,3/20/2020
Crowne Plaza,Seattle,3/19/2020,70,Layoff,Temporary,3/19/2020
Schwartz Brothers Restaurants,"Seattle, Bellevue",3/11/2020,297,Layoff,Temporary,3/18/2020
"Elmer's Restaurants, Inc","Vancouver, Tacoma, Poulsbo",3/17/2020,83,Layoff,Temporary,3/18/2020
Amentum,Whidbey Island,5/12/2020,13,Layoff,Permanent,3/13/2020
Oakwood Worldwide (US) LP,Tukwila,5/4/2020,8,Layoff,Permanent,3/5/2020
"Compass Airlines, LLC","Seattle, WA",5/1/2020,197,Closure,Permanent,3/4/2020
"Expedia, Inc.","Seattle, Bellevue",5/1/2020,442,Layoff,Permanent,2/27/2020
Saalex Solutions Inc,Keyport,4/30/2020,59,Layoff,Permanent,2/25/2020
Dash Delivery LLC,King and Snohomish Counties,4/23/2020,106,Closure,Permanent,2/24/2020
"Transportation Brokerage Specialists, Inc","King, Pierce, and Snohomish Counties",4/16/2020,230,Layoff,Permanent,2/18/2020
Delivery Force,King and Snohomish Counties,4/16/2020,272,Layoff,Permanent,2/14/2020
Senior Aerospace AMT,Arlington,4/7/2020,72,Layoff,Permanent,2/4/2020
Dynacraft,Algona,5/1/2020,140,Closure,Permanent,2/4/2020
Oakwood Worldwide (US) LP,Tukwila,3/30/2020,8,Layoff,Permanent,1/29/2020
Comcast,Puyallup,4/3/2020,52,Closure,Permanent,1/21/2020
AECOM,Pacific Beach and Whidbey Island,3/14/2020,11,Layoff,Permanent,1/17/2020
Astria Regional Medical Center,Yakima,1/13/2020,463,Closure,Permanent,1/8/2020
"Zume, Inc",Seattle,3/13/2020,78,Closure,Permanent,1/8/2020
Macy's,Burlington,3/17/2020,114,Closure,Permanent,1/6/2020
Seattle Times - North Creek,Bothell,3/2/2020,42,Closure,Permanent,12/31/2019
"Northwestern Industries, Inc",Seattle,2/28/2020,133,Closure,Permanent,12/30/2019
"VICIS, Inc",Seattle,12/20/2019,84,Layoff,Permanent,12/30/2019
Macy's,Seattle,2/16/2020,236,Closure,Permanent,12/17/2019
"Vanguard Int'l Group, dba Pride Packing Co LLC",Wapato,1/31/2020,201,Closure,Permanent,12/17/2019
CEVA Logistics,Auburn,2/28/2020,13,Layoff,Permanent,11/22/2019
Honeywell Aerospace,Renton,1/24/2020,82,Closure,Permanent,11/18/2019
Ida Culver House Broadview,Seattle,1/5/2020,148,Layoff,Permanent,11/7/2019
"Merchant e-Solutions, Inc",Spokane Valley,1/8/2020,71,Closure,Permanent,11/6/2019
CXT / LB Foster Company,Spokane,12/31/2019,77,Closure,Permanent,11/4/2019
Clarisonic (aka Pacific Bioscience Laboratories and Pacific Bioscience Laboratories Products Inc),Redmond,12/31/2019,92,Closure,Permanent,10/29/2019
"MV Transportation, Inc",Spokane Valley,12/31/2019,59,Closure,Permanent,10/29/2019
Oakwood Worldwide (US) LP,Tukwila,12/30/2019,7,Layoff,Permanent,10/29/2019
Backflip Studios,Renton,12/23/2019,1,Closure,Permanent,10/23/2019
Applus Technologies Inc,Statewide,12/31/2019,118,Layoff,Permanent,10/23/2019
School Specialty Inc / Premier Agendas LLC,Bellingham,12/31/2019,40,Closure,Permanent,10/15/2019
Zirkle Fruit Company,Prosser,12/6/2019,164,Layoff,Permanent,10/11/2019
Katerra,Seattle,10/9/2019,58,Layoff,Permanent,10/10/2019
FleetPride,Tacoma,12/6/2019,7,Closure,Permanent,10/7/2019
Wyndham Vacation Clubs,Redmond,12/6/2019,103,Closure,Permanent,10/3/2019
CHI Franciscan Health,Burien,12/31/2019,86,Closure,Permanent,9/30/2019
Trident Seafoods Corporation,Seattle,11/15/2019,63,Closure,Permanent,9/16/2019
Food Services of America,Kent,10/14/2019,200,Closure,Permanent,9/13/2019
Northwest Hardwoods,Mount Vernon,11/11/2019,66,Layoff,Permanent,9/12/2019
Univar Solutions,Redmond,11/15/2019,65,Layoff,Permanent,9/11/2019
Premier XD,Everett,9/11/2019,99,Closure,Permanent,9/11/2019
Premier XD,Everett,9/11/2019,7,Closure,Permanent,9/11/2019
"Transdev Services, Inc",Kent,10/31/2019,340,Layoff,Permanent,9/3/2019
Brinderson,Anacortes,9/5/2019,61,Closure,Permanent,8/29/2019
First Transit,Seattle,10/25/2019,86,Closure,Permanent,8/22/2019
Zirkle Fruit Company,Prosser,10/17/2019,95,Layoff,Permanent,8/16/2019
Nestle,Kent,10/18/2019,67,Closure,Permanent,8/16/2019
Conifer,Tacoma,11/15/2019,169,Closure,Permanent,8/14/2019
Seneca Foods Corporation,Yakima,10/5/2019,300,Closure,Permanent,8/6/2019
United Natural Foods/SUPERVALU,Tacoma,9/28/2019,280,Closure,Permanent,8/2/2019
AECOM,Pacific Beach and Whidbey Island,9/30/2019,10,Layoff,Permanent,7/31/2019
HMS Host,SeaTac,9/30/2019,21,Closure,Permanent,7/30/2019
Futurewei,Bellevue,9/23/2019,41,Closure,Permanent,7/23/2019
Salvation Army,Seattle,9/27/2019,58,Closure,Permanent,7/23/2019
Sky Chefs,Seattle,9/15/2019,49,Closure,Permanent,7/16/2019
"REC Silicon, Inc.",Moses Lake,7/15/2019,100,Closure,Temporary,7/16/2019
United Natural Foods/SUPERVALU,Auburn,9/8/2019,116,Closure,Permanent,7/15/2019
Community Psychiatric Clinic,Seattle,8/31/2019,26,Closure,Permanent,7/3/2019
Keiro Northwest,Seattle,10/1/2019,259,Closure,Permanent,6/28/2019
Capital One,Seattle,9/1/2019,146,Closure,Permanent,6/26/2019
Whole Foods Market,Vancouver,8/18/2019,121,Closure,Permanent,6/21/2019
Kindred Hospital,Seattle,8/9/2019,166,Closure,Permanent,6/13/2019
Nordstrom,Seattle,8/9/2019,167,Closure,Permanent,6/10/2019
Ostrom's Mushroom Farms,Olympia,8/5/2019,239,Closure,Permanent,6/3/2019
Teck,Metaline Falls,7/31/2019,210,Layoff,Temporary,5/30/2019
Macy's,Seattle,7/23/2019,134,Closure,Permanent,5/28/2019
"Security Industry Specialists, Inc.",Seattle,7/26/2019,1066,Layoff,Permanent,5/28/2019
idX West,Puyallup,6/14/2019,61,Closure,Permanent,4/16/2019
McKesson,Everett,6/7/2019,67,Closure,Permanent,4/3/2019
Web.com,Spokane,6/1/2019,64,Layoff,Permanent,3/29/2019
Walmart,"Vancouver, Washington",4/19/2019,80,Closure,Permanent,3/25/2019
"ABM Aviation, Inc.",SeaTac,5/13/2019,176,Layoff,Permanent,3/8/2019
Brooks,Sumner,5/3/2019,67,Closure,Permanent,3/5/2019
JCPenney,Seattle,5/3/2019,113,Closure,Permanent,3/1/2019
Lowes,KIRKLAND,4/27/2019,175,Closure,Permanent,2/27/2019
ArenaNet,Bellevue,3/1/2019,143,Layoff,Permanent,2/25/2019
"Legacy Fruit Packers, LLC",Wapato,2/6/2019,199,Closure,Permanent,2/6/2019
"Larson Orchard Management, Inc.",Selah,2/6/2019,807,Closure,Permanent,2/6/2019
"Valley Fruit III, LLC",Wapato,2/6/2019,1009,Closure,Permanent,2/6/2019
HMS Host,SeaTac,3/31/2019,202,Layoff,Permanent,2/1/2019
JELD WEN,Yakima,4/5/2019,179,Closure,Permanent,2/1/2019
Skagit Bank,Burlington,3/1/2019,60,Closure,Permanent,1/22/2019
Julep Beauty,"Seattle, Bellevue",12/19/2018,102,Closure,Permanent,12/21/2018
Employee Transportation Services,Everett and Renton,2/28/2019,75,Layoff,Permanent,12/18/2018
Thomson Reuters,Bellevue,2/8/2019,58,Closure,Permanent,12/6/2018
Providence,Lacey,2/25/2019,26,Closure,Permanent,12/3/2018
Tacoma News Tribune,Tacoma,2/3/2019,67,Layoff,Permanent,11/29/2018
QualChoice Health Plan Services,Federal Way,12/31/2018,164,Closure,Permanent,10/31/2018
ZymoGenetics,Seattle,12/31/2018,63,Closure,Permanent,10/31/2018
"Twin City Foods, Inc.",Stanwood,12/1/2018,65,Closure,Permanent,10/4/2018
Vertafore,Bothell,12/31/2018,53,Closure,Permanent,9/21/2018
State Farm,Tacoma,10/31/2018,269,Closure,Permanent,9/5/2018
Arvato,Yakima,9/28/2018,168,Closure,Permanent,7/12/2018
Conduent,Federal Way,7/31/2018,304,Closure,Permanent,6/1/2018
Wargaming (Seattle) Inc.,Redmond,7/22/2018,155,Closure,Permanent,5/24/2018
Menzies Aviation,SeaTac,7/8/2018,63,Layoff,Permanent,5/11/2018
Sears,Redmond,7/8/2018,68,Closure,Permanent,4/25/2018
Jorgensen Forge,Tukwila,6/18/2018,101,Closure,Permanent,4/20/2018
A.O. Smith,Renton,6/15/2018,57,Closure,Permanent,4/13/2018
Lionbridge,Vancouver,6/10/2018,119,Layoff,Permanent,4/6/2018
Flow International,Kent,6/30/2018,110,Closure,Permanent,3/29/2018
CHI Franciscan Health,Tacoma,5/27/2018,51,Closure,Permanent,3/20/2018
"Twin City Foods, Inc.",Stanwood,5/18/2018,92,Closure,Permanent,3/20/2018
Hitachi,Bellevue,5/1/2018,61,Closure,Permanent,3/2/2018
Pacific Seafood,Federal Way,4/30/2018,69,Closure,Permanent,2/26/2018
Marine View Beverage,Port Angeles,4/27/2018,5,Closure,Permanent,2/22/2018
Marine View Beverage,Poulsbo,4/27/2018,70,Closure,Permanent,2/22/2018
Marine View Beverage,Sumner,4/27/2018,138,Closure,Permanent,2/22/2018
Marine View Beverage,Sumner,4/27/2018,9,Closure,Permanent,2/22/2018
Marine View Beverage,Tumwater,4/27/2018,56,Closure,Permanent,2/22/2018
Cenveo Corporation,Kent,2/21/2018,62,Layoff,Permanent,2/21/2018
ASM Research,Lakewood,3/27/2018,7,Layoff,Permanent,2/1/2018
Georgia Pacific Corporation,Camas,5/1/2018,243,Closure,Permanent,1/30/2018
Sam's Club,Auburn,3/16/2018,168,Closure,Permanent,1/11/2018
Sam's Club,Renton,3/16/2018,179,Closure,Permanent,1/11/2018
Sam's Club,Seattle,3/16/2018,148,Closure,Permanent,1/11/2018
Northrop Grumman,Lakewood,1/12/2018,43,Closure,Permanent,11/14/2017
"ABM Aviation, Inc.",SeaTac,1/1/2018,171,Closure,Permanent,11/9/2017
Zenith Education Group,Everett,1/8/2018,29,Layoff,Permanent,11/7/2017
Zenith Education Group,Tacoma,1/8/2018,45,Layoff,Permanent,11/7/2017
Boeing,Puget Sound Area,1/1/2018,2,Layoff,Permanent,11/2/2017
The Hacker Group,Seattle,12/31/2017,17,Layoff,Permanent,11/1/2017
The Hacker Group,Seattle,12/4/2017,65,Layoff,Permanent,10/31/2017
"Northwest Trustee Services, Inc.",Bellevue,12/12/2017,25,Layoff,Permanent,10/13/2017
"Foreclosure Expeditors Initiators, LLC",Bellevue,12/12/2017,4,Layoff,Permanent,10/13/2017
"RCO Legal, PS",Bellevue,12/12/2017,12,Layoff,Permanent,10/13/2017
"Realty in Motion, LLC",Bellevue,12/12/2017,27,Layoff,Permanent,10/13/2017
Providence Medical Center,Everett,12/8/2017,62,Layoff,Permanent,10/10/2017
"Associated Materials, Inc.",Bothell,11/27/2017,87,Closure,Permanent,9/26/2017
Boeing,Puget Sound Area,11/17/2017,18,Layoff,Permanent,9/18/2017
Boeing,Puget Sound Area,10/20/2017,74,Layoff,Permanent,8/24/2017
Wells Fargo Home Mortgage Servicing,Vancouver,10/9/2017,72,Closure,Permanent,8/10/2017
Boeing,Puget Sound,9/22/2017,220,Layoff,Permanent,7/27/2017
APM Terminals,Tacoma,9/22/2017,12,Closure,Permanent,7/25/2017
Le Eco,Bellevue,9/18/2017,25,Closure,Permanent,7/24/2017
Vertafore,"Bothell, WA",10/1/2017,121,Layoff,Permanent,7/17/2017
"KIK Tacoma, Inc.","Tacoma, WA",8/11/2017,20,Closure,Permanent,7/12/2017
Boeing,Puget Sound Area,8/25/2017,89,Layoff,Permanent,6/30/2017
K-Mart,Tacoma,9/10/2017,67,Closure,Permanent,6/29/2017
Adventist Health,Walla Walla,8/24/2017,371,Closure,Permanent,6/21/2017
Space Needle,Seattle,9/5/2017,153,Closure,Permanent,6/15/2017
Boeing,Puget Sound Area,7/21/2017,337,Layoff,Permanent,5/23/2017
Electronic Arts Inc,"Seattle, WA",7/3/2017,45,Layoff,Permanent,5/8/2017
Boeing,Puget Sound Area,6/23/2017,580,Layoff,Permanent,5/8/2017
Spectrum Glass Company,Woodinville,6/30/2017,14,Closure,Permanent,5/1/2017
Railex,"Burbank, WA",6/30/2017,88,Layoff,Permanent,4/12/2017
Caradigm LLC,"Bellevue, WA",6/14/2017,39,Layoff,Permanent,4/12/2017
Ostrom's Mushroom Farms,Everson,6/1/2017,65,Layoff,Permanent,3/30/2017
Boeing,Puget Sound Area,5/19/2017,245,Layoff,Permanent,3/23/2017
"Nippon Paper Indsutries USA, Co. Ltd.",Port Angeles,3/6/2017,151,Layoff,Permanent,3/6/2017
Menzies Aviation,SeaTac,5/1/2017,949,Layoff,Permanent,3/3/2017
Harman (Harman International Industries),"Cheney, WA",5/4/2017,86,Closure,Permanent,3/2/2017
PeaceHealth,Various locations in Washington,4/30/2017,142,Layoff,Permanent,2/16/2017
Crown Resources Corporation/Echo Bay Minerals Company (KRB),Ferry and Okanogan Counties,4/10/2017,95,Closure,Permanent,2/10/2017
Hearth and Home Technologies,Colville,5/18/2017,90,Closure,Permanent,2/9/2017
BAE Systems,"Keyport, WA",3/31/2017,59,Layoff,Permanent,1/31/2017
Glu Mobile Washington Inc.,"Bellevue, WA",3/11/2017,58,Layoff,Permanent,1/10/2017
Macy's,Everett,3/6/2017,135,Closure,Permanent,1/5/2017
Voicebox Technologies Corporation,Bellevue,1/5/2017,115,Layoff,Permanent,1/5/2017
Spectrum Health Systems Inc,Nineteen locations across Washington State,12/31/2016,79,Closure,Permanent,1/3/2017
Seattle Sportservice Inc,Seattle,2/14/2017,761,Closure,Permanent,12/16/2016
Omak Wood Products,Omak,1/29/2017,217,Closure,Permanent,12/8/2016
Garco,Airway Heights,1/14/2017,112,Closure,Permanent,11/15/2016
Intel Corporation,DuPont,12/31/2016,77,Closure,Permanent,11/15/2016
"Ocean Beauty Seafoods, Inc",Seattle,12/30/2016,69,Closure,Permanent,10/31/2016
Hearthstone Cottages,Ellensburg,11/30/2016,48,Closure,Permanent,10/31/2016
Hearthstone Cottages,East Wenatchee,11/30/2016,36,Closure,Permanent,10/31/2016
Colonial Vista Retirement Centers,Wenatchee,11/30/2016,70,Closure,Permanent,10/31/2016
Colonial Vista Retirement Centers,Wenatchee,11/30/2016,149,Closure,Permanent,10/31/2016
"Healthy Options, LLC",Wenatchee,1/1/2017,66,Closure,Permanent,10/28/2016
"Healthways SC, LLC",Bellevue,12/31/2016,68,Closure,Permanent,10/18/2016
Boeing,Puget Sound,12/16/2016,56,Layoff,Permanent,10/18/2016
Jorgensen Forge,Tukwila,10/31/2016,111,Closure,Permanent,10/14/2016
"Hollander Investments, Inc.",Everett,12/5/2016,84,Layoff,Temporary,10/12/2016
"Capital One Investing, LLC",Seattle,10/1/2016,239,Layoff,Permanent,10/3/2016
Spectrum Glass Company,Woodinville,11/14/2016,7,Closure,Permanent,9/26/2016
L'Oreal USA,Redmond & Kent,11/21/2016,120,Layoff,Permanent,9/20/2016
Disney Social Games,Bellevue,12/20/2016,61,Closure,Permanent,9/14/2016
W.G. Cells,Bellevue,10/22/2016,64,Closure,Permanent,8/24/2016
Boeing,Puget Sound,10/21/2016,116,Layoff,Permanent,8/24/2016
Spectrum Glass Company,Woodinville,9/14/2016,6,Closure,Permanent,7/18/2016
Trading Company Stores,Cheney,9/10/2016,53,Closure,Permanent,7/13/2016
Trading Company Stores,Spokane Valley,9/10/2016,76,Closure,Permanent,7/13/2016
Trading Company Stores,Spokane,9/10/2016,83,Closure,Permanent,7/13/2016
Triumph Structures-Everett,Everett,9/30/2016,99,Closure,Permanent,7/11/2016
DCS Facility Services,Statewide,8/31/2016,220,Closure,Permanent,7/1/2016
Minerallac,Seattle,9/1/2016,9,Closure,Permanent,6/23/2016
Boeing,Puget Sound,8/19/2016,99,Layoff,Permanent,6/22/2016
Boeing,Puget Sound,7/22/2016,211,Layoff,Permanent,6/1/2016
Forever 21 Retail,Tacoma,6/22/2016,70,Closure,Permanent,5/25/2016
Olympic Panel Products,Shelton,7/22/2016,217,Closure,Permanent,5/23/2016
Broadspectrum,Anacortes,6/9/2016,57,Closure,Permanent,5/20/2016
Summit Management Company,Winlock,7/14/2016,3,Layoff,Permanent,5/18/2016
Spectrum Glass Company,Woodinville,7/14/2016,124,Closure,Permanent,5/18/2016
CRF Frozen Foods,Pasco,5/3/2016,250,Closure,Temporary,5/12/2016
Washington Closure Hanford,Richland,7/1/2016,435,Closure,Permanent,5/10/2016
Cablecraft Motion Controls,Tacoma,6/16/2016,38,Layoff,Permanent,4/21/2016
Cascade Valley Hospital & Clinics,Arlington,5/31/2016,418,Closure,Permanent,4/1/2016
Xerox Commercial Solutioins,Kent,5/31/2016,98,Layoff,Permanent,4/1/2016
Mycom North America,Redmond,3/31/2016,2,Closure,Permanent,3/22/2016
Wells Fargo Home Mortgage Servicing,Vancouver,4/3/2016,1,Layoff,Permanent,3/17/2016
Sterling Life Insurance Company,Bellingham,5/11/2016,55,Closure,Permanent,3/16/2016
Haggen Food & Pharmacy,Puyallup,5/10/2016,78,Closure,Permanent,3/11/2016
Haggen Food & Pharmacy,Port Angeles,5/10/2016,67,Closure,Permanent,3/11/2016
Haggen Food & Pharmacy,Federal Way,5/9/2016,71,Closure,Permanent,3/9/2016
Haggen Food & Pharmacy,Burien,5/9/2016,54,Closure,Permanent,3/9/2016
Locating Inc.,Lakewood,5/1/2016,60,Closure,Permanent,3/8/2016
Xerox Commercial Solutioins,Redmond,5/6/2016,325,Closure,Permanent,3/7/2016
Albertson's LLC,Bellingham,5/7/2016,65,Closure,Permanent,3/7/2016
University of Phoenix,Seattle,4/29/2016,4,Closure,Permanent,3/2/2016
"Apollo Education Group, Inc. (AEG)",Seattle,4/29/2016,72,Closure,Permanent,3/2/2016
Maslow Media Group,Seattle,4/30/2016,8,Closure,Permanent,2/26/2016
Concentrix,Bremerton,3/4/2016,520,Closure,Permanent,2/3/2016
Wells Fargo Home Mortgage Servicing,Vancouver,4/3/2016,59,Closure,Permanent,2/3/2016
Cardinal Health,Auburn,3/31/2016,59,Layoff,Permanent,2/1/2016
Haggen Food & Pharmacy,Puyallup,3/8/2016,87,Closure,Permanent,1/8/2016
Macy's,Spokane,3/14/2016,94,Closure,Permanent,1/7/2016
Hoquiam Plywood Products,Hoquiam,2/15/2016,90,Layoff,Temporary,12/18/2015
Omak Wood Products,Omak,2/12/2016,184,Closure,Permanent,12/15/2015
Aramark Sports & Entertainment,Seattle,12/31/2015,78,Closure,Permanent,12/10/2015
Management & Training Corporation,Sedro Woolley,1/31/2016,90,Closure,Permanent,12/2/2015
JACO Environmental,Bothell/Everett,11/23/2015,154,Layoff,Permanent,11/24/2015
Alcoa Intalco Works,Ferndale,1/18/2016,465,Layoff,Temporary,11/19/2015
Alcoa Inc.,Malaga,1/5/2016,415,Layoff,Temporary,11/9/2015
CH2M,Bellingham,12/7/2015,128,Closure,Permanent,10/20/2015
Graphic Packaging,Renton,12/3/2015,108,Closure,Permanent,10/8/2015
Haggen Food & Pharmacy,Statewide,11/24/2015,1073,Closure,Permanent,9/25/2015
CH2M,Bellingham,11/20/2015,128,Layoff,Permanent,9/23/2015
Red Lion Hotel,Vancouver,10/31/2015,82,Closure,Permanent,8/26/2015
HTC America,Bellevue,8/25/2015,85,Layoff,Permanent,8/24/2015
Boeing,Puget Sound,10/23/2015,39,Layoff,Permanent,8/24/2015
Interfor,Tacoma,8/24/2015,127,Closure,Permanent,8/24/2015
Haggen Food & Pharmacy,Spanaway,10/13/2015,62,Closure,Permanent,8/14/2015
HTC America,Bellevue,8/10/2015,23,Layoff,Permanent,8/10/2015
HTC America Innovation,Seattle,8/10/2015,24,Layoff,Permanent,8/10/2015
Boeing,Puget Sound,9/18/2015,172,Layoff,Permanent,7/22/2015
Mount Baker Vapor,Bellingham,9/15/2015,92,Closure,Permanent,7/13/2015
Sodexo,Snohomish,8/31/2015,63,Closure,Permanent,6/30/2015
Boeing,Puget Sound,8/21/2015,23,Layoff,Permanent,6/22/2015
Bags,Seattle,8/14/2015,190,Layoff,Permanent,6/17/2015
Boeing,Puget Sound,7/14/2015,18,Layoff,Permanent,6/11/2015
Interfor,Tacoma,5/22/2015,90,Layoff,Temporary,5/28/2015
Emeritus Senior Living,Seattle,6/24/2015,10,Layoff,Permanent,4/27/2015
Golden Nugget Tukwila Casino,Tukwila,6/26/2015,69,Closure,Permanent,4/27/2015
Simpson Lumber Company,Shelton,6/25/2015,275,Closure,Permanent,4/27/2015
Boeing,Puget Sound,6/19/2015,153,Layoff,Permanent,4/23/2015
Federal Home Loan Bank,Seattle,6/1/2015,109,Layoff,Permanent,4/2/2015
Triumph Composite Systems,Spokane,5/11/2015,25,Layoff,Permanent,3/9/2015
Valeant Pharmaceuticals,Seattle,2/23/2015,77,Layoff,Permanent,3/2/2015
"Ambassador Programs, Inc.",Spokane,4/27/2015,60,Layoff,Permanent,2/26/2015
Trulia,Bellevue,4/20/2015,157,Layoff,Permanent,2/26/2015
Boeing,Puget Sound,4/24/2015,319,Layoff,Permanent,2/26/2015
Emeritus Senior Living,"Seattle, WA",4/2/2015,41,Layoff,Permanent,2/3/2015
Great American Casino,Kent,3/15/2015,93,Closure,Permanent,1/26/2015
Bradken Foundry,Chehalis,3/16/2015,89,Closure,Permanent,1/15/2015
United Airlines,Seattle,3/7/2015,41,Closure,Permanent,1/7/2015
Group Health,Seattle,3/1/2015,15,Closure,Permanent,12/29/2014
Boeing,Puget Sound,1/23/2015,83,Layoff,Permanent,12/2/2014
United Airlines,Seattle,1/30/2015,264,Closure,Permanent,12/1/2014
Swiift Transportation,Pasco,1/30/2015,180,Layoff,Permanent,12/1/2014
Avamere Georgian House of Lakewood,Lakewood WA,1/16/2015,69,Closure,Permanent,11/12/2014
JCPenney,"Sumner, WA",1/16/2015,112,Closure,Permanent,11/12/2014
Nordstrom,Vancouver,1/10/2015,142,Closure,Permanent,10/31/2014
Group Health,Seattle,12/31/2014,102,Closure,Permanent,10/31/2014
Microsoft,Redmond,12/28/2014,635,Layoff,Permanent,10/30/2014
Amgen,Seattle,12/31/2014,274,Closure,Permanent,10/22/2014
Cobalt Mortgage,Kirkland,12/16/2014,10,Closure,Permanent,10/13/2014
"Metrie, Inc.",Monroe,11/27/2014,54,Closure,Permanent,10/9/2014
Emeritus Senior Living,"Seattle, WA",12/1/2014,29,Layoff,Permanent,10/6/2014
Hightail,Not Provided,9/17/2014,1,Layoff,Permanent,9/18/2014
Macro Technologies,Kirkland,11/21/2014,64,Layoff,Permanent,9/18/2014
Cobalt Mortgage,Kirkland,11/21/2014,148,Layoff,Permanent,9/18/2014
Microsoft,Redmond,11/17/2014,747,Layoff,Permanent,9/18/2014
Staples,Auburn,11/17/2014,50,Layoff,Permanent,9/17/2014
Niagara Bottling,"Burlington, WA",11/13/2014,73,Closure,Permanent,9/5/2014
Novo Nordisk,Seattle,11/3/2014,63,Layoff,Permanent,9/4/2014
JCPenney,Bellevue,11/1/2014,141,Closure,Permanent,9/3/2014
Boeing,Puget Sound,10/24/2014,70,Layoff,Permanent,8/25/2014
Employment Security Department,Statewide,10/15/2014,149,Layoff,Permanent,8/22/2014
G4S Government Solutions,"Bangor, Silverdale",9/30/2014,93,Closure,Temporary,8/12/2014
Emeritus Senior Living,"Seattle, WA",10/6/2014,6,Layoff,Permanent,8/6/2014
Elliott's Oyster House,"Seattle, WA",10/1/2014,200,Closure,Temporary,8/6/2014
Interfor,"Beaver & Forks, WA",7/31/2014,87,Closure,Permanent,8/1/2014
Boeing,Puget Sound,9/19/2014,95,Layoff,Permanent,7/21/2014
Microsoft,Redmond,9/15/2014,1351,Layoff,Permanent,7/17/2014
Waste Management,"Oak Harbor, WA",9/19/2014,125,Closure,Permanent,6/27/2014
CenturyLink,"Seattle, WA",8/11/2014,158,Closure,Permanent,6/11/2014
Eagle Marine Services,"Seattle, WA",7/31/2014,94,Closure,Permanent,6/3/2014
Emeritus Senior Living,"Seattle, WA",7/31/2014,4,Layoff,Permanent,5/29/2014
Eager Beaver Computers,"Spokane Valley, WA",6/30/2014,1,Closure,Permanent,5/5/2014
PerkinElmer,"Spokane, WA",6/27/2014,80,Closure,Permanent,5/2/2014
Express Scripts,"Liberty Lake, WA",6/29/2014,203,Closure,Permanent,4/29/2014
Chasing Fireflies,Seattle,5/1/2014,92,Layoff,Permanent,3/4/2014
Pepsi,Seattle,4/22/2014,52,Closure,Permanent,2/25/2014
Sears,Seattle,6/1/2014,13,Closure,Permanent,2/20/2014
Sears,"Seattle, WA",6/1/2014,66,Layoff,Permanent,2/20/2014
Boeing,Puget Sound,4/18/2014,79,Layoff,Permanent,2/18/2014
Zynga Inc.,Seattle,1/30/2014,52,Closure,Permanent,2/11/2014
N-Store Merchandising,"Statewide, WA",2/3/2014,35,Closure,Permanent,2/11/2014
Sprint,"Bellevue & Kirkland, WA",3/1/2014,91,Layoff,Permanent,2/11/2014
Boeing,Puget Sound,4/4/2014,9,Layoff,Permanent,2/3/2014
"Mettler-Toledo AutoChem, Inc.","Redmond, WA",6/30/2014,21,Closure,Permanent,1/24/2014
Boeing,Puget Sound,3/21/2014,8,Layoff,Permanent,1/21/2014
General Dynamics/Electric Boat,"Silverdale, WA",3/14/2014,29,Layoff,Permanent,1/17/2014
Oldcastle Building Envelope,Everett,3/12/2014,56,Closure,Permanent,1/13/2014
Boeing,Puget Sound,2/21/2014,11,Layoff,Permanent,12/23/2013
Transfield Services Rersource & Energy,"Ferndale, WA",12/31/2013,49,Closure,Permanent,12/10/2013
Boeing,Puget Sound,1/24/2014,71,Layoff,Permanent,11/25/2013
Berry Plastics Corporation,Kent,1/19/2014,118,Closure,Permanent,11/20/2013
Sprint,Bellevue,12/31/2013,17,Layoff,Permanent,11/18/2013
Boeing,Puget Sound,1/1/2014,39,Layoff,Permanent,11/6/2013
Electric Boat,Bremerton,1/3/2014,6,Layoff,Permanent,11/1/2013
Pacific Rail Services,Seattle,12/31/2013,75,Closure,Permanent,10/22/2013
Boeing,Puget Sound,12/13/2013,200,Layoff,Permanent,10/15/2013
Visiting Nurse Home Care,"Whatcom, County",11/30/2013,150,Closure,Permanent,10/1/2013
RockTenn,Renton,11/22/2013,58,Closure,Permanent,9/30/2013
Boeing,Puget Sound,11/22/2013,266,Layoff,Permanent,9/23/2013
Mike Campbell & Associates,Lacey,11/12/2013,76,Closure,Permanent,9/10/2013
Sprint,Bellevue & Kirkland,9/20/2013,161,Closure,Permanent,9/9/2013
RoadLink Workforce Solutions,Chehalis,9/15/2013,86,Closure,Permanent,9/3/2013
AREVA Federal Services LLC,Richland,7/31/2013,3,Layoff,Permanent,8/1/2013
Boeing,Puget Sound,9/27/2013,3,Layoff,Permanent,7/29/2013
Boeing,Puget Sound,9/20/2013,143,Layoff,Permanent,7/25/2013
Medical Center Pharmacy,Olympia,6/30/2013,4,Closure,Permanent,7/24/2013
Pacific Construction Systems,Bellevue,12/31/2013,103,Closure,Permanent,7/18/2013
Andrews International Inc.,Seattle,9/1/2013,35,Layoff,Permanent,7/15/2013
"Fluor Federal Services, Inc.",Richland,9/26/2013,150,Layoff,Permanent,7/8/2013
Boeing,Puget Sound,8/23/2013,266,Layoff,Permanent,6/25/2013
Zynga Inc.,Seattle,6/3/2013,2,Layoff,Permanent,6/7/2013
Boeing,Puget Sound,7/19/2013,253,Layoff,Permanent,5/21/2013
RoadLink Workforce Solutions,Chehalis,5/18/2013,150,Layoff,Permanent,5/16/2013
EPIC,Yakima County,5/31/2013,328,Layoff,Permanent,5/8/2013
Boeing,Puget Sound,6/21/2013,99,Layoff,Permanent,4/23/2013
Comprehensive Clinical Development NW,Tacoma,4/17/2013,43,Closure,Permanent,4/17/2013
Sargento,Bellingham,5/3/2013,34,Closure,Permanent,4/11/2013
First A.M.E. Child Development Center,Seattle,6/30/2013,45,Closure,Permanent,4/10/2013
Boeing,Puget Sound,6/7/2013,939,Layoff,Permanent,4/8/2013
"Sykes Enterprises, Incorporated",Spokane Valley,5/26/2013,148,Closure,Permanent,3/26/2013
"Semiahmoo Resort Company, LLC",Blaine,5/3/2013,107,Closure,Permanent,3/6/2013
Central Parking,Bellevue,2/28/2013,102,Closure,Permanent,2/21/2013
Levy Premium Foodservice LP,Seattle,2/26/2013,363,Closure,Permanent,1/30/2013
Briggs Nursery,Porter,1/25/2013,150,Closure,Permanent,1/28/2013
Katana Summit,Ephrata,12/31/2012,81,Closure,Permanent,1/18/2013
Kmart,Seattle,3/10/2013,85,Closure,Permanent,1/15/2013
American Suzuki Motor Corporation,Snohomish and Spokane Counties,3/14/2013,2,Closure,Permanent,1/14/2013
"Pacific Physicians' Laboratory, Inc.",Lynnwood,3/9/2013,59,Closure,Permanent,1/9/2013
Skookum,Ft. Lewis,2/28/2013,54,Layoff,Temporary,12/27/2012
Life Care Center of West Seattle,Seattle,1/31/2013,99,Closure,Permanent,12/20/2012
TriWest Healthcare Alliance Corporation,Pierce County,2/15/2013,127,Closure,Permanent,12/18/2012
TriWest Healthcare Alliance Corporation,Yakima,2/15/2013,1,Closure,Permanent,12/18/2012
TriWest Healthcare Alliance Corporation,Seattle,2/15/2013,1,Closure,Permanent,12/18/2012
TriWest Healthcare Alliance Corporation,Port Angeles,2/15/2013,2,Closure,Permanent,12/18/2012
TriWest Healthcare Alliance Corporation,Bremerton,2/15/2013,5,Closure,Permanent,12/18/2012
TriWest Healthcare Alliance Corporation,Everett,2/15/2013,2,Closure,Permanent,12/14/2012
TriWest Healthcare Alliance Corporation,Oak Harbor,2/15/2013,4,Closure,Permanent,12/14/2012
TriWest Healthcare Alliance Corporation,Fairchild AFB,2/15/2013,3,Closure,Permanent,12/14/2012
BAE Systems,Keyport,12/27/2012,57,Closure,Permanent,10/31/2012
"Semiahmoo Resort Company, LLC",Blaine,12/31/2012,224,Closure,Permanent,10/30/2012
"Clopay Building Products Company, Inc.",Auburn,1/25/2013,55,Closure,Permanent,10/25/2012
Draper Valley Holdings LLC,Renton,12/7/2012,66,Closure,Permanent,10/8/2012
URS Federal Services,Oak Harbor,10/31/2012,236,Layoff,Permanent,9/25/2012
Dendreon Corporation,Seattle,11/20/2012,145,Layoff,Permanent,9/20/2012
American Airlines,Seattle,11/16/2012,66,Layoff,Permanent,9/18/2012
Berry Plastics Corporation,Kent,8/24/2012,59,Layoff,Permanent,9/10/2012
AREVA Federal Services LLC,Richland,8/15/2012,5,Layoff,Permanent,8/21/2012
Harland Clarke Holdings Corp.,Milton,10/9/2012,35,Closure,Permanent,8/6/2012
Auburn Regional Medical Center,Auburn,9/28/2012,827,Layoff,Permanent,8/1/2012
Universal Lumpers,Auburn,9/24/2012,97,Closure,Permanent,7/19/2012
"Thales Avionics, Inc.",Seattle,9/14/2012,42,Closure,Permanent,7/16/2012
Seattle Hilton Hotel,Seattle,9/3/2012,141,Closure,Permanent,7/5/2012
National Food Corporation,Everett,8/24/2012,75,Layoff,Permanent,6/22/2012
Parsons,Pasco,8/19/2012,103,Closure,Permanent,6/20/2012
Sterling Bank (First Independent Bank),Vancouver,8/3/2012,63,Layoff,Permanent,6/4/2012
Delta Air Lines Reservation Call Center,SeaTac,9/1/2012,189,Closure,Permanent,5/22/2012
"Amonix, Inc.",Langley,6/30/2012,1,Layoff,Permanent,5/7/2012
Hostess Brands,Bellingham,7/3/2012,6,Closure,Permanent,5/7/2012
Hostess Brands,Everett,7/3/2012,15,Closure,Permanent,5/7/2012
Hostess Brands,Seattle,7/3/2012,111,Closure,Permanent,5/7/2012
Hostess Brands,Kent,7/3/2012,17,Closure,Permanent,5/7/2012
Hostess Brands,Bremerton,7/3/2012,6,Closure,Permanent,5/7/2012
Hostess Brands,Lakewood,7/3/2012,53,Closure,Permanent,5/7/2012
Hostess Brands,Tacoma,7/3/2012,3,Closure,Permanent,5/7/2012
Hostess Brands,Tumwater,7/3/2012,8,Closure,Permanent,5/7/2012
Hostess Brands,Longview,7/3/2012,6,Closure,Permanent,5/7/2012
Hostess Brands,Moses Lake,7/3/2012,2,Closure,Permanent,5/7/2012
Hostess Brands,Yakima,7/3/2012,9,Closure,Permanent,5/7/2012
Hostess Brands,Spokane,7/3/2012,14,Closure,Permanent,5/7/2012
Verizon Wireless,Bellevue,6/30/2012,814,Closure,Permanent,5/2/2012
Davis Wire Corporation,Kent,6/19/2012,57,Layoff,Permanent,4/27/2012
BAE Systems,Keyport,6/30/2012,61,Layoff,Permanent,4/27/2012
Cardiac Science Corporate,Bothell,6/5/2012,60,Closure,Permanent,4/10/2012
Harland Clarke Holdings Corp.,Milton,6/2/2012,74,Layoff,Permanent,4/10/2012
"Zipper Interactive, Inc.",Redmond,6/1/2012,86,Closure,Permanent,4/2/2012
Boeing,Puget Sound,5/28/2012,39,Layoff,Permanent,3/26/2012
Swedish Visiting Nurse Services,"Seattle, Mountlake Terrace",4/27/2012,216,Closure,Permanent,2/28/2012
CenturyLink,Gig Harbor,4/27/2012,52,Layoff,Permanent,2/23/2012
Heinz North America,Kent,4/13/2012,79,Closure,Permanent,2/10/2012
"Sykes Enterprises, Incorporated",Spokane Valley,3/12/2012,167,Layoff,Permanent,1/10/2012
Snokist Growers,Yakima,2/5/2012,607,Closure,Permanent,12/9/2011
"Emerald Shared Services DBA K&L Distributors, Inc.",Renton,1/20/2012,215,Closure,Permanent,11/21/2011
Washington State Employment Security Department,Statewide,1/16/2012,222,Layoff,Permanent,10/21/2011
"Lowe's HIW, Inc.",Tacoma,12/16/2011,92,Closure,Permanent,10/20/2011
Kimberly-Clark Corporation,Everett,1/1/2012,760,Closure,Permanent,10/19/2011
"BlueScope Buildings North America, Inc.",Arlington,12/12/2011,67,Closure,Permanent,10/13/2011
Kerry Ingredients & Flavours,Kent,12/16/2011,58,Closure,Permanent,10/13/2011
Hampton Lumber Mills,Darrington,12/12/2011,76,Layoff,Permanent,10/12/2011
Stimson Lumber,Colville,11/11/2011,67,Closure,Permanent,9/15/2011
TeleTech,Bremerton,10/30/2011,240,Closure,Permanent,8/31/2011
"Woodinville Lumber, Inc.",Woodinville,8/26/2011,76,Closure,Permanent,8/23/2011
"Woodinville Construction Services, L.L.C.",Woodinville,8/26/2011,38,Closure,Permanent,8/23/2011
Tri-County Truss,Burlington,8/26/2011,94,Closure,Permanent,8/23/2011
Kmart,Spokane,11/6/2011,68,Closure,Permanent,8/17/2011
Hampton Affiliates,Randle,10/31/2011,80,Layoff,Temporary,8/9/2011
Lockheed Martin Corporation,5 Puget Sound military locations,9/30/2011,41,Layoff,Permanent,8/1/2011
CH2MHill Plateau Remediation Company,Richland,9/29/2011,750,Layoff,Permanent,7/29/2011
Materials & Energy Corporation,Richland,9/29/2011,141,Layoff,Permanent,7/29/2011
Wells Fargo Home Mortgage Servicing,Bellevue,8/21/2011,113,Closure,Permanent,6/22/2011
Monterey Gormet Foods,Kent,8/17/2011,75,Closure,Permanent,6/20/2011
Penguin Windows,"Lynnwood, Vancouver",6/10/2011,121,Closure,Permanent,6/15/2011
Petermann Northwest LLC,Seattle,6/22/2011,109,Closure,Permanent,5/27/2011
"Grays Harbor Paper, LLC",Hoquiam,5/25/2011,231,Closure,Permanent,5/27/2011
"Insight Schools, Inc.",Bellevue,7/18/2011,168,Closure,Permanent,5/26/2011
BAE Systems,Keyport,6/30/2011,90,Closure,Permanent,5/10/2011
Cardiac Science Corporate,Bothell,7/1/2011,54,Layoff,Permanent,4/29/2011
Pinnacle Foods Group,Tacoma,6/23/2011,139,Closure,Permanent,4/26/2011
"Radia, Inc. P. S.",Everett,6/30/2011,51,Layoff,Permanent,4/14/2011
Whirlpool Corporation,Yakima,6/13/2011,140,Closure,Permanent,4/12/2011
"Union Bank, N.A.",Everett,3/31/2011,72,Layoff,Permanent,3/11/2011
CompuCom Application Services,Bellevue,2/8/2011,60,Layoff,Permanent,2/15/2011
Harland Clarke Holdings Corp.,Milton,4/9/2011,53,Closure,Permanent,2/9/2011
Penguin Windows,"Lynwood, Mukilteo, Lakewood",2/1/2011,210,Closure,Permanent,2/1/2011
DAL Global Services,Seattle,2/23/2011,168,Layoff,Permanent,1/31/2011
"Pilchuck Contractors, Inc.",Puget Sound,3/28/2011,300,Layoff,Permanent,1/28/2011
"Semiahmoo Resort Company, LLC",Blaine,2/15/2011,321,Closure,Permanent,12/20/2010
"ZipRealty, Inc.",Kirkland,1/31/2011,129,Layoff,Permanent,12/6/2010
International Paper,Bellevue,1/14/2011,78,Closure,Permanent,11/15/2010
Exel,Auburn,1/29/2011,146,Closure,Permanent,11/2/2010
"Icicle Seafoods, Inc.",Seattle,12/20/2010,83,Closure,Permanent,10/21/2010
CDM Long-Term Care Services,Vancouver,11/1/2010,100,Layoff,Permanent,10/19/2010
AHP (Associated Hygienic Products LLC),Vancouver,11/27/2010,101,Closure,Permanent,9/30/2010
Xanodyne,Western Washington,11/21/2010,3,Layoff,Permanent,9/21/2010
"The Men's Wearhouse, Inc.",Fife,11/12/2010,42,Closure,Permanent,9/13/2010
Cruise West,Seattle,9/8/2010,65,Closure,Permanent,9/9/2010
Skookum Fleet Management,Fort Lewis,10/18/2010,50,Layoff,Temporary,8/20/2010
"Icicle Seafoods, Inc.",Bellingham,10/18/2010,71,Closure,Permanent,8/2/2010
Skookum Fleet Management,Fort Lewis,7/12/2010,176,Layoff,Permanent,7/16/2010
Commercial Vehicle Group,Vancouver,9/1/2010,12,Closure,Permanent,7/16/2010
Mason County Forest Products,Shelton,7/31/2010,130,Layoff,Permanent,6/2/2010
Columbia Valley Community Health,Wenatchee,7/1/2010,53,Layoff,Permanent,6/2/2010
AlliedBarton Security Services LLC,"Seattle, Bellevue",6/17/2010,128,Layoff,Permanent,5/27/2010
Boeing,Puget Sound,7/23/2010,17,Layoff,Permanent,5/21/2010
Boeing,Puget Sound,6/18/2010,125,Layoff,Permanent,4/19/2010
"ConAgra Foods, Inc.",Prosser,5/30/2010,218,Closure,Permanent,3/30/2010
Boeing,Puget Sound,5/21/2010,65,Layoff,Permanent,3/19/2010
"AB Car Rental Services, Inc.",Tukwila,5/19/2010,206,Layoff,Permanent,3/17/2010
"Olympic Security Services, Inc.",Tukwila,4/16/2010,54,Layoff,Permanent,3/11/2010
Zumiez Inc.,Everett,4/23/2010,172,Closure,Permanent,2/22/2010
Boeing,Puget Sound,4/23/2010,527,Layoff,Permanent,2/19/2010
Kmart,Bremerton,5/17/2010,55,Closure,Permanent,2/5/2010
BCI Coca Cola Bottling Company,Woodland,4/1/2010,56,Closure,Permanent,1/29/2010
Boeing,Puget Sound,3/26/2010,9,Layoff,Permanent,1/22/2010
Auto Warehousing Co.,Tacoma,3/22/2010,55,Layoff,Permanent,1/20/2010
Boeing,Puget Sound,3/19/2010,20,Layoff,Permanent,1/15/2010
International Paper,Auburn,3/6/2010,2,Closure,Permanent,1/14/2010
Bank of America,Bellevue,3/12/2010,50,Closure,Permanent,1/14/2010
CPC International Apple Company,Tieton,2/22/2010,75,Layoff,Permanent,12/31/2009
Boeing,Puget Sound,2/19/2010,56,Layoff,Permanent,12/18/2009
Walter Meier Inc.,Auburn,2/15/2010,5,Closure,Permanent,12/18/2009
Boeing,Puget Sound,1/22/2010,49,Layoff,Permanent,11/20/2009
Kmart,Vancouver,1/18/2010,68,Closure,Permanent,11/18/2009
"Sun Microsystems, Inc",Bellevue,1/3/2010,3,Layoff,Permanent,11/4/2009
BD Diagnostics,Redmond,12/23/2009,15,Closure,Permanent,11/3/2009
Boeing,Puget Sound,1/1/2010,48,Layoff,Permanent,10/30/2009
"Expedia, Inc.",Tacoma,10/21/2009,171,Closure,Permanent,10/22/2009
Boeing,Puget Sound,12/11/2009,53,Layoff,Permanent,10/9/2009
Wells Fargo Mortgage,Kirkland,12/7/2009,60,Closure,Permanent,10/8/2009
Brandrud,Auburn,12/4/2009,104,Closure,Permanent,10/5/2009
Boeing,Puget Sound,11/20/2009,126,Layoff,Permanent,9/18/2009
"SumTotal Systems, Inc.",Bellevue,9/15/2009,59,Layoff,Permanent,9/15/2009
Adaptis Inc.,Seattle,11/2/2009,138,Closure,Permanent,9/14/2009
Microsoft,Redmond,11/1/2009,27,Layoff,Permanent,9/3/2009
"CROSSMARK Home Improvements, LCC",Statewide,10/31/2009,77,Layoff,Permanent,8/31/2009
"Northwest Territorial Mint, LCC",Auburn,10/24/2009,109,Closure,Permanent,8/28/2009
Philips Electronics,Snoqualmie,10/30/2009,75,Closure,Permanent,8/28/2009
Boeing,Puget Sound,10/23/2009,279,Layoff,Permanent,8/21/2009
"Crossroads Services, Inc.",Statewide,10/18/2009,45,Layoff,Permanent,8/14/2009
Boeing,Puget Sound,10/2/2009,45,Layoff,Permanent,7/31/2009
"Stemilt Growers, Inc.",Orondo,9/24/2009,94,Closure,Permanent,7/27/2009
"Stemilt Growers, Inc.",Orondo,9/17/2009,67,Closure,Permanent,7/20/2009
Boeing,Puget Sound,9/18/2009,104,Layoff,Permanent,7/17/2009
Electric Boat,Silverdale,9/25/2009,8,Layoff,Permanent,7/17/2009
Johnson Outdoors Watercraft Inc.,Ferndale,9/4/2009,90,Closure,Permanent,7/1/2009
"Sun Microsystems, Inc",Bellevue,8/24/2009,2,Layoff,Permanent,6/26/2009
Boeing,Puget Sound,8/21/2009,157,Layoff,Permanent,6/19/2009
Saint-Gobain Crystals,Washougal,8/10/2009,58,Closure,Permanent,6/12/2009
"Merck & Co., Inc.",Seattle,7/31/2009,40,Closure,Permanent,6/8/2009
KeyCorp,Tacoma,8/3/2009,240,Closure,Permanent,6/4/2009
Shaw Industries,Algona,7/31/2009,62,Closure,Permanent,6/1/2009
Ruan Transportation,Seattle,7/31/2009,81,Closure,Permanent,5/28/2009
Weyerhaeuser Forest Operation,Cosmopolis,7/21/2009,53,Layoff,Permanent,5/22/2009
Boeing,Puget Sound,7/24/2009,117,Layoff,Permanent,5/22/2009
Johnson Controls Inc,Bellevue,7/31/2009,45,Closure,Permanent,5/18/2009
CDG Management,Olympia,5/29/2009,41,Closure,Permanent,5/15/2009
Amgen,Bothell,7/13/2009,101,Layoff,Permanent,5/14/2009
Microsoft,Redmond,7/4/2009,1200,Layoff,Permanent,5/5/2009
Spring Air,Lacey,5/1/2009,45,Layoff,Permanent,5/4/2009
Coast Engine & Equipment,Tacoma,7/3/2009,111,Closure,Permanent,5/4/2009
ZymoGenetics,Seattle,6/30/2009,170,Layoff,Permanent,4/30/2009
Boeing,Puget Sound,6/19/2009,119,Layoff,Permanent,4/21/2009
Liberty Mutual Insurance,Bothell,6/16/2009,100,Layoff,Permanent,4/17/2009
Hampton Affiliates,Morton,6/6/2009,124,Layoff,Permanent,4/8/2009
Hampton Affiliates,Darrington,6/6/2009,118,Layoff,Permanent,4/8/2009
JP Morgan Chase,Tukwila,6/15/2009,45,Closure,Permanent,4/7/2009
Guy Bennett Lumber,Clarkston,6/5/2009,74,Closure,Temporary,4/3/2009
Microsoft,Seattle,6/30/2009,2,Layoff,Permanent,4/1/2009
"Sun Microsystems, Inc",Bellevue,5/30/2009,24,Layoff,Permanent,3/31/2009
Exide Technologies,Sumner,3/31/2009,43,Closure,Permanent,3/31/2009
Commercial Vehicle Group,Vancouver,4/30/2009,70,Closure,Permanent,3/20/2009
Boeing,Puget Sound,5/22/2009,710,Layoff,Permanent,3/20/2009
Weyerhaeuser Sawmill,Toutle,5/1/2009,1,Closure,Permanent,3/5/2009
Weyerhaeuser Lumbermill,Raymond,3/9/2009,50,Layoff,Permanent,3/4/2009
General Dynamics,Spokane Valley,4/24/2009,353,Closure,Permanent,2/25/2009
Boeing,Puget Sound,4/24/2009,781,Layoff,Permanent,2/25/2009
Best Buy,Kent,4/14/2009,82,Closure,Permanent,2/12/2009
Results Bellingham,Bellingham,4/12/2009,150,Closure,Permanent,2/12/2009
TTM Technologies,Redmond,3/16/2009,369,Closure,Permanent,2/5/2009
Boeing,Puget Sound,3/20/2009,668,Layoff,Permanent,2/5/2009
SolarWorld Industries,Vancouver,3/13/2009,63,Layoff,Permanent,1/30/2009
Allied Waste,Seattle,3/31/2009,203,Layoff,Permanent,1/28/2009
Weyerhaeuser Sawmill,Aberdeen,1/26/2009,128,Closure,Permanent,1/27/2009
Pacific Veneer Weyerhaeuser,Aberdeen,1/26/2009,93,Closure,Permanent,1/27/2009
"Sun Microsystems, Inc",Bellevue,3/23/2009,4,Layoff,Permanent,1/23/2009
Microsoft,Redmond,3/23/2009,872,Layoff,Permanent,1/23/2009
Seattle Post-Intelligencer,Seattle,3/18/2009,181,Closure,Permanent,1/21/2009
Qwest,Seattle,4/15/2009,235,Closure,Permanent,1/21/2009
Philips Electronics,Auburn,3/20/2009,96,Closure,Permanent,1/20/2009
Teck,Metaline Falls,2/16/2009,165,Layoff,Permanent,1/6/2009
Agilent Technologies,Liberty Lake,1/30/2009,120,Layoff,Permanent,12/30/2008
ABX Air,Chehalis,2/13/2009,4,Closure,Permanent,12/26/2008
North Sky Communications,Woodinville,12/11/2008,57,Layoff,Permanent,12/23/2008
Hunter Douglas,Renton,2/2/2009,166,Layoff,Permanent,12/3/2008
CDG Management,Tacoma,12/21/2008,34,Closure,Permanent,11/24/2008
CDG Management,Olympia,12/21/2008,18,Closure,Permanent,11/24/2008
DHL Express,Seattle,1/18/2009,68,Layoff,Permanent,11/19/2008
American Airlines,Seattle,1/16/2009,1,Layoff,Permanent,11/19/2008
DHL Express,"Kent, Bothell, Bellevue, Fife",1/18/2009,187,Closure,Permanent,11/19/2008
ABX Air,Chehalis,1/13/2009,52,Closure,Permanent,11/14/2008
Kenworth Trucking,Renton,1/16/2009,430,Layoff,Permanent,11/14/2008
Washington Mutual,Seattle,1/31/2009,3400,Layoff,Permanent,11/12/2008
BAE Systems,Bremerton,12/19/2008,31,Closure,Permanent,11/7/2008
"Sun Microsystems, Inc",Bellevue,1/5/2009,9,Layoff,Permanent,11/6/2008
Seattle Times,Seattle,12/12/2008,145,Layoff,Permanent,11/5/2008
Solid Ground,Seattle,12/31/2008,114,Layoff,Permanent,10/31/2008
"IntelliTax Software Solutions, Inc.",Bellevue,10/24/2008,150,Closure,Permanent,10/27/2008
Morning Sun,Tacoma,12/22/2008,162,Closure,Permanent,10/23/2008
Meridian Yacht/US Marine,Arlington,10/16/2008,276,Closure,Permanent,10/16/2008
Milgard Windows,Marysville,10/24/2008,80,Closure,Permanent,10/14/2008
Meridian Yacht/US Marine,Arlington,10/10/2008,445,Closure,Permanent,10/10/2008
Stimson Lumber,Colville,12/8/2008,109,Closure,Permanent,10/8/2008
Heller Ehrman,Seattle,11/28/2008,139,Closure,Permanent,9/29/2008
"Johnson Controls, Inc.",DuPont,12/7/2008,13,Closure,Permanent,9/18/2008
Vivendi Games,Issaquah,11/7/2008,1,Layoff,Permanent,9/8/2008
Rosario Resort,Eastsound (Orcas Island),10/20/2008,195,Closure,Permanent,8/21/2008
Cenveo Corporation,Tukwila,10/3/2008,15,Closure,Permanent,8/15/2008
Alaska Distributors,"Kent, Everett, Spokane",10/3/2008,600,Closure,Permanent,8/13/2008
GMAC ResCap,Bellevue,10/31/2008,60,Closure,Permanent,8/12/2008
Seattle Times,North Creek & Fairview,8/27/2008,75,Layoff,Permanent,8/12/2008
Syntax Brillian,White Salmon,9/2/2008,1,Layoff,Permanent,8/11/2008
Columbia Lighting,Spokane,9/26/2008,211,Closure,Permanent,8/7/2008
Titus Tool Company,Kent,11/30/2008,50,Layoff,Permanent,8/6/2008
Seattle Sonics,Seattle,9/30/2008,117,Closure,Permanent,8/6/2008
Starwood Resorts & Hotels,Seattle,9/1/2008,87,Layoff,Permanent,7/29/2008
Vivendi Games,Issaquah,9/13/2008,53,Layoff,Permanent,7/28/2008
Indymac Bank,Bellevue,9/5/2008,51,Layoff,Permanent,7/21/2008
All-Woods Components,Union Gap,7/23/2008,29,Layoff,Permanent,7/17/2008
Mt. Hood Beverage,Yakima & Kennewick,1/1/2009,110,Layoff,Permanent,7/17/2008
Columbia Distributing,4 sites,9/15/2008,933,Layoff,Permanent,7/15/2008
"Sun Microsystems, Inc",Bellevue,9/8/2008,9,Layoff,Permanent,7/10/2008
Intermec Technologies,Everett,10/3/2008,184,Layoff,Permanent,7/10/2008
American Airlines,Seattle,9/5/2008,22,Layoff,Permanent,7/7/2008
"Sun Microsystems, Inc",Bellevue,7/21/2008,2,Layoff,Permanent,5/22/2008
Ball Corporation,Kent,8/31/2008,112,Closure,Permanent,5/19/2008
Washington Mutual,Bellevue,8/31/2008,84,Closure,Temporary,5/1/2008
Educational Opportunities for Children and Family,Vancouver,6/30/2008,19,Closure,Permanent,4/25/2008
Simpson Timber,Tacoma/Shelton,4/28/2008,111,Layoff,Permanent,4/15/2008
Wilcox Farms,Cheney,4/30/2008,47,Closure,Permanent,4/3/2008
Weyerhaeuser Company,Toutle,5/1/2008,81,Closure,Permanent,3/10/2008
Nastech Pharmaceutical,Bothell,2/29/2008,70,Layoff,Permanent,3/5/2008
Pactiv Corporation,Yakima,5/9/2008,51,Closure,Permanent,3/3/2008
Macy's,Seattle,5/2/2008,697,Layoff,Permanent,3/3/2008
"K Ply, Inc.",Port Angeles,11/2/2007,132,Closure,Temporary,2/29/2008
Group Health,Redmond,4/30/2008,363,Closure,Permanent,2/25/2008
Anesthesiologists Associated,Spokane Valley,2/20/2008,63,Closure,Permanent,2/20/2008
J.R. Simplot,Pasco,4/18/2008,335,Closure,Permanent,2/15/2008
Pristina Pine,Spokane Valley,2/6/2008,98,Closure,Permanent,2/13/2008
ICOS Corporation,Bothell,3/29/2008,1,Layoff,Permanent,2/6/2008
Seattle Times - North Creek,Bothell,3/31/2008,7,Layoff,Permanent,2/4/2008
Wilcox Farms,Roy,3/31/2008,130,Closure,Permanent,2/4/2008
Sun Microsystems Inc,Bellevue,3/31/2008,1,Layoff,Permanent,1/31/2008
Panasonic,Vancouver,3/29/2008,89,Closure,Permanent,1/29/2008
DIGIO,KIRKLAND,3/18/2008,69,Layoff,Permanent,1/24/2008
Seattle Times - North Creek,Bothell,2/29/2008,71,Layoff,Permanent,1/16/2008
Holy Family Hospital,Deer Park,3/15/2008,79,Closure,Permanent,1/11/2008
"Portac, Inc.",Tacoma,2/25/2008,71,Closure,Permanent,12/26/2007
ICOS Corporation,Bothell,2/29/2008,6,Layoff,Permanent,12/24/2007
Washington Mutual,Bellevue,2/15/2008,105,Layoff,Permanent,12/17/2007
Xantrex Technology,Arlington,3/1/2008,55,Closure,Permanent,12/14/2007
BAE Systems,Keyport,2/19/2008,55,Closure,Permanent,12/13/2007
FloorServe,"Seattle, Tacoma and Vancouver",1/31/2008,3,Closure,Permanent,12/5/2007
DAL Global Services,SeaTac,12/12/2007,132,Layoff,Permanent,11/19/2007
Benchmark Electronics,Redmond,1/15/2008,150,Closure,Permanent,11/15/2007
Levitz Furniture,Tukwila,1/9/2008,60,Closure,Permanent,11/9/2007
Tree Top,Cashmere,1/4/2008,73,Layoff,Temporary,11/5/2007
ICOS Corporation,Bothell,12/29/2007,13,Layoff,Permanent,10/31/2007
Georgia Pacific Corporation,Bellingham,12/8/2007,210,Closure,Permanent,10/8/2007
"Sun Microsystems, Inc",Bellevue,11/26/2007,9,Layoff,Permanent,9/27/2007
VAE Nortrack North America Inc.,Seattle,12/1/2007,58,Layoff,Permanent,9/26/2007
American Port Services,Sumner,12/31/2007,217,Closure,Permanent,9/13/2007
Fleetwood Housing,Woodland,9/12/2007,135,Closure,Permanent,9/12/2007
Welco Lumber,Marysville,10/26/2007,57,Closure,Permanent,8/30/2007
ICOS Corporation,Bothell,10/29/2007,12,Layoff,Permanent,8/28/2007
"Liquidation World USA, Inc.",Nine Locations - WA,10/31/2007,0,Closure,Permanent,8/28/2007
"GreenPoint Mortgage Funding, Inc.",Bellevue,8/23/2007,41,Closure,Permanent,8/24/2007
Heritage Health & Rehab. Center,Vancouver,10/22/2007,50,Closure,Permanent,8/23/2007
Cenveo Corporation,Tukwila,10/19/2007,68,Closure,Permanent,8/21/2007
ICOS Corporation,Bothell,10/15/2007,1,Layoff,Permanent,8/17/2007
Associated Grocers. Inc.,Seattle-Renton,10/1/2007,684,Closure,Permanent,8/6/2007
ICOS Corporation,Bothell,9/29/2007,1,Layoff,Permanent,7/31/2007
Swedish Sleep Medicine Institute,Seattle,9/16/2007,67,Closure,Permanent,7/18/2007
Electronic Data Systems,Federal Way,8/24/2007,147,Layoff,Permanent,7/12/2007
Aleut Global Solutions,Tacoma,7/30/2007,7,Closure,Permanent,7/2/2007
ARAMARK Healthcare,Spokane,8/28/2007,245,Closure,Permanent,6/29/2007
SK Food Group,Seattle,8/1/2007,90,Closure,Permanent,6/7/2007
"Commercial Vehicle Group, Inc.",Seattle-Tacoma,7/30/2007,115,Closure,Permanent,6/6/2007
ICOS Corporation,Bothell,8/1/2007,1,Layoff,Permanent,6/4/2007
ICOS Corporation,Bothell,8/29/2007,5,Layoff,Permanent,5/14/2007
New Century Financial Corporation,Bellevue,5/4/2007,41,Closure,Permanent,5/10/2007
ICOS Corporation,Bothell,7/8/2007,2,Layoff,Permanent,5/9/2007
Millenium Funding Group,Vancouver,4/26/2007,72,Layoff,Temporary,5/1/2007
"King County Publications, Ltd.",Kent,6/29/2007,109,Closure,Permanent,4/30/2007
ICOS Corporation,Bothell,6/29/2007,1,Layoff,Permanent,4/30/2007
Bethlehem Construction,Cashmere,5/24/2007,76,Closure,Permanent,4/25/2007
ICOS Corporation,Redmond,6/22/2007,1,Layoff,Permanent,4/17/2007
ICOS Corporation,Bothell,6/17/2007,1,Layoff,Permanent,4/17/2007
Alltel,Issaquah,6/16/2007,260,Closure,Permanent,4/16/2007
ICOS Corporation,Bothell,5/29/2007,17,Layoff,Permanent,4/2/2007
Cosmo Store Services,Statewide,5/27/2007,17,Layoff,Permanent,4/2/2007
ICOS Corporation,Bothell,5/1/2007,1,Layoff,Permanent,3/22/2007
Bank of America,Spokane,6/29/2007,205,Layoff,Permanent,3/15/2007
ICOS Corporation,Bothell,5/5/2007,1,Layoff,Permanent,3/6/2007
Millenium Funding Group,Vancouver,3/2/2007,76,Layoff,Temporary,3/6/2007
Electric Boat,Bremerton,6/1/2007,2,Closure,Permanent,3/2/2007
"Sun Microsystems, Inc",Bellevue,4/30/2007,2,Closure,Permanent,3/1/2007
ICOS Corporation,Bothell/Redmond/Bellevue,4/29/2007,61,Layoff,Permanent,2/28/2007
Sealed Air,Kent,3/30/2007,99,Closure,Permanent,2/28/2007
"U.S. Foodservice, Inc.",Ridgefield,5/25/2007,43,Closure,Permanent,2/22/2007
Electric Boat,Bremerton,5/4/2007,6,Closure,Permanent,2/16/2007
ICOS Corporation,Bothell,3/29/2007,10,Layoff,Permanent,1/29/2007
"Sun Microsystems, Inc",Bellevue,3/26/2007,1,Layoff,Permanent,1/25/2007
AgriNorthwest,Kennewick,3/31/2007,106,Closure,Permanent,1/18/2007
"Portac, Inc.",Tacoma,4/1/2007,45,Layoff,Permanent,1/17/2007
ICOS Corporation,Bothell,1/31/2007,268,Layoff,Permanent,1/12/2007
Trident Seafoods Corporation,Fife,3/30/2007,106,Closure,Permanent,1/12/2007
Bessie Burton Sullivan Nursing Residence,Seattle,3/15/2007,196,Closure,Permanent,1/8/2007
ICOS Corporation,Bothell/Redmond/Bellevue,2/12/2007,11,Layoff,Permanent,12/14/2006
ICOS Corporation,Bothell/Redmond/Bellevue,2/5/2007,111,Layoff,Permanent,12/11/2006
ICOS Corporation,Bothell/Redmond,1/29/2007,15,Layoff,Permanent,12/5/2006
Electric Boat,Bremerton,2/2/2007,50,Layoff,Permanent,12/1/2006
TransAlta,Centralia,11/27/2006,568,Layoff,Permanent,11/27/2006
Georgia Pacific Corporation,Camas,1/27/2006,32,Layoff,Permanent,11/22/2006
ICOS Corporation,Bothell,1/16/2007,20,Layoff,Permanent,11/17/2006
UPS Supply Chain Solutions,Auburn,11/15/2006,57,Layoff,Permanent,11/17/2006
"Sun Microsystems, Inc",Bellevue,1/15/2007,3,Layoff,Permanent,11/16/2006
ICOS Corporation,Bothell,1/8/2007,56,Layoff,Permanent,11/9/2006
ICOS Corporation,Bothell,1/2/2007,197,Layoff,Permanent,11/2/2006
"Marine Industries Northwest, Inc",Tacoma,12/27/2006,75,Layoff,Permanent,10/27/2006
Glaxo Smith Kline,Bothell,10/25/2006,63,Closure,Permanent,10/27/2006
Leavenworth Wood Products,Leavenworth,12/12/2006,102,Closure,Permanent,10/11/2006
Washington Mutual,Lynnwood,12/5/2006,140,Layoff,Permanent,10/9/2006
Electric Boat,Bremerton,12/8/2006,56,Layoff,Permanent,10/6/2006
Spherion,Redmond,11/27/2006,141,Layoff,Permanent,10/3/2006
Chelan Fruit,Pateros,10/15/2006,84,Closure,Permanent,9/28/2006
"Sun Microsystems, Inc",Bellevue,11/27/2006,2,Layoff,Permanent,9/28/2006
Trammell Crow Company,Bellevue,11/15/2006,64,Layoff,Permanent,9/15/2006
Electric Boat,Bremerton,11/17/2006,15,Layoff,Permanent,9/15/2006
DMX Music,Seattle,10/30/2006,120,Layoff,Permanent,9/1/2006
Star Manufacturing,Everett,1/1/2007,107,Closure,Permanent,8/28/2006
"Tyson's Fresh Meats, Inc",Pasco,10/16/2006,590,Layoff,Permanent,8/17/2006
Electric Boat,Bremerton,10/13/2006,44,Layoff,Permanent,8/11/2006
"Sun Microsystems, Inc",Bellevue,10/2/2006,4,Layoff,Permanent,8/3/2006
Bank of America,Richland,10/1/2006,121,Closure,Permanent,7/31/2006
Bank of America,Seattle,10/1/2006,255,Closure,Permanent,7/31/2006
Shurgard Self Storage,Seattle,8/25/2006,175,Layoff,Permanent,7/28/2006
Pony Lumber Company,Tacoma,9/14/2006,125,Layoff,Temporary,7/17/2006
Bank of America,Seattle,10/1/2006,89,Closure,Permanent,7/14/2006
"Ocean Beauty Seafoods, Inc",Seattle,9/1/2006,120,Layoff,Permanent,7/10/2006
Electric Boat,Bremerton,9/8/2006,24,Layoff,Permanent,7/7/2006
"Sun Microsystems, Inc",Bellevue,8/21/2006,3,Layoff,Permanent,6/22/2006
Yakima Resources,Yakima,8/5/2006,250,Closure,Permanent,6/2/2006
Washington Mutual,Bothell,7/30/2006,900,Closure,Permanent,6/1/2006
Larry's Markets,"Bellevue, Kirkland, Redmond, Seattle, Tukwila",8/30/2006,545,Closure,Permanent,5/30/2006
K-Mart,Wenatchee,7/12/2006,60,Closure,Permanent,5/9/2006
Food Services of America,Seattle,6/30/2006,125,Closure,Permanent,5/2/2006
Mega Foods,Tacoma,7/8/2006,80,Closure,Permanent,4/28/2006
Amtech Corp,Yelm,6/30/2006,47,Closure,Permanent,4/6/2006
"Wackenhut Services, Inc",Bangor,6/30/2006,100,Layoff,Permanent,4/3/2006
American Airlines,SeaTac,5/29/2006,28,Layoff,Permanent,4/3/2006
Ossur Generation II USA,Bothell,3/8/2006,49,Closure,Permanent,3/20/2006
"Sun Microsystems, Inc",Bellevue,5/8/2006,2,Layoff,Permanent,3/13/2006
Cingular Wireless,Redmond,5/9/2006,2,Layoff,Permanent,3/13/2006
Cingular Wireless,"Bothell, Redmond",4/25/2006,17,Layoff,Permanent,3/2/2006
Defense Logistics Agency,Fort Lewis,3/13/2006,1,Layoff,Permanent,2/27/2006
Cingular Wireless,"Bothell, Redmond",4/11/2006,6,Layoff,Permanent,2/17/2006
Panasonic,Vancouver,1/30/2006,104,Layoff,Permanent,2/2/2006
Cingular Wireless,"Bothell, Redmond",3/28/2006,34,Layoff,Permanent,1/31/2006
Sinnett's MarketPlace,Longview,2/11/2006,65,Closure,Permanent,1/25/2006
Virginia Mason Clinics,Port Angeles,3/31/2006,98,Closure,Permanent,1/23/2006
Cingular Wireless,"Bothell, Redmond",3/14/2006,2,Layoff,Permanent,1/17/2006
UNICCO,Federal Way,3/31/2006,90,Closure,Permanent,1/16/2006
OfficeMax home Plate,Elma,3/11/2006,63,Closure,Permanent,1/9/2006
"Bechtel National, Inc.",Richland,2/6/2006,275,Layoff,Permanent,1/6/2006
"Schoeller Arca Systems, Inc",Tacoma,3/1/2006,86,Layoff,Permanent,1/3/2006
Cingular Wireless,"Bothell, Redmond",2/14/2006,1,Layoff,Permanent,12/20/2005
Cingular Wireless,"Bothell, Redmond",1/31/2006,16,Layoff,Permanent,12/6/2005
Delta Airlines,Seattle,2/1/2006,68,Layoff,Permanent,12/6/2005
Bank of America,Seattle,3/3/2006,115,Layoff,Permanent,12/6/2005
Getronics,Blaine,1/13/2006,2,Layoff,Permanent,11/29/2005
Metro One,Tukwila,1/9/2006,45,Closure,Permanent,11/16/2005
Delaware North Companies,Spokane,12/28/2005,80,Closure,Permanent,11/14/2005
Ridpath Hotel,Spokane,1/7/2006,74,Layoff,Permanent,11/10/2005
Cingular Wireless,"Bothell, Redmond",1/3/2006,7,Layoff,Permanent,11/7/2005
"Welch Foods, Inc.",Kennewick,1/18/2006,163,Closure,Permanent,11/2/2005
"Woodbridge Gardens, Inc",Winlock,12/30/2005,4,Closure,Permanent,11/1/2005
First Hill Care Center,Seattle,12/27/2005,103,Closure,Permanent,10/26/2005
Weyerhaeuser Company,Cosmopolis,10/1/2006,245,Closure,Permanent,10/24/2005
Weyerhaeuser Company,Aberdeen,12/19/2005,97,Closure,Permanent,10/24/2005
Cingular Wireless,"Bothell, Redmond",12/20/2005,25,Layoff,Permanent,10/21/2005
Interstate Brands Corp,Lakewood,12/17/2005,185,Closure,Permanent,10/19/2005
Cingular Wireless,"Bothell, Redmond",12/6/2005,24,Layoff,Permanent,10/11/2005
Electronic Data Systems,Tacoma,12/9/2005,122,Layoff,Permanent,10/7/2005
GB Enterprises,Arlington,11/29/2005,138,Closure,Permanent,10/4/2005
Cingular Wireless,"Bothell, Redmond",11/22/2005,15,Layoff,Permanent,9/27/2005
"Phillips Ultrasound, Inc",Bothell,11/18/2005,1,Layoff,Permanent,9/23/2005
Getronics,Blaine,11/15/2005,2,Layoff,Permanent,9/14/2005
Cingular Wireless,"Bothell, Redmond",11/8/2005,7,Layoff,Permanent,9/13/2005
Kinross Gold Corp,Republic,11/14/2005,65,Layoff,Permanent,9/9/2005
TreeSource,Tumwater,11/6/2005,124,Closure,Permanent,9/6/2005
"Maxon Furniture, Inc",Kent,12/2/2005,73,Closure,Permanent,8/25/2005
Jeld Wen,Everett,10/25/2005,85,Layoff,Permanent,8/24/2005
TFS Electronic Manufacturing,Redmond,10/22/2005,171,Layoff,Permanent,8/23/2005
"Phillips Ultrasound, Inc",Bothell,10/7/2005,2,Layoff,Permanent,8/15/2005
Cingular Wireless,"Bothell, Redmond",10/11/2005,9,Layoff,Permanent,8/14/2005
Cingular Wireless,"Bothell, Redmond",9/27/2005,6,Layoff,Permanent,8/2/2005
IAP World Services,Bangor,10/1/2005,787,Layoff,Permanent,7/25/2005
Cingular Wireless,"Bothell, Redmond",9/14/2005,10,Layoff,Permanent,7/22/2005
"Phillips Ultrasound, Inc",Bothell,9/16/2005,33,Layoff,Permanent,7/15/2005
PhotoWorks.com,Seattle,7/22/2005,3,Layoff,Permanent,7/13/2005
Corixa Corp.,Seattle,7/15/2005,70,Layoff,Permanent,7/13/2005
Jeld Wen,Everett,8/23/2005,75,Layoff,Permanent,6/23/2005
Cingular Wireless,"Bothell, Redmond",8/16/2005,4,Layoff,Permanent,6/21/2005
"Monolith Productions, Inc",Kirkland,8/15/2005,80,Layoff,Permanent,6/16/2005
"Phillips Ultrasound, Inc",Bothell,8/12/2005,13,Layoff,Permanent,6/10/2005
"Cell Therapeutics, Inc",Seattle,8/2/2005,92,Layoff,Permanent,6/3/2005
"Contec, LLC",Seattle,7/15/2005,70,Closure,Permanent,6/2/2005
Durham School Services,Seattle,7/31/2005,98,Closure,Permanent,5/27/2005
Cingular Wireless,"Bothell, Redmond",7/19/2005,15,Layoff,Permanent,5/23/2005
"Rockwell Collins, Inc",Kirkland,8/26/2005,135,Layoff,Permanent,5/20/2005
American Commercial Security Services,Bellevue,6/30/2005,155,Closure,Permanent,5/20/2005
Alaska Airlines,Seattle,7/17/2005,477,Layoff,Permanent,5/19/2005
Laidlaw Transit Services,Redmond,6/30/2005,75,Layoff,Permanent,5/13/2005
Cingular Wireless,"Bothell, Redmond",7/5/2005,12,Layoff,Permanent,5/9/2005
Sanmina-SCI,Bothell,4/22/2005,53,Closure,Permanent,5/2/2005
"Bechtel National, Inc.",Richland,6/24/2005,350,Layoff,Permanent,4/25/2005
Cingular Wireless,Redmond,6/21/2005,4,Layoff,Permanent,4/25/2005
Qwest,Seattle,6/8/2005,23,Closure,Permanent,4/19/2005
United Airlines,Kent,6/5/2005,426,Closure,Permanent,4/11/2005
Cingular Wireless,"Bothell, Redmond",5/13/2005,26,Layoff,Permanent,4/11/2005
Lennox Hearth Products,Burlington,6/3/2005,72,Closure,Permanent,4/4/2005
Qwest,Seattle,6/8/2005,144,Closure,Permanent,3/25/2005
"Phillips Ultrasound, Inc",Bothell,5/20/2005,43,Layoff,Permanent,3/17/2005
Brown & Cole Stores,Pasco,5/6/2005,64,Closure,Permanent,3/8/2005
Brown & Cole Stores,Smokey Point,5/6/2005,65,Closure,Permanent,3/8/2005
Brown & Cole Stores,Yakima,5/6/2005,67,Closure,Permanent,3/8/2005
Yakima Resources,Yakima,4/30/2005,118,Closure,Permanent,3/2/2005
Cingular Wireless,"Bothell, Redmond",4/29/2005,73,Layoff,Permanent,3/1/2005
Cingular Wireless,"Bothell, Redmond",4/15/2005,182,Layoff,Permanent,2/14/2005
Cingular Wireless,"Bothell, Redmond",4/4/2005,160,Layoff,Permanent,2/1/2005
"Sallie Mae, Inc",Seattle,3/28/2005,74,Layoff,Permanent,2/1/2005
Masonic Retirement Center of WA,Des Moines,3/27/2005,125,Closure,Permanent,1/31/2005
Pacific Marine Maintenance Co.,Tacoma,3/31/2005,72,Layoff,Permanent,1/27/2005
PhotoWorks.com,Seattle,3/31/2005,67,Layoff,Permanent,1/20/2005
Cingular Wireless,"Bothell, Redmond",3/18/2005,88,Layoff,Permanent,1/18/2005
"Phillips Ultrasound, Inc",Bothell,3/18/2005,17,Layoff,Permanent,1/18/2005
Cingular Wireless,"Bothell, Redmond",3/7/2005,155,Layoff,Permanent,1/3/2005
Capital One,Federal Way,1/3/2005,256,Closure,Permanent,12/22/2004
Corixa Corp.,Seattle,12/13/2004,60,Layoff,Permanent,12/13/2004
Panasonic,Kent,1/21/2005,63,Layoff,Permanent,11/16/2004
Trinity Universal Insurance Co.,Spokane,1/1/2005,47,Layoff,Permanent,10/29/2004
HMS Host,SeaTac,12/13/2004,103,Layoff,Permanent,10/18/2004
Alcoa-Wenatchee,Malaga,12/12/2004,59,Layoff,Temporary,9/27/2004
Plexus Corp,Bothell,11/20/2004,163,Closure,Permanent,9/21/2004
Alaska Airlines,Seattle,12/1/2004,189,Layoff,Permanent,9/14/2004
Microsoft,Redmond,10/25/2004,67,Layoff,Permanent,8/23/2004
Guidant Sales Corp,Redmond,10/8/2004,2,Layoff,Permanent,8/9/2004
SuperValue,Tacoma,10/3/2004,220,Layoff,Permanent,8/4/2004
Alcoa-Wenatchee,Malaga,10/1/2004,400,Layoff,Temporary,7/30/2004
Target,Federal Way,10/5/2004,134,Closure,Permanent,7/30/2004
Guidant Sales Corp,Kirkland,9/27/2004,2,Layoff,Permanent,7/29/2004
Premera Blue Cross,Mountlake Terrace,9/30/2004,82,Closure,Permanent,7/28/2004
Johnson Controls,Silverdale,10/1/2004,35,Layoff,Permanent,7/22/2004
Brown & Williamson Tobacco,Bellevue,8/31/2004,31,Closure,Permanent,7/6/2004
Sacred Heart Hospital,Spokane,8/31/2004,174,Layoff,Permanent,6/30/2004
"Qualex, Inc.",Chehalis,8/23/2004,80,Closure,Permanent,6/16/2004
"Ericsson, Inc",Redmond,7/30/2004,3,Layoff,Permanent,6/10/2004
IBM,Redmond,8/17/2004,63,Closure,Permanent,6/3/2004
Washington Mutual,Seattle,4/1/2004,170,Layoff,Permanent,5/24/2004
Selkirk Industries,Lynnwood,7/11/2004,52,Closure,Permanent,5/12/2004
GE Osmonics,Kent,7/1/2004,27,Closure,Permanent,4/28/2004
GMAC Financial Services,Bellevue,6/30/2004,43,Closure,Permanent,4/27/2004
Terabeam Corporation,Redmond,6/22/2004,13,Layoff,Permanent,4/22/2004
HealthNet Federal Services,Tacoma,5/28/2004,82,Layoff,Permanent,4/19/2004
Evergreen Vista Convalescent Center,Kirkland,6/30/2004,131,Closure,Permanent,4/15/2004
Terabeam Corporation,Redmond,6/13/2004,87,Layoff,Permanent,4/14/2004
Custom Apple Packers,Brewster,6/11/2004,73,Closure,Permanent,4/14/2004
Airborne Express,Seattle,3/31/2004,1000,Closure,Permanent,3/30/2004
Todd Pacific Shipyards Corp,Seattle,3/26/2004,500,Layoff,Temporary,3/26/2004
Wells Fargo Bank,Oak Harbor,4/28/2004,84,Closure,Permanent,3/26/2004
Peter Pan Seafoods,Seattle,5/26/2004,63,Closure,Permanent,3/25/2004
J.R. Simplot Company,Quincy,5/18/2004,606,Closure,Permanent,3/19/2004
GL&V,Vancouver,5/7/2004,46,Closure,Permanent,3/9/2004
Merrill Lynch Howard Johnson's,Seattle,4/30/2004,92,Closure,Permanent,3/8/2004
"Fujicolor Processing, Inc",Tukwila,2/26/2004,49,Closure,Permanent,3/1/2004
USCO Logistics,Sumner,4/3/2004,212,Closure,Permanent,2/5/2004
Swedish Medical Center,Seattle,3/22/2004,161,Closure,Permanent,1/23/2004
Experience Music Project,Seattle,3/15/2004,150,Layoff,Permanent,1/20/2004
Software Spectrum,Liberty Lake,2/5/2004,60,Layoff,Permanent,1/12/2004
