Company,City,AffectedWorkers,NoticeRcvd,NoticeType,LayoffBeginDate,NAICSDescription,County,WDA
OEMMCCO Inc.,Kenosha,49,20200110,CL,03/31/2020,Machine Shops,Kenosha,Southeast
Semco Windows and Doors,Merrill,141,20200102,CL,12/31/2019,Wood Window & Door Mfg.,Lincoln,North Central
Eastek Automated Circuit,Menomonee Falls,36,20200128,WR,03/31/2020,Printed Circuit Assembly Mfg,Waukesha,WOW
FPM Heat Treating,Milwaukee,27,20200130,CL,04/01/2020,Metal Heat Treating,Milwaukee,Milwaukee
Marquis Yachts,Pulaski,344,20200130,CL,03/01/2020,Boat Bldg,Brown,Bay Area
US Bank,Milwaukee,62,20200203,WR,04/06/2020,Commercial Banking,Milwaukee,Milwaukee
Compass Group,Neenah,30,20200203,CL,03/31/2020,Janitorial Services,Winnebago,Fox Valley
"IDEXX Distribution, Inc.",Marshfield,38,20200214,CL,05/01/2020,Veterinary Services,Wood,North Central
"IDEXX Distribution, Inc.",Waukesha,13,20200214,CL,05/01/2020,Veterinary Services,Waukesha,WOW
Riddell Sports Group Inc.,Sun Prairie,109,20200217,CL,04/10/2020,Sporting Goods Stores,Dane,South Central
Bear Down Logistics Central,Sussex,95,20200218,CL,04/13/2020,Local Messengers &amp; Local Delivery,Waukesha,Waukesha-Ozaukee-Washington
Black Horse Carriers Inc.,Pewaukee,68,20200224,CL,02/24/2020,General Freight Trucking Long Distance TL,Waukesha,Waukesha-Ozaukee-Washington,Y
Cascio Music Co. Inc.,New Berlin,71,20200224,CL,04/20/2020,Musical Instrument &amp; Supplies Stores,Waukesha,Waukesha-Ozaukee-Washington,Y
Knueppel Healthcare Services Inc.,West Allis,44,20200302,CL,04/30/2020,Food Health Supplement Stores,Milwaukee,Milwaukee
"Everbrite, LLC",Milwaukee,116,20200304,CL,04/27/2020,Sign Mfg.,Milwaukee,Milwaukee
Hutchinson Technology Inc.,Eau Claire,112,20200318,WR,05/16/2020,Computer Storage Device Mfg,Eau Claire,West Central
Punch Bowl Social,Milwaukee,91,20200319,WR,03/16/2020,Full-Service Restaurants,Milwaukee,Milwaukee
"Sub-Zero Group, Inc.",Fitchburg,1043,20200320,CL,03/22/2020,Major Household Appliance Manufacturing,Dane,South Central,Y
Tower Clock Eye Center,"Green Bay, Manitowoc, Oconto, Shawano",75,20200320,CL,05/18/2020,Offices of Physicians exc Mental Health,"Brown, Manitowoc, Oconto, Shawano",Bay Area
Holiday Inn Convention Center Stevens Point,Stevens Point,143,20200323,WR,03/21/2020,Hotels &amp; Motels exc Casino Hotels,Portage,North Central
Visual Impressions Inc,Milwaukee,41,20200323,WR,03/20/2020,Commercial Screen Printing,Milwaukee,Milwaukee
"Big Dot of Happiness, LLC",Menomonie,57,20200323,WR,03/18/2020,Electronic Shipping and Mail Order Houses,Dunn,West Central
Stroh Die Cast LLC,Mauston,71,20200323,CL,05/16/2020,Nonferrous Mtl Die-Casting Foundries,Juneau,Western
Wisconsin Central School Bus,Milwaukee,90,20200323,WR,03/16/2020,School &amp; Employee Bus Trans,Milwaukee,Milwaukee
Wisconsin Central School Bus,New Richmond,48,20200323,WR,03/16/2020,School &amp; Employee Bus Trans,St. Croix,West Central
Clearwing Production Inc.,Milwaukee,25,20200323,WR,03/16/2020,Independent Artists Writers &amp; Performers,Milwaukee,Milwaukee
Hyatt Regency Milwaukee,Milwaukee,112,20200323,WR,03/16/2020,Hotels &amp; Motels exc Casino Hotels,Milwaukee,Milwaukee
Mickeys Linen and Towel Supply Inc,Milwaukee,48,20200323,WR,03/18/2020,Linen Supply,Milwaukee,Milwaukee
Black Shoe Hospitality,Milwaukee,155,20200323,WR,03/16/2020,Commercial Bakeries/Full Service Restaurants,Milwaukee,Milwaukee
Eddie Martini's Enterprises,Wauwatosa,30,20200323,WR,03/17/2020,Full-Service Restaurants,Milwaukee,Milwaukee
Park Hotel Inc.,Madison,120,20200323,CL,03/22/2020,Hotels &amp; Motels exc Casino Hotels,Dane,South Central
HMS Host Corporation,Milwaukee,120,20200324,WR,03/20/2020,Limited-service restaurants,Milwaukee,Milwaukee
Holiday Inn &amp; Suites Wausau Rothschild,Rothschild,60,20200324,WR,03/24/2020,Hotels &amp; Motels exc Casino Hotels,Marathon,North Central,Y
The Edgewater Management Company,Madison,202,20200325,WR,03/18/2020,Hotels &amp; Motels exc Casino Hotels,Dane,South Central,Y
Hospitality Democracy LLC,Milwaukee,234,20200325,CL,03/16/2020,Full-Service Restaurants,Milwaukee,Milwaukee
Kettle Moraine YMCA,"West Bend, Port Washington",700,20200325,CL,03/17/2020,Civic &amp; Social Organizations,Washington,Waukesha-Ozaukee-Washington
Take 5 Oil Change,"Baraboo, Bellevue, Brookfield, Brown Deer, Cedarburg, Crivitz, De Pere, Fitchburg, Glendale, Green Bay, Hales Corner, Hartford, Kenosha, Merrill, Milwaukee, Mukwonago, New Berlin, New London, Oak Creek, Racine, Reedsburg, Sheboygan, Sun Prairie, Waukesha, Wauwatosa, West Allis, Wisconsin Rapids",140,20200325,WR,03/22/2020,Automotive Oil Change &amp; Lubrication Shops,"Brown, Dane, Dodge, Kenosha, Lincoln, Marinette, Milwaukee, Ozaukee, Racine, Sauk, Sheboygan, Waukesha, Waupaca, Wood","Bay Area, Fox Valley, Milwaukee, North Central, Southeast, South Central, Waukesha-Ozaukee-Washington"
Schroeder Moving Systems,New Berlin,29,20200326,WR,03/30/2020,Used Household &amp; Office Goods Moving,Waukesha,Waukesha-Ozaukee-Washington
MicroStar Quality Services,Green Bay,44,20200326,WR,03/27/2020,All Other Consumer Goods Rental,Brown,Bay Area
Altitude Trampoline Park,Appleton,67,20200326,WR,03/17/2020,All Other Amusement &amp; Recreation Ind,Outagamie,Bay Area
Great Lakes Services LLC,Madison,24,20200327,WR,04/03/2020,Hotels &amp; Motels exc Casino Hotels,Dane,South Central
Great Lakes Services LLC,Madison,69,20200327,WR,04/02/2020,Hotels &amp; Motels exc Casino Hotels,Dane,South Central
The Coopers Tavern,Madison,70,20200327,WR,03/17/2020,Full-Service Restaurants,Dane,South Central
Hubbard Avenue Diner,Middleton,65,20200327,WR,03/17/2020,Full-Service Restaurants,Dane,South Central
Cento Restaurant LLC,Madison,78,20200327,WR,03/17/2020,Full-Service Restaurants,Dane,South Central
Everly and Miko Poke,Madison,68,20200327,WR,03/17/2020,Full-Service Restaurants,Dane,South Central
Fresco Restaurant,Madison,43,20200327,WR,03/17/2020,Full-Service Restaurants,Dane,South Central
Catering A Fresco,Madison,68,20200326,CL,03/17/2020,Caterers,Dane,South Central
Tex Tubb's Taco Place,Madison,43,20200326,WR,03/17/2020,Full-Service Restaurants,Dane,South Central
Johnny Delomonico's,Madison,34,20200326,CL,03/17/2020,Full-Service Restaurants,Dane,South Central
Discovery Culinary Collaborative LLC,Madison,55,20200326,CL,03/17/2020,Full-Service Restaurants,Dane,South Central
Avenue Club,Madison,49,20200326,WR,03/17/2020,Full-Service Restaurants,Dane,South Central
Eldorado Grill,Madison,47,20200326,WR,03/17/2020,Full-Service Restaurants,Dane,South Central
Luigi's Pizzeria,Madison,34,20200326,WR,03/17/2020,Full-Service Restaurants,Dane,South Central
DLUX,Madison,49,20200326,WR,03/17/2020,Full-Service Restaurants,Dane,South Central
Canteen,Madison,42,20200326,CL,03/17/2020,Full-Service Restaurants,Dane,South Central
Bar Corallini,Madison,27,20200326,WR,03/17/2020,Full-Service Restaurants,Dane,South Central
Monty's Blue Plate Diner,Madison,54,20200326,WR,03/17/2020,Full-Service Restaurants,Dane,South Central
Market Street Diner,Sun Prairie,45,20200326,WR,03/17/2020,Full-Service Restaurants,Dane,South Central
Craftsman Table and Tap,Middleton,49,20200326,CL,03/17/2020,Full-Service Restaurants,Dane,South Central
Bassett Street Brunch Club,Madison,62,20200326,WR,03/17/2020,Full-Service Restaurants,Dane,South Central
Spectra Food Services and Hospitality,Green Bay,49,20200329,CL,03/26/2020,Food Service Contractors,Brown,Bay Area
Paper Source,Brookfield,9,20200330,WR,03/29/2020,Office Supplies &amp; Stationery Stores,Waukesha,Waukesha-Ozaukee-Washington
Paper Source,Glendale,9,20200330,WR,03/29/2020,Office Supplies &amp; Stationery Stores,Milwaukee,Milwaukee
Paper Source,Madison,13,20200330,WR,03/29/2020,Office Supplies &amp; Stationery Stores,Dane,South Central
Great Lakes Services,Baraboo,247,20200330,WR,03/16/2020,Hotels &amp; Motels exc Casino Hotels,Sauk,South Central
"Schulte Hospitality Group, Inc.",Milwaukee,30,20200330,WR,03/16/2020,Hotels &amp; Motels exc Casino Hotels,Milwaukee,Milwaukee
Collegiate Hotel Group,Madison,63,20200330,WR,03/16/2020,Hotels &amp; Motels exc Casino Hotels,Dane,South Central
"Schwaab, Inc.",Brookfield,42,20200330,WR,03/24/2020,Office Supplies (Exc Paper) Mfg,Waukesha,Waukesha-Ozaukee-Washington
Rexnord Industries LLC,Grafton,140,20200330,WR,06/05/2020,Conveyor &amp; Conveying Equip Mfg,Ozaukee,Waukesha-Ozaukee-Washington
"Stateline Boys and Girls Clubs, Inc",Beloit,28,20200330,WR,03/30/2020,Civic &amp; Social Organizations,Rock,Southwest
Reynolds Machine Company,New Berlin,36,20200330,WR,03/24/2020,Motor Vehicle Power Train Components Mfg,Waukesha,Waukesha-Ozaukee-Washington
Data Dimensions  ,Janesville,260,20200330,CL,05/29/2020,Description Data Processing Hosting & Related Services,Rock,Southwest
Stateline Family YMCA,Beloit,200,20200330,WR,03/16/2020,Civic & Social Organizations,Rock,Southwest
"SSA Group, LLC  ",Milwaukee,319,20200330,WR,03/29/2020,Limited-service restaurants,Milwaukee,Milwaukee
Delavan Lake Resort,Delavan,11,20200330,CL,03/16/2020,All Other Traveler Accommodation,Walworth,Southeast
Lake Lawn Resort,Delevan,305,20200330,CL,03/16/2020,Hotels & Motels exc Casino Hotels,Walworth,Southeast
YMCA of the Northwoods,Rhinelander,109,20200331,CL,03/17/2020,Civic & Social Organizations,Oneida,North Central
Cinemark USA Inc.,Kenosha,51,20200331,CL,03/26/2020,Motion Picture Theaters exc Drive Ins,Kenosha,Southeast
California Pizza Kitchen,Glendale,36,20200331,CL,03/22/2020,Full-service restaurants,Milwaukee,Milwaukee
FeraDyne Outdoors,Superior,226,20200331,CL,03/25/2020,Sporting & Athletic Goods Mfg,Douglas,Northwest
Stevens Point YMCA,Stevens Point,324,20200331,CL,03/18/2020,Civic &amp; Social Organizations,Portage,North Central
AJLS Enterprises Inc.,Madison,56,20200402,WR,04/03/2020,Ice Cream &amp; Frozen Dessert Mfg,Dane,South Central
PlayMonster LLC,Beloit,31,20200402,WR,04/06/2020,"Doll, Toy, &amp; Game Mfg",Rock,Southwest
Bartaco,Madison,67,20200402,CL,03/21/2020,Full-service restaurants,Dane,South Central
"Chandler Exhibits, Inc.",Hudson,34,20200402,CL,03/25/2020,Other Specialized Design Services,St. Croix,West Central
Bernick's,"Dresser, Superior",25,20200403,WR,04/01/2020,Other Grocery Product Merch Whls,"Polk, Douglas","West Central, Northwest"
Caleres Inc,Port Washington,213,20200403,CL,03/20/2020,Footwear Merch Whls,Ozaukee,WOW
Caleres/Woodlore Manufacturing,Port Washington,28,20200403,CL,03/20/2020,Misc Wood Product Mfg,Ozaukee,WOW
Gray & Associates,New Berlin,28,20200403,CL,04/03/2020,Offices of Lawyers,Waukesha,WOW
La Crosse Area Family YMCA  ,"La Crosse, Onalaska",562,20200403,WR,03/18/2020,Civic & Social Organizations,La Crosse,Western
eImprovement LLC,Pleasant Prairie,60,20200403,CL,04/30/2020,Electronic Shopping and Mail-Order Houses,Kenosha,Southeast
PC/Nametag Inc.,Verona,46,20200403,WR,04/06/2020,Electronic Shopping and Mail-Order Houses,Dane,South Central
Spectra Food Services and Hospitality,Baraboo,172,20200406,CL,03/26/2020,Food Service Contractors,Sauk,South Central
Chapter 2 Inc.,Lake Mills,26,20200406,WR,04/03/2020,Special Tool Die Jig & Fixture Mfg,Jefferson,South Central
"Van's Supply & Equipment, Inc.",Green Bay,37,20200406,WR,03/29/2020,New Car Dealers,Brown,Bay Area
YMCA of Greater Waukesha County,"Waukesha, Menomonee Falls, Greenfield, Wauwatosa, New Berlin, Mukwonago",1100,20200406,CL,03/17/2020,Civic & Social Organizations,"Waukesha, Milwaukee","WOW, Milwaukee"
YMCA of Dodge County,Beaver Dam,89,20200406,WR,03/16/2020,Civic & Social Organizations,Dodge,South Central
Uncle Julio's,Brookfield,93,20200406,CL,03/19/2020,Full-service restaurants,Waukesha,WOW
Woodson YMCA,Wausau,300,20200406,CL,03/17/2020,Fitness & Recreational Sports Centers,Marathon,North Central
Geneva Lakes Family YMCA,Lake Geneva,117,20200406,WR,03/17/2020,Civic & Social Organizations,Walworth,Southeast
"Hobby Lobby Stores, Inc.","Appleton, Brookfield, Eau Claire, Franklin, Green Bay, Janesville, Kenosha, Madison, Manitowoc, Menomonee Falls, Monona, Onalaska, Oshkosh, Racine, Rhinelander, Rice Lake, Waukesha, Wausau, Wauwatosa, West Allis, West Bend",639,20200406,CL,03/25/2020,Hobby Toy & Game Stores,"Barron, Brown, Dane, Eau Claire, Kenosha, La Crosse, Manitowoc, Marathon, Milwaukee, Oneida, Outagamie, Racine, Rock, Washington, Winnebago","Bay Area, Fox Valley, Milwaukee, North Central, South Central, Southeast, Southwest, Waukesha-Ozaukee-Washington, West Central, Western"
Greater Green Bay YMCA,"Green Bay, Brussels, Suring",829,20200406,WR,03/15/2020,Civic & Social Organizations,"Brown, Oconto, Door",Bay Area
Manitowoc-Two Rivers YMCA,Manitowoc,219,20200407,CL,04/06/2020,Civic & Social Organizations,Manitowoc,Bay Area
Advanced Pain Management,Greenfield,50,20200407,WR,05/01/2020,Offices of Physicians exc Mental Health,Milwaukee,Milwaukee,Y
Pace Industries,Grafton,381,20200408,WR,03/20/2020,Aluminum Die Casting Foundries,Ozaukee,Waukesha-Ozaukee-Washington
YMCA of the Chippewa Valley,"Chippewa Falls, Eau Claire, New Auburn",557,20200407,CL,03/19/2020,Civic & Social Organizations,"Chippewa, Eau Claire",West Central
Abercrombie & Fitch,"Appleton, La Crosse, Wauwatosa",123,20200408,CL,04/12/2020,Family Clothing Stores,"La Crosse, Milwaukee, Outagamie","Bay Area, Milwaukee, Western"
Prospect International Airport Services Corp.,Milwaukee,48,20200408,WR,04/22/2020,Other Airport Operations,Milwaukee,Milwaukee
Tetra PAK Processing Equipment Inc.,Windsor,39,20200409,CL,07/03/2020,Food Product Machinery Mfg,Dane,South Central
Meetings and Incentives Worldwide Inc,Caledonia,15,20200409,WR,03/05/2020,Convention &amp; Trade Show Organizers,Racine,Southeast
Server Products Inc,Richfield,53,20200409,WR,03/30/2020,Other Com &amp; Service Ind Machinery Mfg,Washington,Waukesha-Ozaukee-Washington
American Greetings,Statewide,153,20200408,WR,03/23/2020,All Other Support Services,Statewide,Statewide
Glacial Community YMCA,"Oconomowoc, Watertown",542,20200409,WR,03/16/2020,Civic &amp; Social Organizations,"Waukesha, Dodge","Waukesha-Ozaukee-Washington, South Central"
Patientpop,Menasha,1,20200410,WR,03/27/2020,Marketing Consulting Services,Winnebago,Fox Valley
"Hooters of America, LLC","Madison, Brookfield",61,20200410,WR,03/16/2020,Full-service restaurants,"Dane, Waukesha","South Central, Waukesha-Ozaukee-Washington"
Scholastic,Milwaukee,53,20200413,WR,03/18/2020,Book &amp Periodical Merch Whls,Milwaukee,Milwaukee
Safran Aerosystems Services Americas LLC,Menomonee Falls,29,20200413,WR,04/14/2020,Other Elect Equip Repair,Waukesha,Waukesha-Ozaukee-Washington
Nordstrom Inc.,"Madison, Wauwatosa",218,20200414,WR,04/05/2020,Deparment Stores,"Dane, Milwaukee","South Central, Milwaukee"
YMCA of Northern Rock County,"Janesville, Milton",142,20200414,WR,03/27/2020,Civic &amp; Social Organizations,Rock,Southwest
"Bars & Recreation, Inc.",Milwaukeee,38,20200414,WR,03/30/2020,Drinking Places Alcoholic Beverages,Milwaukee,Milwaukee
LSC Communications,Baraboo,393,20200415,WR,04/20/2020,Commercial Gravure Printing,Sauk,South Central
Ashley Furniture Industries Inc.,Whitehall,70,20200416,WR,04/16/2020,Upholstered Household Furn Mfg,Trempealeau,Western
Milwaukee Center for Independence,Milwaukee,128,20200417,WR,04/30/2020,Other Individual &amp; Family Services,Milwaukee,Milwaukee
The Finish Line,"Green Bay, Greendale, Janesville, Johnson Creek, Madison, Racine, Wauwatosa",131,20200417,WR,04/12/2020,Shoe Stores,"Brown, Dane, Jefferson, Milwaukee, Racine, Rock","Bay Area, Milwaukee, South Central, Southeast, Southwest"
The Finish Line Macy's,Wauwatosa,3,20200417,WR,04/02/2020,Shoe Stores,Milwaukee,Milwaukee
Baker Manufacturing Company LLC,Evansville,49,20200417,WR,04/20/2020,Other Com &amp; Service Ind Machinery Mfg,Rock,Southwest
Goodwill,"Ashland, Superior",20,20200420,WR,04/16/2020,Used Merchandise Stores,"Ashland, Douglas",Northwest
YMCA of the Fox Cities,"Appleton, Greenville, Kimberly, Neenah",1546,20200420,WR,03/16/2020,Civic &amp; Social Organizations,"Outagamie, Winnebago","Bay Area, Fox Valley"
Emmi Roth,Seymour,32,20200421,WR,04/13/2020,Cheese Mfg,Outagamie,Bay Area
Great Lakes Specialty Finance Inc.,"Wautoma, Portage, Delevan, Milwaukee, Sheboygan, Madison, Appleton, Fond du Lac, Beloit, Janesville, West Bend, Green Bay, Eau Claire, Wausau, Marinette, Hudson, Racine, Marshfield, Superior, Shawano",28,20200421,WR,05/01/2020,Consumer Lending,"Waushara, Columbia, Walworth, Milwaukee, Sheboygan, Dane, Outagamie, Fond du Lac, Rock, Washington, Brown, Eau Claire, Marathon, Marinette, St. Croix, Racine, Shawano","Southeast, Milwaukee, Waukesha-Ozaukee-Washington, Fox Valley, Bay Area, North Central, Northwest, West Central, South Central, Southwest"
Hutchinson Technology Inc.,Eau Claire,110,20200421,WR,05/28/2020,Computer Storage Device Mfg,Eau Claire,West Central
Marquis Yachts,Pulaski,117,20200423,WR,06/26/2020,Boat Bldg,Brown,Bay Area
Van Galder Bus / Coach USA,Janesville,258,20200423,WR,03/14/2020,Interurban &amp; Rural Bus Trans,Rock,Southwest
Hi-Crush Services,Whitehall,35,20200423,WR,03/30/2020,Ind Sand Mining,Trempealeau,Western
Hi-Crush Services,Taylor,32,20200423,WR,03/30/2020,Ind Sand Mining,Trempealeau,Western
Bed Bath &amp; Beyond Inc.,Brookfield,55,20200424,WR,04/04/2020,All Other Home Furnishings Stores,Waukesha,Waukesha-Ozaukee-Washington
Visionworks,"Kenosha, Milwaukee, Shorewood, West Allis, Wauwatosa, Greendale, Mequon, West Bend, Brookfield, Waukesha, Oconomowoc, Menomonee Falls, Eau Claire, La Crosse",97,20200422,CL,04/05/2020,Optical Goods Stores,"Eau Claire, Kenosha, La Crosse, Milwaukee, Ozaukee, Washington, Waukesha","Southeast, Milwaukee, Waukesha-Ozaukee-Washington, West Central, Western"
Metals USA Carbon Flat Rolled Inc,Horicon,10,20200427,WR,04/23/2020,Metal Merch Whls,Dodge,South Central
Global Finishing Solutions,Osseo,94,20200427,WR,04/28/2020,Sheet Metal Work Mfg,Trempealeau,Western
Smart Sand Inc.,Tomah,55,20200428,WR,05/01/2020,Ind Sand Mining,Monroe,Western
The Hertz Corporation,Milwaukee,38,20200428,WR,04/14/2020,Passenger Car Rental,Milwaukee,Milwaukee
Footlocker.com/Eastbay,Wausau,1,20200428,WR,04/26/2020,Managing Offices,Marathon,North Central,Y
Foot Locker,"Appleton, Brookfield, Glendale, Green Bay, Greendale, La Crosse, Madison, Milwaukee, Racine, Wauwatosa",261,20200428,WR,04/26/2020,Shoe Stores,"Brown, Dane, La Crosse, Milwaukee, Outagamie, Racine, Waukesha","Bay Area, Milwaukee County, South Central, Southeast, WOW, Western"
Enterprise Holdings,"Waukesha, Oak Creek, Milwaukee",260,20200429,WR,03/23/2020,Passenger Car Rental,"Waukesha, Milwaukee","Milwaukee, WOW"
Sheraton Milwaukee Brookfield Hotel,Brookfield,101,20200430,WR,03/27/2020,Hotels &amp; Motels exc Casino Hotels,Waukesha,Waukesha-Ozaukee-Washington
Bluegreen Vacations,Wisconsin Dells,242,20200430,WR,03/27/2020,Lessors of Residentials Bldgs,Sauk,South Central
Covia Corp.,Tomah,32,20200504,WR,05/04/2020,Ind Sand Mining,Monroe,Western
Holy Family College,Manitowoc,110,20200506,CL,05/06/2020,Colleges &amp; Universities,Manitowoc,Bay Area
Eastbay Retail Store,Wausau,21,20200428,WR,04/26/2020,Shoe Stores,Marathon,North Central
Badger Mining Corporation,Taylor,38,20200514,WR,05/14/2020,Ind Sand Mining,Jackson,Western
Atrium Hospitality,Middleton,125,20200518,WR,03/12/2020,Hotels & Motels exc Casino Hotels,Dane,South Central
Foremost Farms USA,Chilton,50,20200518,CL,07/17/2020,Cheese Mfg,Calumet,Fox Valley
"Wigwam Mills, Inc.",Sheboygan,121,20200522,WR,06/01/2020,Other Hosiery & Sock Mills,Sheboygan,Bay Area
Documation LLC,Eau Claire,28,20200526,WR,06/09/2020,Commercial Gravure Printing,Eau Claire,West Central
BRP US,Sturtevant,387,20200527,WR,05/27/2020,Other Engine Equip Mfg,Racine,Southeast,Y
Alkar-Rapid Pak Inc.,Lodi,25,20200528,WR,05/18/2020,Food Product Machinery Mfg,Columbia,South Central
Renaissance Manufacturing Group,Waukesha,120,20200601,CL,07/31/2020,Iron Foundries,Waukesha,Waukesha-Ozaukee-Washington
Union Cab of Madison Cooperative,Madison,126,20200601,WR,03/22/2020,Taxi Service,Dane,South Central
Humane Manufacturing LLC,Janesville,21,20200601,CL,07/31/2020,Resilient Floor Covering Mfg.,Rock,Southwest
"BMR NO. 1, LLC dba Arrow Hyundai",West Allis,57,12/22/2016,CL,03/01/2017,New Car Dealers,Milwaukee,Milwaukee
"Walter USA, LLC.",Waukesha,39,12/12/2016,WR,02/10/2017,Cutting Tool & Machine Tool Accessory Mfg,Waukesha,WOW
The Lutheran Home: River Falls,River Falls,62,12/8/2016,CL,02/09/2016,Nursing Care Facilities (Skilled Nursing),St Croix,West Central
Clearwater Paper,Neenah,91,11/30/2016,WR,12/31/2016,Paper exc Newsprint Mills,Winnebago,Fox Valley
Masonite Corporation,Algoma,180,11/9/2016,CL,01/13/2017,Wood Window & Door Mfg,Kewaunee,Bay Area
Terex Utilities,Waukesha,92,11/9/2016,CL,01/06/2017,Motor Vehicle Body Mfg,Waukesha,WOW
Milwaukee Center for Independence,Milwaukee,1062,11/2/2016,WR,12/31/2016,Other Individual & Family Services,Milwaukee,Milwaukee
Gossen Corporation,Glendale,92,11/1/2016,CL,11/01/2016,Unlaminated Plastics Profile Shape Mfg,Milwaukee,Milwaukee
Cumberland Healthcare,Cumberland,76,10/31/2016,CL,12/31/2016,General Medical & Surgical Hospitals,Barron,West Central
"TreeHouse Private Brands, Inc.",Ripon,51,10/10/2016,CL,11/18/2016,Cookie & Cracker Mfg,Fond du Lac,Fox Valley
Home Security of America (HSA),Cross Plains,121,10/7/2016,CL,12/06/2016,Appliance Repair & Maint,Dane,South Central
Owens Corning,Ladysmith,71,10/3/2016,CL,11/30/2016,Custom Architectural Woodwork & Millwork,Rusk,Northwest
Gannett Publishing Services,Waupaca,52,10/3/2016,CL,12/03/2016,Commercial Gravure Printing,Waupaca,Fox Valley
UTi,Sturtevant,200,9/20/2016,CL,01/15/2017,General Warehousing & Storage,Racine,Southeast
"Brillion Iron Works, Inc.",Brillion,340,9/19/2016,CL,11/11/2016,Iron Foundries,Calumet,Fox Valley
Graebel Moving Services,Wausau,50,9/14/2016,WR,11/14/2016,Managing Offices,Marathon,North Central
Spirit Manufacturing Inc.,New Berlin,60,9/1/2016,CL,11/18/2016,Machine Shops,Waukesha,WOW
Manitowoc Cranes,Manitowoc,528,8/10/2016,CL,10/01/2016,Construction Machinery Mfg,Manitowoc,Bay Area
Manitowoc Cranes - Revision 1,Manitowoc,528,10/14/2016,LS,01/06/2017,Construction Machinery Mfg,Manitowoc,Bay Area
Sentry,Waukesha,37,8/3/2016,CL,10/03/2016,Supermarkets & Other Grocery Stores,Waukesha,WOW
Caterpillar Inc.,Prentice,152,8/2/2016,CL,09/30/2016,All Other Ind Machinery Mfg,Price,Northwest
Southern Wisconsin Foods,Reedsburg,22,7/13/2016,CL,09/01/2016,Limited-service restaurants,Sauk,South Central
"Piggly Wiggly Midwest, LLC.",Sheboygan,83,7/13/2016,CL,09/01/2016,Supermarkets & Other Grocery Stores,Sheboygan,Bay Area
"Cascade Purchase Holdings, Inc. (d/b/a New Hampshire Industries, Inc.)",Horicon,39,7/1/2016,CL,09/28/2016,Hardware Mfg,Dodge,South Central
HUSCO International,Waukesha,97,7/1/2016,WR,09/16/2016,Managing Offices,Waukesha,WOW
Sports Authority,Greenfield,46,6/27/2016,CL,08/19/2016,Sporting Goods Stores,Milwaukee,Milwaukee
Sports Authority - Revision 1,Greenfield,46,7/15/2016,LS,07/18/2016,Sporting Goods Stores,Milwaukee,Milwaukee
CompuCom,Waukesha,16,6/27/2016,CL,08/31/2016,Computer & Software Merch Whls,Waukesha,WOW
Southern Wisconsin Foods dba Burger King,Milton,20,6/20/2016,CL,07/31/2016,Limited-service restaurants,Rock,Southwest
Global Industrial Services Inc.,Milwaukee,27,6/20/2016,CL,08/15/2016,Ind Machinery Merch Whls,Milwaukee,Milwaukee
Air Wisconsin Airlines,Milwaukee,53,6/6/2016,CL,08/18/2016,Scheduled Passenger Air Trans,Milwaukee,Milwaukee
Ameridrives International,Green Bay,37,6/6/2016,CL,08/02/2016,Mechanical Power Transmission Equip Manufacturing,Brown,Bay Area
"Foster Needle Co., Inc.",Manitowoc,64,6/1/2016,CL,07/31/2016,Fastener Button Needle & Pin Mfg,Manitowoc,Bay Area
"Experience Works, Inc.",West Bend,5,5/31/2016,CL,07/01/2016,Vocational Rehabilitation Services,Washington,WOW
Anchor Bank FSB - Main Street,Madison,46,5/19/2016,WR,09/30/2016,Savings Institutions,Dane,South Central
Anchor Bank FSB - East Towne Blvd.,Madison,46,5/19/2016,WR,09/30/2016,Savings Institutions,Dane,South Central
Anchor Bank FSB - City View Dr.,Madison,46,5/19/2016,WR,09/30/2016,Savings Institutions,Dane,South Central
Anchor Bank FSB - Holiday Drive,Janesville,1,5/19/2016,WR,09/30/2016,Savings Institutions,Rock,Southwest
Anchor Bank FSB - Division Street,Stevens Point,1,5/19/2016,WR,09/30/2016,Savings Institutions,Portage,North Central
"Graphic Packaging International, Inc.",Menasha,230,5/18/2016,CL,07/16/2016,Coated & Laminated Packaging Paper Mfg,Winnebago,Fox Valley
Sodexo,Waukesha,78,5/18/2016,CL,06/15/2016,Food Service Contractors,Waukesha,WOW
Sears Holding Company,Wausau,33,5/16/2016,CL,08/07/2016,Department Stores exc Discount,Marathon,North Central
Sears Holding Company,Wausau,3,5/16/2016,CL,08/07/2016,Automotive Parts & Accessories Stores,Marathon,North Central
Monsanto Company,Middleton,30,5/12/2016,CL,07/12/2016,Other Chemicals Merch Whls,Dane,South Central
"Tyson Foods, Inc.",Jefferson,248,5/9/2016,CL,07/09/2016,Meat Processed from Carcasses,Jefferson,South Central
"Joy Global, Inc.",Milwaukee,130,5/11/2016,"CL, AW",11/30/2015,Overhead Cranes Hoists and Monorail Systems,Milwaukee,Milwaukee
Kraft Heinz Foods Company,Madison,561,4/25/2016,WR,06/30/2016,Meat Processed from Carcasses,Dane,South Central
"United Solutions, Inc.",Pleasant Prairie,161,4/19/2016,CL,06/24/2016,Packaging & Labeling Services,Kenosha,Southeast
Fairmont Santrol,Hagar City,3,4/14/2016,WR,04/14/2016,Ind Sand Mining,Pierce,West Central
Fairmont Santrol,Maiden Rock,39,4/14/2016,WR,04/14/2016,Ind Sand Mining,Pierce,West Central
Fairmont Santrol,Menomonie,13,4/14/2016,WR,04/14/2016,Ind Sand Mining,Dunn,West Central
"Kohl's Department Stores, Inc.",Brown Deer,83,4/8/2016,CL,06/19/2016,Office Admin Services,Milwaukee,Milwaukee
Rock-Walworth Comprehensive Family Services Inc.-Janesville Community Kids,Janesville,10,3/24/2016,WR,05/25/2016,Child Day Care Services,Rock,Southwest
Rock-Walworth Comprehensive Family Services Inc.-Walworth Co. RWCFS,Delavan,10,3/24/2016,WR,05/25/2016,Child Day Care Services,Walworth,Southeast
Rock-Walworth Comprehensive Family Services Inc.-Janesville Head Start,Janesville,10,3/24/2016,WR,05/25/2016,Child Day Care Services,Rock,Southwest
Rock-Walworth Comprehensive Family Services Inc.-Lake Geneva,Lake Geneva,10,3/24/2016,WR,05/25/2016,Child Day Care Services,Walworth,Southeast
Rock-Walworth Comprehensive Family Services Inc.-Delavan,Delavan,10,3/24/2016,WR,05/25/2016,Child Day Care Services,Walworth,Southeast
Rock-Walworth Comprehensive Family Services Inc.-Beloit,Beloit,10,3/24/2016,WR,05/25/2016,Child Day Care Services,Rock,Southwest
Rock-Walworth Comprehensive Family Services Inc.-Sharon,Sharon,10,3/24/2016,WR,05/25/2016,Child Day Care Services,Walworth,Southeast
Rock-Walworth Comprehensive Family Services Inc.-Whitewater,Whitewater,10,3/24/2016,WR,05/25/2016,Child Day Care Services,Walworth,Southeast
Rock-Walworth Comprehensive Family Services Inc.-Beloit Hackett Head Start,Beloit,10,3/24/2016,WR,05/25/2016,Child Day Care Services,Rock,Southwest
Superior Silica Sands,New Auburn,9,3/24/2016,WR,03/21/2016,Construction Sand & Gravel Mining,Barron,West Central
Superior Silica Sands,Prairie Farm,10,3/24/2016,WR,03/21/2016,Construction Sand & Gravel Mining,Barron,West Central
Superior Silica Sands,Chetek,10,3/24/2016,WR,03/21/2016,Construction Sand & Gravel Mining,Barron,West Central
Superior Silica Sands,Barron,10,3/24/2016,WR,03/21/2016,Construction Sand & Gravel Mining,Barron,West Central
Superior Silica Sands-Arland Facility,Clayton,10,3/24/2016,WR,03/21/2016,Construction Sand & Gravel Mining,Polk,West Central
Superior Silica Sands-CRM Facility,Clayton,10,3/24/2016,WR,03/21/2016,Construction Sand & Gravel Mining,Polk,West Central
Superior Silica Sands-FLS Facility,Clayton,10,3/24/2016,WR,03/21/2016,Construction Sand & Gravel Mining,Polk,West Central
Unimin Corporation,Tunnel City,65,3/24/2016,CL,03/21/2016,Ind Sand Mining,Monroe,Western
Unimin Corporation - Revision 1,Tunnel City,0,7/7/2016,RN,03/21/2016,Ind Sand Mining,Monroe,Western
Rock-Walworth Comprehensive Family Services Inc.-Merrill Head Start,Janesville,10,3/24/2016,WR,05/25/2016,Child Day Care Services,Rock,Southwest
"Maslow Media Group, Inc.",Milwaukee,1,3/21/2016,CL,04/20/2016,Teleproduction & Postproduction Services,Milwaukee,Milwaukee
"Five Star Quality Care, Inc.",Pewaukee,144,3/8/2016,CL,05/17/2016,Assisted Living Facilities for the Elderly,Waukesha,WOW
"OEM Fabricators, Inc.",Baldwin,34,3/3/2016,CL,04/30/2016,Other Industrial Machinery Mfg,St. Croix,West Central
W.D. Hoard & Sons Co.,Fort Atkinson,3,3/31/2016,LS,04/15/2016,Commercial Gravure Printing,Jefferson,South Central
Mexican Accent LLC,New Berlin,155,2/19/2016,CL,04/22/2016,Other Snack Food Mfg,Waukesha,WOW
"Publications International, Ltd.",Yorkville,50,2/2/2016,CL,04/01/2016,Book & Periodical Merch Whls,Racine,South East
Eaton Corporation,Watertown,91,2/24/2016,AW,06/30/2015,Relay & Ind Control Mfg,Jefferson,South Central
Manitowoc Cranes,Port Washington,80,2/22/2016,RN,06/02/2016,Misc Fabricated Metal Product Mfg,Ozaukee,WOW
BuySeasons,New Berlin,128,1/29/2016,CL,04/01/2016,Other Cut and Sew Apparel Manufacturing,Waukesha,WOW
JP Morgan Chase & Co,Milwaukee,135,1/26/2016,WR,03/26/2016,Commercial Banking,Milwaukee,Milwaukee
Walmart #3030,Wauwatosa,78,1/19/2016,CL,04/15/2016,Supermarkets & Other Grocery Stores,Milwaukee,Milwaukee
Walmart #3031,Menomonee Falls,76,1/19/2016,CL,04/15/2016,Supermarkets & Other Grocery Stores,Waukesha,WOW
Walmart #3496,Milwaukee,272,1/19/2016,CL,04/15/2016,Supermarkets & Other Grocery Stores,Milwaukee,Milwaukee
Walmart #5698,Waukesha,61,1/19/2016,CL,04/15/2016,Supermarkets & Other Grocery Stores,Waukesha,WOW
Sealed Air Corporation,Mount Pleasant,45,1/15/2016,CL,03/31/2016,Ind Paper Merch Whls,Racine,Southeast
Sealed Air Corporation - Revision 1,Mount Pleasant,45,5/5/2016,LS,03/25/2016,Ind Paper Merch Whls,Racine,Southeast
Grainger - Imperial Supplies,Green Bay,50,1/11/2016,WR,03/18/2016,Hardware Merch Whls,Brown,Bay Area
"Oscar Meyer Div, Kraft Heinz Food Company",Madison,141,1/6/2016,CL,"02/26/2016
DaneSouth Central",Meat Processed from Carcasses,Dane,South Central
W.D. Hoard & Sons Co.,Fort Atkinson,3,1/29/2016,LS,03/18/2016,Commercial Gravure Printing,Jefferson,South Central
"ConAgra Foods, Inc.",Ripon,285,1/25/2016,LS,04/01/2016,Cookie & Cracker Mfg,Winnebago,Fox Valley
Sealed Air Corporation,Sturtevant,29,1/15/2016,LS,03/15/2016,Ind Paper Merch Whls,Racine,Southeast
F + W Media,Iola,41,12/22/2017,WR,12/21/2017,Periodical Publishers,Waupaca,Fox Valley
F + W Media - Revision 1,Iola,0,1/29/2018,RN,12/21/2017,Periodical Publishers,Waupaca,Fox Valley
Centro Hispano Milwaukee,Milwaukee,88,11/17/2017,WR,01/21/2018,Other Individual & Family Services,Milwaukee,Milwaukee
K-Mart,Stevens Point,45,11/13/2017,CL,01/21/2018,Discount Department Stores,Portage,North Central
"Authenticom, Inc.",La Crosse,55,11/8/2017,WR,02/02/2018,Data Processing Hosting & Related Services,La Crosse,Western
"Bosch Packaging Technology, Inc.",Shell Lake and New Richmond,35,11/6/2017,CL,01/01/2018,Ind Machinery Merch Whls,St. Croix and Washburn,Northwest and West Central
Ryder Integrated Logistics Inc,Greenville,159,10/30/2017,CL,12/31/2017,General Freight Trucking Long Distance TL,Outagamie,Bay Area
"U.S. Paper Converters, Inc.",Appleton,52,10/23/2017,CL,12/31/2017,All Other Converted Paper Product Mfg.,Outagamie,Bay Area
"U.S. Paper Converters, Inc. - Revision 1",Appleton,52,11/15/2017,LS,12/21/2017,All Other Converted Paper Product Mfg.,Outagamie,Bay Area
Molina Healthcare Inc.,Milwaukee,53,10/17/2017,WR,12/15/2017,Managing Offices,Milwaukee,Milwaukee
Molina Healthcare Inc. - Revision 1,Milwaukee,59,12/11/2017,"AW, LS",03/01/2018,Managing Offices,Milwaukee,Milwaukee
Molina Healthcare Inc. - Revision 2,Milwaukee,78,12/12/2017,AW,03/01/2018,Managing Offices,Milwaukee,Milwaukee
Spartech Packaging,Ripon,70,10/5/2017,CL,12/04/2017,Nonpackaging Plastics Film & Sheet Mfg,Fond du Lac,Fox Valley
Webcrafters,Waunakee,258,10/2/2017,CL,12/31/2017,Books Printing,Dane,South Central
Mad Design and Marketing,Madison,2,9/29/2017,WR,11/01/2017,Marketing Consulting Services,Dane,South Central
Mad Design and Marketing - Revision 1,Madison,2,10/9/2017,LS,10/01/2017,Marketing Consulting Services,Dane,South Central
Appvion,Appleton,61,9/18/2017,CL,10/15/2017,Paper Bag & Coated & Treated Paper Mfg,Outagamie,Bay Area
Ryder,Beaver Dam,100,9/14/2017,CL,12/15/2017,Refrigerated Warehousing & Storage,Dodge,South Central
"Pioneer Metal Finishing, LLC",Oshkosh,52,9/13/2017,CL,11/13/2017,Metal Coating & Nonprecious Engraving,Winnebago,Fox Valley
"Mega Mart, LLC. (dba Pick 'n Save)",Janesville,71,9/6/2017,CL,11/04/2017,Supermarkets & Other Grocery Stores,Rock,Southwest
Jackson National Life Insurance,Appleton,11,9/1/2017,CL,11/01/2017,Direct Life Insurance Carriers,Outagamie,Bay Area
Jackson National Life Insurance - Revision 1,Appleton,34,12/18/2017,"AW, LS",02/16/2018,Direct Life Insurance Carriers,Outagamie,Bay Area
Jackson National Life Insurance - Revision 2,Appleton,115,1/29/2018,"AW, LS",04/17/2018,Direct Life Insurance Carriers,Outagamie,Bay Area
Jackson National Life Insurance - Revision 3,Appleton,145,1/30/2018,"AW, LS",03/16/2018,Direct Life Insurance Carriers,Outagamie,Bay Area
"Gordy's Chippewa Foods, Inc.","Arcadia, Augusta, Barron, Black River Falls, Chetek, Chippewa Falls, Cornell, Eau Claire, Galesville, Hayward, La Crosse, Ladysmith, Neillsville, Rice Lake, Richland Center, Shell Lake, Spencer, Stanley, Tomah, Whitehall",1008,8/29/2017,CL,10/28/2017,Supermarkets & Other Grocery Stores,"Barron, Chippewa, Clark, Eau Claire, Jackson, La Crosse, Marathon, Monroe, Richland, Rusk, Sawyer, Trempealeau, Washburn","North Central, Northwest, Southwest, West Central, Western"
Fortis Management Group LLC,Milwaukee,225,8/22/2017,CL,10/22/2017,Managing Offices,Milwaukee,Milwaukee
Appleton Coated LLC,Combined Locks,620,8/21/2017,CL,10/16/2017,Paper exc Newsprint Mills,Outagamie,Bay Area
"PDQ Food Stores, Inc.","Fitchburg, Kenosha, Madison, Middleton, Waukesha",313,8/7/2017,CL,10/09/2017,Gasoline Stations with Convenience Stores,"Dane, Kenosha, Waukesha","Southeast, South Central, WOW"
"Thunder Pallet, Inc.",Theresa,42,8/2/2017,CL,10/02/2017,Wood Container & Pallet Mfg,Dodge,South Central
"Marobo, LLC",Mayville,4,8/2/2017,CL,10/02/2017,Wood Container & Pallet Mfg,Dodge,South Central
Brennan's Market,"Brookfield, Madison, Monroe, New Glarus, & Oconomowoc",139,8/1/2017,CL,09/30/2017,All Other Specialty Food Stores,"Dane, Green, & Waukesha","South Central, Southwest, & WOW"
"The Carlson Company, Inc.",Madison,49,7/25/2017,CL,07/25/2017,Custom Architectural Woodwork & Millwork,Dane,South Central
Black Bear Bottling Group LLC,Oak Creek,76,7/19/2017,CL,09/15/2017,Soft Drink Mfg,Milwaukee,Milwaukee
Sears Auto Center,Greendale,8,7/10/2017,CL,09/17/2017,Automotive Parts & Accessories,Milwaukee,Milwaukee
Sears Store,Greendale,88,7/10/2017,CL,09/17/2017,Department Stores exc Discount,Milwaukee,Milwaukee
Gander Mountain,"Deforest, Franklin, Green Bay, Janesville, Kenosha, Onalaska, Rothschild, Waukesha, West Baraboo",371,7/3/2017,CL,08/30/2017,Sporting Goods Stores,"Brown, Dane, Kenosha, La Crosse, Marathon, Milwaukee, Rock, Sauk, Waukesha","Bay Area, Milwaukee, North Central, South Central, Southeast, Southwest, Western, WOW"
Imperial Laundry Systems LLC,Racine,121,6/23/2017,CL,08/23/2017,Drycleaning & Laundry Services,Racine,Southeast
Kmart,La Crosse,68,6/13/2017,CL,09/03/2017,Discount Department Stores,La Crosse,Western
Kmart,Medford,57,6/13/2017,CL,09/03/2017,Discount Department Stores,Taylor,Northwest
Kmart,West Allis,114,6/13/2017,CL,09/03/2017,Discount Department Stores,Milwaukee,Milwaukee
SaintA,Milwaukee,82,6/7/2017,WR,08/15/2017,Residential Mental & Substance,Milwaukee,Milwaukee
ADSEA Wisconsin,Portage,58,6/5/2017,CL,08/01/2017,Motor Vehicle Merch Whls,Columbia,South Central
Goetz Companies (dba Petro of Portage Travel Center),Portage,104,5/30/2017,CL,07/31/2017,Gasoline Stations with Convenience Stores,Columbia,South Central
"Zalk Josephs Fabricators, LLC",Stoughton,55,5/30/2017,WR,06/22/2017,Fabricated Structural Metal Mfg,Dane,South Central
"Colony Brands, Inc.",Madison,103,5/23/2017,CL,12/29/2017,Mail Order Houses,Dane,South Central
Modern Equipment Company LLC,Port Washington,59,5/4/2017,CL,07/10/2017,Other Industrial Machinery Mfg,Ozaukee,WOW
Babcock and Wilcox Universal,Beloit,55,4/5/2017,WR,06/03/2017,Misc General Purpose Machinery Mfg,Rock,Southwest
"VF Outdoor, LLC",Appleton,380,4/4/2017,WR,06/09/2017,Commercial Screen Printing,Outagamie,Bay Area
"Compass Group USA, Inc. dba Chartwells",Whitewater,302,4/4/2017,CL,05/31/2017,Food Service Contractors,Jefferson,South Central
Dollar Express,"Appleton, Eau Claire, Milwaukee, St. Francis",50,4/3/2017,CL,06/30/2017,All Other General Merchandise Stores,"Eau Claire, Milwaukee, Outagamie","Bay Area, Milwaukee, West Central"
"The Garvey Group, LLC","Franklin, Sturtevant, Milwaukee",66,4/3/2017,CL,06/01/2017,Commercial Gravure Printing,"Milwaukee, Racine","Milwaukee, Southeast"
The Garvey Group LLC - Revision 1,"Franklin, Milwaukee",66,7/21/2017,LS,07/31/2017,Commercial Gravure Printing,Milwaukee,Milwaukee
Tulip Molded Plastics Corp.,Milwaukee,136,3/31/2017,CL,07/02/2017,All Other Plastics Product Mfg,Milwaukee,Milwaukee
"Alorica, Inc.",La Crosse,137,3/27/2017,WR,05/26/2017,Telemarketing & Other Contact Centers,La Crosse,Western
SP Plus Corporation,Milwaukee,60,3/27/2017,CL,03/31/2017,Parking Lots & Garages,Milwaukee,Milwaukee
Gannett Consumer Solutions Center,Milwaukee,24,3/14/2017,CL,05/12/2017,Newspaper Publishers,Milwaukee,Milwaukee
River Steel,West Salem,20,3/7/2017,CL,03/31/2017,Fabricated Structural Metal Mfg,La Crosse,Western
Spredfast Inc.,Madison,47,2/7/2017,CL,02/07/2017,Marketing Consulting Services,Dane,South Central
"Promotions Unlimited (Roosevelt Capital, LLC)",Racine,77,2/6/2017,CL,01/17/2017,Other Nondurable Goods Merch Whls,Racine,Southeast
Gannett Publishing Services,Wausau,30,2/3/2017,CL,04/02/2017,Commercial Gravure Printing,Wausau,North Central
"River City Distributing Co., Inc.",Watertown,107,1/23/2017,CL,03/31/2017,Beer & Ale Merch Whls,Jefferson,South Central
McKesson Corporation,La Crosse,67,1/17/2017,CL,03/31/2017,Druggists Goods Merch Whls,La Crosse,Western
Prinsco,Appleton,33,12/5/2018,CL,02/04/2019,Plastics Pipe & Pipe Fitting Mfg,Outagamie,Bay Area
GE Global Operations,Wauwatosa,63,11/26/2018,WR,01/12/2019,Electromedical Apparatus Mfg,Milwaukee,Milwaukee
Kmart Corporation,Cudahy,75,11/13/2018,CL,01/31/2019,Department Stores,Milwaukee,Milwaukee
Intercontinental Milwaukee,Milwaukee,115,11/9/2018,CL,01/08/2019,Hotels & Motels exc Casino Hotels,Milwaukee,Milwaukee
Beechworth Windows,Ladysmith,80,11/8/2018,CL,01/07/2019,All Other Plastics Product Mfg,Rusk,Northwest
Target Corporation,Greenfield,138,10/30/2018,CL,02/02/2019,Department Stores,Milwaukee,Milwaukee
"Sunlite Plastics, Inc.",Germantown,58,10/29/2018,WR,10/29/2018,Unlaminated Plastics Profile Shape Mfg,Washington,WOW
Milwaukee Athletic Club,Milwaukee,97,10/25/2018,CL,12/27/2018,Civic & Social Organizations,Milwaukee,Milwaukee
Bimbo Bakeries USA,Madison,159,10/23/2018,CL,01/02/2019,Commercial Bakeries,Dane,South Central
"Black Horse Carriers, Inc.",Kenosha,107,10/19/2018,CL,01/22/2019,General Freight Trucking Long Distance TL,Kenosha,Southeast
Home Owners Bargain Outlet,"Milwaukee, West Allis",104,10/17/2018,CL,12/20/2018,Home Centers,Milwaukee,"Employ Milwaukee, Inc."
Southwire/Coleman Cable,Pleasant Prairie,65,10/5/2018,CL,12/04/2018,Whls Trade Agents & Brokers,Kenosha,Southeast
Hi-Crush,Whitehall,37,10/2/2018,WR,09/28/2018,Description: Ind Sand Mining,Trempealeau,Western
Silgan Containers,Plover,30,9/20/2018,WR,11/24/2018,Metal Can Mfg,Portage,North Central
Marshfield Clinic Health System,Marshfield,25,9/17/2018,WR,08/16/2018,HMO – Medical Centers,Wood,North Central
Midwest Senior Living,Thiensville,30,9/1/2018,CL,11/01/2018,Assisted Living Facilities for the Elderly,Ozaukee,WOW
P.F. Chang's,Middleton,36,8/31/2018,CL,09/01/2018,Full-service restaurants,Dane,South Central
"ACCO Brands USA, LLC",Pleasant Prairie,54,8/28/2018,CL,10/26/2018,Office Supplies Merch Whls,Kenosha,Southeast
"Com-Tec Security, LLC",Greenville,23,8/9/2018,CL,07/31/2018,Computer Systems Design Services,Outagamie,Bay Area
OneTouchPoint,Green Bay,30,8/8/2018,WR,08/01/2018,Commercial Gravure Printing,Brown,Bay Area
Best Buy,Grafton,68,8/8/2018,CL,11/03/2018,Electronics Stores,Ozaukee,WOW
Midwest Senior Living,Appleton,54,8/6/2018,CL,10/01/2018,Managing Offices,Outagamie,Bay Area
West Corporation,Middleton,112,8/2/2018,WR,08/31/2018,Telemarketing & Other Contact Centers,Dane,South Central
West Corporation,Green Bay,36,8/2/2018,WR,08/31/2018,Telemarketing & Other Contact Centers,Brown,Bay Area
Schuman Cheese,Fall Creek,51,7/16/2018,WR,07/12/2018,Cheese Mfg,Eau Claire,West Central
"The Fresh Market, Inc.","Brookfield, Fox Point",102,7/10/2018,CL,08/03/2018,Supermarkets and Other Grocery Stores,"Milwaukee, Waukesha","Milwaukee, WOW"
Mayline (DBA Safco Products Co.),Sheboygan,127,7/2/2018,CL,09/04/2018,Office Furn exc Wood Mfg,Sheboygan,Bay Area
Mayline (DBA Safco Products Co.) - Revision 1,Sheboygan,127,9/4/2018,LS,11/02/2018,Office Furn exc Wood Mfg,Sheboygan,Bay Area
Mayline (DBA Safco Products Co.) - Revision 2,Sheboygan,127,10/1/2018,LS,09/04/2018,Office Furn exc Wood Mfg,Sheboygan,Bay Area
GE Energy,Waukesha,236,6/29/2018,CL,08/31/2018,Other Engine Equip Mfg,Waukesha,Waukesha-Ozaukee-Washington
Cooper Power Systems,Waukesha,52,6/29/2018,WR,09/07/2018,Elect Power & Specialty Transformer Mfg,Waukesha,Waukesha-Ozaukee-Washington
Ariens Company,Janesville,141,6/19/2018,CL,08/20/2018,Lawn & Garden Equip Mfg,Rock,Southwest
"Roche Nimblegen, Inc.",Madison,79,6/19/2018,CL,12/31/2018,Research & Dvlp in Biotech (except Nanobio),Dane,South Central
"Daniels of Janesville, LLC",Janesville,49,6/19/2018,CL,08/15/2018,Supermarkets & Other Grocery Stores,Rock,Southwest
DHL Supply Chain,Mequon,59,6/18/2018,CL,08/10/2018,General Freight Trucking Long Distance TL,Ozaukee,Waukesha-Ozaukee-Washington
Piggly Wiggly #24,Menasha,69,6/18/2018,CL,08/18/2018,Supermarkets and Other Grocery Stores,Winnebago,Fox Valley
Wells Fargo,Menomonee Falls,46,6/7/2018,CL,10/01/2018,Portfolio Management,Waukesha,Waukesha-Ozaukee-Washington
BMO Harris Bradley Center,Milwaukee,651,5/24/2018,CL,08/10/2018,Other Spectator Sports,Milwaukee,Milwaukee
"Western Industries, Inc.",Watertown,85,5/18/2018,CL,07/16/2018,Major Household Appliance Manufacturing,Jefferson,South Central
M.G. Design Associates Corporation,Pleasant Prairie,46,5/15/2018,CL,05/09/2018,Marketing Consulting Services,Kenosha,Southeast
Degen-Berglund Inc,La Crosse,30,5/9/2018,WR,07/08/2018,Home Health Equipment Rental,La Crosse,Western
Concentrix,Milwaukee,77,5/8/2018,WR,07/06/2018,Marketing Consulting Services,Milwaukee,Milwaukee
American Girl,Wilmot,185,4/19/2018,CL,06/22/2018,Doll and Stuffed Toy Mfg,Kenosha,Southeast
First Citizens Bank,Brown Deer and Glendale,100,4/9/2018,WR,06/08/2018,Commercial Banking,Milwaukee,Milwaukee
First Citizens Bank - Revision 1,Brown Deer and Glendale,100,5/2/2018,AW,06/08/2018,Commercial Banking,Milwaukee,Milwaukee
First Citizens Bank - Revision 2,Brown Deer and Glendale,111,6/8/2018,AW,06/08/2018,Commercial Banking,Milwaukee,Milwaukee
"Bon Ton Stores (Younkers, Boston Store, BonTon)","Brookfield, Eau Claire, Glendale, Greendale, Janesville, Madison, Marshfield, Milwaukee, Racine, Wauwatosa",2255,4/6/2018,CL,06/05/2018,Department Stores Managing Offices,"Brown, Dane, Eau Claire, Milwaukee, Racine, Rock, Waukesha, Wood","Bay Area, Milwaukee, North Central, South Central, Southeast, Southwest, West Central, WOW"
Sitel Group,Unknown,1,4/2/2018,WR,03/30/2018,All Other Business Support Services,Unknown,Unknown
JC Penny,Wauwatosa,520,3/28/2018,CL,06/02/2018,Electronic Shopping and Mail-Order Houses,Milwaukee,Milwaukee
"Hubbell Lighting, Inc.",Hudson,54,3/26/2018,CL,05/25/2018,Elect Equip & Wiring Merch Whls,St. Croix,West Central
Syverson Lutheran Home,Eau Claire,80,3/26/2018,CL,03/26/2018,Nursing Care Facilities (Skilled Nursing),Eau Claire,West Central
"Toys ""R"" Us, Inc.","Appleton,
Brookfield,
Green Bay,
Madison,
Onalaska,
Milwaukee,
Racine, and 
Janesville",326,3/15/2018,CL,"05/14/2018
Dane,
La Crosse,
Milwaukee,
Outagamie,
Racine,
Rock, and 
WaukeshaBay Area,
Milwaukee,
South Central,
Southeast,
Southwest,
Western, and 
WOW",Hobby Toy & Game Stores,"Brown,
Dane,
La Crosse,
Milwaukee,
Outagamie,
Racine,
Rock, and 
Waukesha","Bay Area,
Milwaukee,
South Central,
Southeast,
Southwest,
Western, and 
WOW"
"Toys ""R"" Us, Inc. - Revision 1","Appleton,
Brookfield,
Green Bay,
Madison,
Onalaska,
Milwaukee,
Racine, and 
Janesville",326,5/30/2018,LS,06/16/2018,Hobby Toy & Game Stores,"Brown,
Dane,
La Crosse,
Milwaukee,
Outagamie,
Racine,
Rock, and 
Waukesha","Bay Area,
Milwaukee,
South Central,
Southeast,
Southwest,
Western, and 
WOW"
"ALKAR-RapidPak, Inc.",Lodi,30,3/8/2018,WR,03/08/2018,Food Product Machinery Mfg,Columbia,South Central
Foremost Farms USA,Rothschild,110,3/5/2018,CL,05/07/2018,Dry Condensed & Evaporated Dairy Products,Marathon,North Central
Care and Rehab - Dallas,Dallas,49,3/5/2018,CL,05/01/2018,Nursing Care Facilities (Skilled Nursing),Barron,West Central
"Cordstrap USA, Inc.",Sturtevant,36,2/26/2018,WR,05/01/2018,Rope Cordage & Twine Mills,Racine,Southeast
"Uniek, Inc.",Waunakee,58,2/23/2018,WR,04/30/2018,All Other Plastics Product Mfg,Dane,South Central
Gannett Publishing Services,Appleton,137,2/13/2018,CL,05/01/2018,Commercial Gravure Printing,Outagamie,Bay Area
Gannett Publishing Services - Revision 1,Appleton,137,3/23/2018,LS,05/01/2018,Commercial Gravure Printing,Outagamie,Bay Area
Gannett Publishing Services - Revision 2,Appleton,137,5/18/2018,LS,05/01/2018,Commercial Gravure Printing,Outagamie,Bay Area
Gannett Publishing Services - Revision 3,Appleton,137,6/8/2018,LS,05/01/2018,Commercial Gravure Printing,Outagamie,Bay Area
"Mike Flint Enterprises, Inc. (dba Interim Healthcare of Wisconsin; dba Mallatt's Homecare Pharmacy)",Madison and Menomonee Falls,168,2/7/2018,CL,04/01/2018,"Temporary Help Services, Other Direct Selling Estab",Dane and Waukesha,South Central and WOW
Interim Healthcare of Wisconsin - Revision 1,Madison,98,5/29/2018,LS,08/01/2018,Temporary Help Services,Dane,South Central
Compass Group,Hudson,3,2/1/2018,CL,04/01/2018,Janitorial Services,St. Croix,West Central
Younkers,Appleton,75,1/31/2018,CL,04/01/2018,Department Stores exc Discount,Outagamie,Bay Area
Younkers,Wausau,63,1/31/2018,CL,04/01/2018,Department Stores exc Discount,Marathon,North Central
"Saputo Cheese USA, Inc.",Fond du Lac,120,1/30/2018,CL,03/31/2018,Cheese Mfg,Fond du Lac,Fox Valley
"Saputo Cheese USA, Inc. - Revision 1",Fond du Lac,120,3/30/2018,LS,03/31/2018,Cheese Mfg,Fond du Lac,Fox Valley
ACCO Brands,Pleasant Prairie,26,1/22/2018,CL,03/23/2018,Stationery Product Mfg,Kenosha,Southeast
Sam's Club,Madison,129,1/16/2018,CL,03/16/2018,Warehouse Clubs and Supercenters,Dane,South Central
"Lake Country Foods, Inc.",Oconomowoc,91,1/12/2018,CL,03/16/2018,Dry Condensed & Evaporated Dairy Products,Waukesha,Waukesha-Ozaukee-Washington
Sam's Club,West Allis,165,1/11/2018,CL,03/16/2018,Warehouse Clubs and Supercenters,Milwaukee,Milwaukee
Sears Holdings,Brookfield,59,1/10/2018,WR,03/18/2018,Department Stores,Waukesha,Waukesha-Ozaukee-Washington
Sears Holdings,Green Bay,43,1/10/2018,WR,04/08/2018,Department Stores,Brown,Bay Area
Regal Beloit America Inc.,Clinton,59,12/2/2019,CL,01/31/2020,Speed Changer Drive & Gear Mfg,Rock,Southwest
Regal Beloit America Inc. - Revision 1,Clinton,57,01/11/2020,AW,01/31/2020,Speed Changer Drive & Gear Mfg,Rock,Southwest
Regal Beloit America Inc. - Revision 2,Clinton,56,03/13/2020,"AW, LS",01/31/2020,Speed Changer Drive & Gear Mfg,Rock,Southwest
Regal Beloit America Inc. - Revision 3,Clinton,56,05/13/2020,LS,01/31/2020,Speed Changer Drive & Gear Mfg,Rock,Southwest
"Alorica, Inc.",Green Bay,157,12/13/2019,CL,02/28/2020,Telemarketing & Other Contact Centers,Brown,Bay Area
Chancery Pub and Restaurant,Kenosha,77,11/4/2019,CL,12/31/2019,Full Service Restaurant,Kenosha,Southeast
CFS Brands,Sparta,83,11/12/2019,CL,01/31/2020,Broom Brush & Mop Mfg,Monroe,Western
Cerner Corporation,Beloit,1,11/13/2019,WR,01/14/2020,Computer & Software Merch Whls,Rock,Southwest
Kohler Co.,Kohler,90,11/15/2019,WR,01/12/2020,Misc Fabricated Metal Product Mfg,Sheboygan,Bay Area
Kohler Co. - Revision 1,Kohler,75,04/23/2020,"AW, LS",05/03/2020,Misc Fabricated Metal Product Mfg,Sheboygan,Bay Area
"Transform KM, LLC",Kenosha,70,11/19/2019,CL,02/16/2020,Department Stores,Kenosha,Southeast
JB Milwaukee Healthcare,Milwaukee,120,11/21/2019,CL,01/20/2020,Nursing Care Facilities (Skilled Nursing),Milwaukee,Milwaukee
Dycora Transitional Health - Colonial Manor,Glendale,66,11/22/2019,CL,01/17/2019,Nursing Care Facilities (Skilled Nursing),Milwaukee,Milwaukee
"Olameter DPG, LLC",Oak Creek,70,11/27/2019,CL,12/31/2019,All Other Support Services,Milwaukee,Milwaukee
"TGI Friday's Inc./Milwaukee Front Row Joint Venture, LLC.",Milwaukee,86,10/9/2019,CL,12/06/2019,Snack & Nonalcoholic Beverage Bars,Milwaukee,Milwaukee
Multi-Color Corporation,Green Bay,39,10/17/2019,CL,12/16/2019,Printing & Writing Paper Merch Whls,Brown,Bay Area
Silgan Containers,Menomonee Falls,22,10/21/2019,WR,11/18/2019,Metal Can Mfg,Waukesha,WOW
Gardner Pet Group,West Bend,36,10/24/2019,CL,01/17/2020,Other Animal Food Mfg,Washington,WOW
"INNIO Waukesha Gas Engines, Inc.",Waukesha,75,10/28/2019,WR,12/31/2019,Other Engine Equip Mfg,Waukesha,WOW
Georgia-Pacific Consumer Operations LLC,Greeny Bay,55,10/29/2019,CL,12/16/2019,Managing Officers,Brown,Bay Area
Richter Foods-Burlington Inc.,Burlington,70,9/3/2019,CL,09/15/2019,Supermarkets & Other Grocery Stores,Racine,Southeast
Nestle USA Inc.,Medford,32,9/6/2019,WR,11/01/2019,Frozen Specialty Food Mfg,Taylor,Northwest
Nestle USA Inc.,Appleton,32,9/6/2019,WR,11/01/2019,General Warehousing & Storage,Outagamie,Bay Area
Nestle USA Inc.,Delavan,31,9/6/2019,CL,11/01/2019,General Warehousing & Storage,Walworth,Southeast
Nestle USA Inc.,Sussex,31,9/6/2019,CL,11/01/2019,Frozen Specialty Food Mfg,Waukesha,WOW
Transform KM LLC,Racine,47,9/9/2019,CL,12/15/2019,Department Stores,Racine,Southeast
Schneider National Carriers Inc.,Green Bay,85,8/2/2019,WR,09/30/2019,General Freight Trucking Long Distance TL,Brown,Bay Area
Forrer Business Interiors,Milwaukee,58,8/2/2019,CL,08/02/2019,Furn Merch Whls,Milwaukee,Milwaukee
Forrer Business Interiors - Revision 1,Milwaukee,58,8/9/2019,LS,08/02/2019,Furn Merch Whls,Milwaukee,Milwaukee
Hi-Crush Services LLC,Whitehall,40,8/12/2019,WR,08/30/2019,Description: Ind. Sand Mining,Trempealeau,Western
C&D Technologies,Milwaukee,158,8/15/2019,CL,10/05/2019,Storage Battery Mfg,Milwaukee,Milwaukee
Transform KM LLC,Waupaca,41,8/23/2019,CL,11/17/2019,Department Stores,Waupaca,Fox Valley
Silgan Containers Manufacturing Corporation,Waupun,70,7/1/2019,CL,11/08/2019,Metal Can Manufacturing,Dodge,South Central
Silgan Containers Manufacturing Corporation - Revision 1,Waupun,70,11/4/2019,LS,11/15/2019,Metal Can Manufacturing,Dodge,South Central
Arvato Digital Services,Pleasant Prairie,95,7/3/2019,WR,09/01/2019,General Warehousing & Storage,Kenosha,Southeast
Tramontina US Cookware,Manitowoc,145,7/9/2019,CL,09/08/2019,Mtl Kichn Cookware Utensil Exc Precious Mfg,Manitowoc,Bay Area
US Bank,Eau Claire,43,7/10/2019,WR,10/01/2019,Commercial Banking,Eau Claire,West Central
"Bonton Department Store [aka Saks 5th Avenue, aka Saks 5th Avenue OFF 5TH]",Wauwatosa,39,7/12/2019,CL,09/30/2019,Department Stores,Milwaukee,Milwaukee
Community Development Institution - Head Start,Milwaukee,74,7/23/2019,CL,08/31/2019,Other Individual & Family Services,Milwaukee,Milwaukee
Flambeau River Papers,Park Falls,65,7/25/2019,WR,UnknownPaper exc Newsprint MillsPriceNorthwest,Paper exc Newsprint Mills,Price,Northwest
Flambeau River Papers - Revision 1,Park Falls,108,9/16/2019,"AW, LS",09/24/2019,Paper exc Newsprint Mills,Price,Northwest
ResCare Workforce Services,Milwaukee,99,7/29/2019,WR,09/30/2019,Vocational rehabilitation services,Milwaukee,Milwaukee
Beauty Systems Group,Marinette,84,6/3/2019,CL,07/29/2019,Service Estab Equip Merch Whls,Marinette,Bay Area
Intel Corporation,Eau Claire,62,6/14/2019,CL,08/15/2019,Computer & Software Merch Whls,Eau Claire,West Central
Lee Enterprises,La Crosse,20,6/17/2019,WR,08/10/2019,Newspaper Publishers,La Crosse,Western
Piggly Wiggly,Kenosha,59,6/24/2019,CL,08/24/2019,Supermarkets & Other Grocery Stores,Kenosha,Southeast
Alliance Industries,Marinette,22,6/25/2019,CL,09/01/2019,Ind Pattern Mfg,Marinette,Bay Area
Mayo Clinic Health System - Franciscan,La Crosse,Unknown,5/8/2019,WR,07/01/2019,Offices of Physicians exc Mental Health,La Crosse,Western
Covia Corporation,Maiden Rock,52,5/9/2019,WR,05/08/2019,Ind Sand Mining,Pierce,West Central
The Journal Times,Racine,39,5/13/2019,WR,07/14/2019,Newspaper Publishers,Racine,Southeast
Merit Gear,Antigo,80,5/20/2019,CL,01/01/2020,Speed Changer Drive & Gear Mfg,Langlade,North Central
BMO Harris,Brown Deer,51,5/30/2019,WR,05/30/2019,Commercial Banking,Milwaukee,Milwaukee
F+W Media Inc.,Stevens Point,66,4/1/2019,CL,05/31/2019,Periodical Publishers,Portage,North Central
Iron Mountain Trap Rock Co.,Bloomer,32,4/1/2019,CL,10/26/2018,Crushed & Broken Limestone Mining,Chippewa,West Central
Shopko,"Manitowoc,
Plover",99,4/8/2019,CL,04/14/2019,Department Stores,"Manitowoc, Portage","Bay Area, North Central"
Inmar,Milwaukee,265,4/11/2019,CL,06/15/2019,Pharmaceutical Preparation Mfg,Milwaukee,Milwaukee
Sodexo Services,Oshkosh,87,4/15/2019,CL,07/10/2019,Facilities Support Services,Winnebago,Fox Valley
Silver Star Brands,Oshkosh,62,4/22/2019,WR,06/24/2019,Electronic Shopping and Mail-Order Houses,Winnebago,Fox Valley
Durham School Services,Racine,211,4/23/2019,CL,07/31/2019,School & Employee Bus Trans,Racine,Southeast
Backyard Products,Janesville,23,4/23/2019,CL,08/01/2019,Misc Wood Product Mfg,Rock,Southwest
Saputo Cheese USA,Dresser,49,4/25/2019,CL,05/31/2019,Cheese Mfg,Polk,West Central
"LifeCare Management Services, LLC",Pewaukee,171,4/25/2019,CL,06/23/2019,Managing Offices,Waukesha,WOW
Post Acute Medical Specialty Hospital of Milwaukee,Milwaukee,172,3/7/2019,CL,05/30/2019,Other hospitals,Milwaukee,Milwaukee
Heidel House Resort & Spa,Green Lake,111,3/11/2019,CL,05/20/2019,Hotels & Motels exc. Casino Hotels,Green Lake,Fox Valley
Motor Castings Company,Milwaukee,113,3/20/2019,CL,05/20/2019,Iron Foundries,Milwaukee,Milwaukee
CasTech,West Allis,4,3/20/2019,CL,05/20/2019,Misc Fabricated Metal Product Mfg,Milwaukee,Milwaukee
Radial,Eau Claire,142,3/26/2019,cl,05/28/2019,Telemarketing & Other Contact Centers,Eau Claire,West Central
Dentsply Sirona,Racine,49,3/27/2019,CL,07/01/2019,Whls Trade Agents & Brokers,Racine,Southeast
"D.E.N. Services, Inc.",Clintonville,101,3/27/2019,CL,06/30/2019,Vocational Rehabilitation Services,Waupaca,Fox Valley
SHOPKO,"Abbotsford, Adams, Appleton, Arcadia, Ashwaubenon, Beaver Dam, Chippewa Falls, Clintonville, De Pere, Eagle River, Eau Claire, Fond du Lac, Fort Atkinson, Green Bay, Janesville, La Crosse, Lancaster, Marshfield, Mequon, Monroe, Neillsville, Oconto, Onalaska, Oshkosh, Park Falls, Reedsburg, Rice Lake, River Falls, Rothschild, Sister Bay, Spooner, Stanley, Suamico, Tomahawk, Waukesha, Wausau, Wautoma, Wisconsin Rapids",1715,3/28/2019,CL,06/16/2019,Department Stores,"Adams, Barron, Brown, Chippewa, Clark, Dodge, Door, Eau Claire, Fond du Lac, Grant, Green, Jefferson, La Crosse, Lincoln, Marathon, Oconto, Outagamie, Ozaukee, Price, Rock, Sauk, St. Croix, Trempealeau, Vilas, Washburn, Waukesha, Waupaca, Wausau, Waushara, Winnebago, Wood","Bay Area, Fox Valley, North Central, Northwest, South Central, Southwest, West Central, Western, WOW"
Zalk Josephs Fabricators LLC,Stoughton,Unknown,3/28/2019,WR,05/27/2019,Fabricated Structural Metal Mfg,Dane,South Central
"Spectrum Transportation Services, LLC",De Pere,9,3/28/2019,CL,05/20/2019,General Freight Trucking Long Distance,Brown,Bay Area
Spectrum America Supply Chain Solutions Inc.,De Pere,216,3/28/2019,CL,05/20/2019,General Warehousing & Storage,Brown,Bay Area
US Bank,Brookfield,40,2/5/2019,WR,04/05/2019,Commercial Banking,Waukesha,WOW
Covia Corp.,Tomah,29,2/11/2019,WR,02/07/2019,Ind Sand Mining,Monroe,Western
Armor Correctional Health Service Inc.,Milwaukee,100,2/11/2019,CL,03/31/2019,Facilities Support Services,Milwaukee,Milwaukee
ShopKo,"De Pere, Watertown, Beloit, Racine, Kimberly, Kenosha, Monona, Marinette, Sheboygan, Delavan, Rhinelander",578,2/13/2019,CL,05/06/2019,Department Stores,"Brown, Dodge, Jefferson, Rock, Racine, Outagamie, Kenosha, Dane, Marinette, Sheboygan, Walworth, Oneida","Bay Area, South Central, Southwest, Southeast, North Central"
Wellspring of Milwaukee,Milwaukee,160,2/13/2019,CL,04/12/2019,Nursing Care Facilities (Skilled Nursing),Milwaukee,Milwaukee
Shopko Store Support Center,Green Bay,140,2/18/2019,WR,04/08/2019,Managing Offices,Brown,Bay Area
ABQC Corporation,Milwaukee,35,2/18/2019,CL,03/31/2019,Electroplating Anodizing & Coloring Metal,Milwaukee,Milwaukee
"Figi's Companies, Inc.","Marshfield, Stevens Point, Neillsville",279,1/07/2019,CL,01/04/2019,Electronic Shopping and Mail-Order Houses,"Wood, Portage, Clark","North Central, West Central"
Petco - Drs. Foster & Smith,Rhinelander,289,1/10/2019,CL,03/10/2019,Electronic Shopping and Mail-Order Houses,Oneida,North Central
Kimberly-Clark Corp.,Neenah,74,1/10/2019,CL,03/15/2019,Nonwoven Fabric Mills,Winnebago,Fox Valley
Kimberly-Clark Corp. - Revision 1,Neenah,65,3/22/2019,"LS, AW",03/15/2019,Nonwoven Fabric Mills,Winnebago,Fox Valley
Compass Minerals America Inc.,Kenosha,38,1/14/2019,CL,02/01/2019,Other Chemicals Merch Whls,Kenosha,Southeast
"Becton, Dickinson and Company",Franklin,2,1/18/2019,CL,03/22/2019,Pharmaceutical Preparation Mfg,Milwaukee,Milwaukee
Shopko Stores,Madison,63,1/18/2019,CL,04/12/2019,Department Stores,Madison,South Central
Unison (formerly known as: Interfaith Older Adult Programs Inc.),"Milwaukee, Cudahy, Brown Deer",53,1/18/2019,CL,12/21/2018,Services for the Elderly & Disabled,Milwaukee,Milwaukee
Lacrosse Hardwood Flooring,Westby,65,1/22/2019,CL,03/18/2019,Misc Wood Product Mfg,Vernon,Western
Pepin Health and Rehab,Pepin,54,1/22/2019,CL,03/23/2019,Continuing Care Retirement Communities,Pepin,West Central
Alkar-Rapid Pak Inc,Lodi,30,1/28/2019,WR,01/22/2019,Food Product Machinery Mfg,Columbia,South Central
